onetsoc_code,2.C.1.a,2.C.1.b,2.C.1.c,2.C.1.d,2.C.1.e,2.C.1.f,2.C.10,2.C.2.a,2.C.2.b,2.C.3.a,2.C.3.b,2.C.3.c,2.C.3.d,2.C.3.e,2.C.4.a,2.C.4.b,2.C.4.c,2.C.4.d,2.C.4.e,2.C.4.f,2.C.4.g,2.C.5.a,2.C.5.b,2.C.6,2.C.7.a,2.C.7.b,2.C.7.c,2.C.7.d,2.C.7.e,2.C.8.a,2.C.8.b,2.C.9.a,2.C.9.b
11-1011.00,0.945,0.355,0.76,0.7025,0.8475,0.87,0.315,0.4275,0.035,0.705,0.5125,0.2275,0.2075,0.275,0.65,0.2525,0.1725,0.185,0.5225,0.47,0.4225,0.1275,0.2175,0.63,0.8525,0.315,0.175,0.29,0.3375,0.72,0.62,0.3975,0.505
11-1021.00,0.8125,0.5525,0.55,0.4975,0.7875,0.61,0.3025,0.6425,0.08,0.4175,0.475,0.33,0.3,0.4625,0.6325,0.245,0.2275,0.0525,0.3825,0.2325,0.115,0.05,0.15,0.4475,0.675,0.1,0.07,0.0875,0.0575,0.435,0.39,0.2125,0.3475
11-2011.00,0.78,0.5625,0.51,0.92,0.79,0.4,0.2375,0.395,0.01,0.5775,0.2275,0.4475,0.11,0.1025,0.54,0.085,0.055,0.0575,0.4675,0.375,0.2475,0.105,0.1875,0.485,0.8525,0.145,0.3375,0.1675,0.2225,0.3675,0.3075,0.35,0.8375
11-2021.00,0.76,0.5025,0.525,0.9625,0.7125,0.4275,0.17,0.365,0.03,0.6275,0.4425,0.5375,0.0475,0.0825,0.6275,0.045,0.0525,0.025,0.3625,0.2575,0.3,0.065,0.1575,0.5075,0.87,0.16,0.175,0.17,0.16,0.375,0.465,0.465,0.7
11-2022.00,0.7625,0.375,0.5,0.95,0.8375,0.5875,0.2375,0.275,0.0375,0.55,0.29,0.1625,0.0625,0.1125,0.4625,0.025,0.0375,0.0375,0.4375,0.2625,0.1875,0.025,0.1125,0.55,0.7775,0.15,0.0375,0.05,0.0625,0.225,0.3125,0.2625,0.5
11-2033.00,0.82,0.7875,0.615,0.7025,0.81,0.5675,0.085,0.215,0.025,0.3425,0.0575,0.1725,0.0375,0.0275,0.515,0.0275,0.0225,0.0225,0.3775,0.3525,0.0875,0.0225,0.0925,0.3725,0.78,0.185,0.245,0.26,0.27,0.1575,0.3325,0.1775,0.6075
11-3012.00,0.81,0.725,0.48,0.2375,0.86,0.5875,0.235,0.4725,0.0675,0.5875,0.265,0.275,0.3225,0.3325,0.565,0.15,0.13,0.0925,0.2675,0.19,0.1275,0.195,0.185,0.46,0.7575,0.0925,0.0325,0.105,0.1225,0.5725,0.47,0.4075,0.35
11-3013.00,0.8025,0.5775,0.475,0.305,0.8425,0.6025,0.4975,0.41,0.13,0.5625,0.5125,0.3475,0.58,0.59,0.5275,0.3675,0.4425,0.2775,0.5725,0.365,0.32,0.245,0.4175,0.5675,0.6925,0.185,0.065,0.11,0.17,0.6175,0.4375,0.4375,0.4075
11-3013.01,0.79,0.45,0.4075,0.2875,0.775,0.6875,0.375,0.3375,0.0875,0.6175,0.395,0.3875,0.42,0.3025,0.3625,0.225,0.1625,0.145,0.6125,0.3625,0.355,0.2125,0.3625,0.6625,0.83,0.25,0.0825,0.1625,0.2625,0.975,0.8025,0.6125,0.5375
11-3021.00,0.675,0.37,0.2875,0.23,0.7625,0.605,0.045,0.195,0,0.9425,0.625,0.4025,0.06,0.095,0.54,0.1525,0.0575,0.0025,0.305,0.225,0.31,0.005,0.11,0.5125,0.62,0.07,0.105,0.0075,0.0575,0.235,0.28,0.4075,0.29
11-3031.00,0.8325,0.675,0.7675,0.5875,0.915,0.625,0.0875,0.2225,0.02,0.5625,0.0725,0.0825,0.0725,0.09,0.6825,0,0,0,0.3125,0.16,0.14,0.0025,0.085,0.5725,0.58,0.1725,0.005,0.05,0.1475,0.2975,0.65,0.1825,0.435
11-3031.01,0.76,0.37,0.9,0.24,0.46,0.53,0.07,0.19,0.02,0.45,0.11,0.06,0.01,0.02,0.73,0.01,0,0,0.23,0.145,0.11,0.03,0.05,0.39,0.8,0.1,0.01,0.05,0.1,0.2,0.46,0.11,0.25
11-3031.03,0.5475,0.185,0.9175,0.5025,0.6675,0.345,0.155,0.1575,0.0075,0.525,0.13,0.045,0,0.0225,0.835,0.0675,0.025,0.045,0.3275,0.2225,0.2375,0.0875,0.0675,0.39,0.84,0.0575,0.0325,0.2725,0.0575,0.1025,0.535,0.2225,0.385
11-3051.00,0.7675,0.485,0.3775,0.28,0.6425,0.595,0.3725,0.8525,0.0825,0.49,0.5525,0.4025,0.23,0.5675,0.6,0.24,0.2675,0.1175,0.4375,0.2275,0.205,0.0975,0.18,0.6025,0.57,0.175,0,0.035,0.1425,0.475,0.3625,0.29,0.3275
11-3051.01,0.68,0.49,0.2375,0.1575,0.6925,0.55,0.275,0.78,0.31,0.58,0.63,0.3675,0.1975,0.315,0.6475,0.4475,0.7225,0.4675,0.3325,0.19,0.14,0.2325,0.24,0.7675,0.765,0.1025,0,0.0325,0.125,0.6175,0.4675,0.1425,0.305
11-3061.00,0.815,0.5975,0.685,0.4575,0.75,0.5925,0.3675,0.445,0.145,0.625,0.3425,0.2925,0.3825,0.2225,0.6175,0.105,0.1675,0.0925,0.25,0.195,0.2225,0.1325,0.0925,0.5,0.735,0.105,0.065,0.1175,0.1575,0.42,0.71,0.395,0.46
11-3071.00,0.785,0.5275,0.56,0.4475,0.745,0.6375,0.865,0.5475,0.2575,0.5475,0.365,0.2575,0.26,0.3325,0.6475,0.1475,0.21,0.1225,0.425,0.28,0.4825,0.1125,0.255,0.525,0.7,0.2175,0.0475,0.1375,0.18,0.6225,0.5275,0.4,0.3925
11-3071.04,0.8325,0.31,0.7025,0.5125,0.69,0.6675,0.87,0.6875,0.2975,0.535,0.3925,0.2975,0.1675,0.2975,0.62,0.1075,0.0825,0.06,0.38,0.1075,0.4275,0.035,0.1675,0.45,0.7625,0.3225,0.025,0.06,0.06,0.4525,0.475,0.3325,0.3575
11-3111.00,0.75,0.5125,0.595,0.2375,0.69,0.8375,0.0125,0.1,0,0.4525,0.06,0.1075,0.0125,0,0.5825,0,0,0.025,0.2375,0.25,0.025,0.0875,0.2,0.44,0.775,0.1075,0,0.0475,0.1425,0.2,0.5125,0.215,0.465
11-3121.00,0.795,0.4775,0.42,0.3525,0.7275,0.9775,0.13,0.2625,0.1125,0.5125,0.1025,0.16,0.0575,0.0575,0.5,0.0225,0.035,0.045,0.5675,0.4525,0.205,0.1675,0.4775,0.715,0.83,0.295,0.0675,0.1475,0.2725,0.545,0.6475,0.285,0.5
11-3131.00,0.7875,0.49,0.285,0.33,0.715,0.74,0.0275,0.24,0,0.5525,0.1075,0.3475,0.0175,0.0275,0.3025,0.01,0,0,0.565,0.305,0.045,0.0275,0.215,0.9825,0.84,0.0725,0.0725,0.0275,0.0975,0.125,0.215,0.205,0.575
11-9013.00,0.7825,0.4275,0.5725,0.5725,0.555,0.5975,0.4925,0.725,0.5925,0.39,0.475,0.4175,0.4475,0.5625,0.6575,0.2975,0.525,0.705,0.37,0.2075,0.3425,0.1575,0.145,0.555,0.5975,0.175,0.0275,0.115,0.1925,0.465,0.4675,0.2175,0.29
11-9021.00,0.8125,0.6125,0.6875,0.5125,0.725,0.675,0.3875,0.6975,0.1375,0.6,0.7375,0.675,0.925,0.7,0.75,0.475,0.3625,0.25,0.45,0.275,0.325,0.1875,0.25,0.6,0.675,0.3125,0.1375,0.175,0.1625,0.6875,0.5375,0.475,0.475
11-9031.00,0.7725,0.62,0.535,0.625,0.87,0.6325,0.345,0.425,0.465,0.5025,0.3375,0.2975,0.225,0.2025,0.5625,0.18,0.1775,0.2475,0.6375,0.44,0.3925,0.3725,0.3375,0.82,0.7225,0.265,0.295,0.2425,0.3,0.6375,0.3325,0.21,0.4425
11-9032.00,0.8325,0.6425,0.29,0.335,0.62,0.6025,0.2,0.2825,0.1425,0.6,0.3675,0.1875,0.2675,0.1775,0.64,0.215,0.17,0.1575,0.56,0.4625,0.2425,0.2825,0.49,0.8975,0.755,0.4075,0.1425,0.2275,0.335,0.555,0.44,0.295,0.535
11-9033.00,0.79,0.5675,0.42,0.4625,0.765,0.5975,0.185,0.22,0.0475,0.555,0.2175,0.215,0.0525,0.045,0.52,0.105,0.045,0.125,0.515,0.3575,0.1575,0.1,0.4675,0.7825,0.8325,0.1525,0.145,0.1575,0.36,0.3675,0.4575,0.24,0.55
11-9041.00,0.7225,0.54,0.4625,0.455,0.705,0.4425,0.3825,0.5525,0.0075,0.595,0.8225,0.83,0.505,0.665,0.73,0.545,0.3475,0.145,0.215,0.165,0.3175,0.13,0.075,0.35,0.7175,0.17,0.2125,0.1425,0.1525,0.515,0.485,0.3475,0.34
11-9051.00,0.7675,0.57,0.51,0.61,0.8825,0.6225,0.31,0.5525,0.7375,0.465,0.1175,0.2375,0.1225,0.2725,0.5975,0.0475,0.135,0.0975,0.2775,0.23,0.0825,0.1175,0.1675,0.5375,0.6325,0.17,0.03,0.0225,0.0975,0.46,0.28,0.225,0.3075
11-9071.00,0.7875,0.69,0.6275,0.495,0.8225,0.7525,0.1725,0.28,0.1425,0.6325,0.295,0.15,0.1175,0.2875,0.7875,0.09,0.11,0.0375,0.5,0.215,0.11,0.09,0.225,0.61,0.79,0.21,0.04,0.05,0.14,0.59,0.5025,0.215,0.4275
11-9072.00,0.6675,0.5875,0.4225,0.515,0.8875,0.6075,0.23,0.4725,0.2575,0.64,0.32,0.4225,0.2475,0.3125,0.555,0.3275,0.3825,0.3325,0.535,0.545,0.4375,0.2,0.28,0.825,0.7175,0.3025,0.3125,0.4075,0.2275,0.6125,0.3525,0.335,0.525
11-9081.00,0.925,0.78,0.7475,0.8125,0.8875,0.91,0.415,0.3675,0.3975,0.775,0.3475,0.21,0.0925,0.3375,0.8325,0.0675,0.2475,0.1375,0.5875,0.4725,0.3425,0.1675,0.3575,0.67,0.93,0.3625,0.0925,0.13,0.2875,0.74,0.465,0.485,0.6575
11-9111.00,0.92,0.67,0.575,0.365,0.805,0.7775,0.17,0.3975,0.065,0.6975,0.34,0.25,0.1525,0.135,0.5975,0.115,0.1875,0.38,0.5525,0.3575,0.16,0.6025,0.3475,0.7325,0.8425,0.125,0.0725,0.0975,0.2225,0.545,0.58,0.34,0.3925
11-9121.00,0.705,0.6425,0.295,0.2525,0.535,0.565,0.155,0.47,0.115,0.665,0.4325,0.255,0.12,0.315,0.62,0.29,0.625,0.7575,0.18,0.12,0.2275,0.1925,0.045,0.4675,0.7475,0.06,0.0575,0.0975,0.055,0.3225,0.24,0.2075,0.37
11-9121.01,0.4925,0.6825,0.1575,0.255,0.8175,0.395,0.25,0.1925,0.0175,0.4775,0.2025,0.125,0,0.105,0.4675,0.1725,0.3775,0.49,0.395,0.33,0.145,0.56,0.265,0.4225,0.6925,0.0825,0.0525,0.0925,0.285,0.415,0.36,0.2175,0.29
11-9131.00,0.855,0.645,0.5,0.43,0.74,0.6475,0.635,0.7575,0.015,0.6425,0.3175,0.1975,0.1625,0.39,0.6475,0.0975,0.105,0.0625,0.5175,0.225,0.3,0.1225,0.245,0.67,0.77,0.11,0.025,0.1175,0.1475,0.8,0.5625,0.335,0.445
11-9141.00,0.85,0.5125,0.7625,0.55,0.9075,0.6375,0.1875,0.21,0.0125,0.625,0.325,0.1625,0.5125,0.395,0.65,0.15,0.1875,0.1,0.475,0.185,0.2375,0.0625,0.1,0.525,0.7625,0.1625,0.0375,0.0625,0.1375,0.675,0.7125,0.46,0.4625
11-9151.00,0.8425,0.615,0.45,0.3275,0.9025,0.6825,0.245,0.2725,0.065,0.5725,0.1275,0.14,0.1675,0.1425,0.5825,0.105,0.1375,0.1125,0.765,0.605,0.23,0.2375,0.675,0.73,0.8225,0.2175,0.15,0.1075,0.34,0.6175,0.54,0.3775,0.495
11-9161.00,0.81,0.535,0.475,0.3975,0.7275,0.625,0.58,0.3225,0.1925,0.625,0.3975,0.275,0.41,0.3175,0.42,0.295,0.3175,0.2625,0.475,0.455,0.5675,0.2625,0.345,0.715,0.7375,0.3175,0.06,0.2625,0.225,0.9275,0.795,0.7275,0.7625
11-9171.00,0.845,0.7625,0.685,0.6475,0.9175,0.6375,0.395,0.3,0,0.6,0.1175,0.1575,0.06,0.305,0.53,0.1425,0.4425,0.5425,0.645,0.48,0.2,0.3225,0.4325,0.5425,0.8175,0.155,0.0425,0.0575,0.385,0.42,0.515,0.34,0.5
11-9179.01,0.75,0.595,0.4125,0.5875,0.8175,0.5775,0.145,0.25,0.0875,0.49,0.2025,0.385,0.2,0.22,0.4375,0.1625,0.155,0.3075,0.54,0.405,0.115,0.345,0.4325,0.7875,0.63,0.18,0.135,0.0675,0.22,0.49,0.24,0.31,0.51
11-9179.02,0.795,0.845,0.555,0.6075,0.8225,0.64,0.09,0.2075,0.02,0.3925,0.0925,0.115,0.0025,0.1675,0.595,0.01,0.17,0.1425,0.46,0.17,0.1125,0.3,0.3875,0.6675,0.73,0.0875,0,0,0.07,0.2125,0.1825,0.345,0.45
11-9199.01,0.675,0.51,0.205,0.26,0.315,0.37,0.1075,0.4125,0.0975,0.4775,0.3875,0.3875,0.1425,0.24,0.435,0.2725,0.51,0.5975,0.2275,0.175,0.13,0.4425,0.12,0.5225,0.8925,0.24,0.0225,0.0425,0.065,0.315,0.74,0.195,0.2725
11-9199.08,0.7025,0.5225,0.4325,0.25,0.6375,0.6075,0.3525,0.285,0.1925,0.6125,0.33,0.3175,0.3875,0.3075,0.5575,0.19,0.1125,0.08,0.625,0.41,0.25,0.1475,0.295,0.6825,0.6925,0.19,0.0225,0.08,0.1125,0.785,0.7275,0.3875,0.4775
13-1011.00,0.71,0.6025,0.475,0.7575,0.8425,0.5225,0.135,0.185,0.0025,0.38,0.0225,0.0825,0.015,0.015,0.3825,0,0,0,0.3375,0.225,0.2525,0,0.095,0.3275,0.7275,0.1525,0.685,0.1225,0.0575,0.105,0.305,0.3475,0.6725
13-1021.00,0.6375,0.4225,0.72,0.6725,0.73,0.3325,0.725,0.555,0.61,0.65,0.2925,0.2775,0.2425,0.2975,0.745,0.1375,0.1375,0.2525,0.3025,0.1825,0.435,0.095,0.11,0.445,0.72,0.105,0.045,0.175,0.045,0.52,0.535,0.4,0.3425
13-1022.00,0.6025,0.405,0.55,0.705,0.6825,0.2375,0.2375,0.365,0.065,0.6,0.22,0.1425,0.1575,0.29,0.6425,0.1725,0.1825,0.025,0.155,0.0825,0.1625,0.0075,0.0275,0.265,0.6525,0.215,0.005,0.035,0.09,0.145,0.2625,0.245,0.4325
13-1023.00,0.7625,0.6575,0.565,0.3425,0.805,0.46,0.375,0.3675,0.2225,0.58,0.29,0.2925,0.315,0.2775,0.5925,0.1975,0.145,0.1325,0.33,0.17,0.25,0.125,0.145,0.4575,0.89,0.14,0.065,0.0925,0.0925,0.435,0.815,0.355,0.4175
13-1031.00,0.52,0.705,0.51,0.27,0.925,0.3575,0.2575,0.265,0.0075,0.6075,0.19,0.1,0.2775,0.2225,0.665,0.14,0.135,0.2175,0.47,0.2275,0.2125,0.43,0.395,0.4775,0.855,0.2075,0.035,0.075,0.135,0.3225,0.5775,0.3325,0.4275
13-1032.00,0.3375,0.5375,0.3025,0.205,0.8075,0.21,0.3675,0.3125,0.0025,0.59,0.215,0.215,0.0425,0.5575,0.435,0.1875,0.08,0,0.1475,0.0025,0.1075,0.01,0.0025,0.4875,0.7025,0.245,0,0.0025,0,0.2,0.44,0.3,0.3175
13-1041.00,0.5375,0.53,0.175,0.0325,0.735,0.1425,0.285,0.1625,0,0.555,0.0775,0.0425,0.09,0.16,0.38,0.1075,0.125,0.125,0.395,0.2825,0.1475,0.25,0.2975,0.4975,0.745,0.255,0.0425,0.095,0.235,0.59,0.775,0.4075,0.33
13-1041.04,0.4825,0.665,0.38,0.24,0.8325,0.4575,0.36,0.25,0.0875,0.6225,0.625,0.6025,0.7475,0.5225,0.525,0.3775,0.46,0.385,0.4025,0.29,0.4225,0.1075,0.09,0.5575,0.855,0.3975,0.0675,0.13,0.14,0.8125,0.6975,0.2275,0.3775
13-1041.06,0.725,0.7,0.54,0.175,0.855,0.58,0.5925,0.325,0.0375,0.6375,0.315,0.275,0.1875,0.25,0.4125,0.4025,0.475,0.725,0.6125,0.6375,0.3675,0.8875,0.6125,0.7125,0.9,0.25,0.0875,0.2225,0.29,0.6875,0.7875,0.4875,0.575
13-1041.07,0.5925,0.5425,0.1175,0.21,0.3625,0.21,0.075,0.4,0.0625,0.6,0.395,0.25,0.025,0.1125,0.3875,0.1625,0.4475,0.6125,0.1675,0.1125,0.1875,0.4475,0.05,0.4,0.875,0.25,0,0.0375,0.0375,0.25,0.775,0.2625,0.4125
13-1041.08,0.6,0.7625,0.5375,0.4,0.7375,0.375,0.79,0.3,0.075,0.6125,0.15,0.125,0.0625,0.075,0.58,0.0375,0.05,0.0375,0.2125,0.125,0.5875,0.05,0.0625,0.4,0.775,0.35,0.0625,0.1,0.1,0.4375,0.75,0.4,0.4375
13-1051.00,0.545,0.44,0.7375,0.3625,0.5,0.2975,0.285,0.455,0.0575,0.625,0.6025,0.535,0.58,0.4775,0.8525,0.4275,0.1825,0.16,0.1925,0.1375,0.215,0.035,0.045,0.3175,0.545,0.1025,0.0125,0.0675,0.0825,0.25,0.3875,0.25,0.1925
13-1071.00,0.7075,0.735,0.2025,0.155,0.6225,0.905,0.0875,0.0975,0.02,0.4175,0.0575,0.055,0.025,0.02,0.3325,0.01,0.0225,0.0125,0.2975,0.16,0.0625,0.0325,0.17,0.5175,0.7025,0.0875,0.005,0.0175,0.1325,0.2975,0.575,0.245,0.385
13-1074.00,0.4575,0.3725,0.4325,0.095,0.495,0.6075,0.34,0.5625,0.62,0.3825,0.1175,0.0575,0.055,0.42,0.62,0.0525,0.1225,0.1625,0.2225,0.1475,0.2125,0.3175,0.2225,0.4075,0.445,0.6325,0.0525,0.0525,0.0525,0.44,0.5425,0.365,0.3275
13-1075.00,0.535,0.38,0.38,0.13,0.425,0.7625,0.2,0.215,0.0475,0.4175,0.095,0.095,0.1425,0.1125,0.4075,0.0375,0.0625,0.0275,0.3375,0.3625,0.125,0.0875,0.2375,0.4625,0.67,0.19,0.06,0.2,0.2025,0.395,0.6525,0.225,0.35
13-1081.00,0.74,0.4575,0.5825,0.5725,0.73,0.5425,0.9375,0.5425,0.095,0.655,0.345,0.27,0.135,0.24,0.6775,0.145,0.1525,0.095,0.345,0.22,0.5825,0.0425,0.155,0.5425,0.75,0.23,0.0425,0.105,0.135,0.5825,0.52,0.3125,0.375
13-1081.01,0.6075,0.42,0.6125,0.3375,0.555,0.4125,0.74,0.7275,0.195,0.7175,0.81,0.5975,0.31,0.37,0.75,0.2925,0.2275,0.12,0.37,0.1625,0.38,0.0675,0.075,0.565,0.685,0.2075,0.0325,0.065,0.0325,0.425,0.38,0.41,0.3075
13-1081.02,0.625,0.5125,0.375,0.1925,0.6125,0.295,0.705,0.5125,0.1025,0.715,0.3525,0.215,0.1125,0.2375,0.655,0.1825,0.1125,0.08,0.205,0.1475,0.5125,0.0575,0.1025,0.535,0.795,0.2375,0.0225,0.1025,0.1125,0.4425,0.5,0.4425,0.4425
13-1111.00,0.845,0.4525,0.62,0.575,0.75,0.5825,0.31,0.475,0.1,0.625,0.275,0.3625,0.1775,0.15,0.655,0.1075,0.12,0.095,0.525,0.5,0.35,0.095,0.285,0.65,0.9275,0.25,0.095,0.2375,0.25,0.4125,0.5825,0.345,0.5125
13-1121.00,0.6075,0.625,0.4275,0.475,0.8325,0.3275,0.455,0.1425,0.2625,0.565,0.23,0.32,0.175,0.15,0.4425,0.155,0.16,0.12,0.445,0.265,0.25,0.185,0.14,0.38,0.8075,0.2125,0.2875,0.1925,0.3575,0.5375,0.4975,0.4525,0.675
13-1131.00,0.6675,0.5,0.5925,0.7225,0.895,0.4,0.1625,0.1375,0.025,0.5625,0.1,0.2125,0.0875,0.0375,0.45,0,0.0125,0.025,0.4375,0.275,0.15,0.0375,0.1,0.39,0.825,0.125,0.175,0.1375,0.2,0.1625,0.3625,0.2125,0.6
13-1141.00,0.6425,0.5475,0.5625,0.2375,0.7025,0.81,0.155,0.2025,0.035,0.5125,0.12,0.1675,0.095,0.0825,0.6875,0.055,0.12,0.12,0.31,0.25,0.2025,0.2025,0.225,0.4625,0.7375,0.13,0.0475,0.0725,0.06,0.3,0.5,0.225,0.4875
13-1151.00,0.6125,0.4675,0.2625,0.4025,0.74,0.6375,0.1125,0.2825,0.055,0.49,0.2075,0.315,0.075,0.12,0.325,0.065,0.0875,0.075,0.5875,0.4675,0.1625,0.1075,0.205,0.9325,0.7075,0.1525,0.13,0.185,0.315,0.325,0.2925,0.2175,0.565
13-1161.00,0.685,0.5975,0.5225,0.7725,0.7925,0.4025,0.13,0.2825,0.0225,0.56,0.2275,0.2175,0.01,0.0225,0.76,0.055,0.0225,0.0425,0.5425,0.555,0.3975,0.055,0.0325,0.435,0.825,0.1375,0.0675,0.1825,0.25,0.1525,0.4125,0.2725,0.625
13-1161.01,0.4675,0.49,0.2375,0.9025,0.51,0.2175,0.055,0.175,0.01,0.825,0.2725,0.325,0,0.0225,0.63,0.01,0,0,0.4775,0.3475,0.305,0,0.01,0.38,0.8175,0.12,0.1075,0.065,0.12,0.1525,0.26,0.25,0.7175
13-1199.04,0.62,0.5,0.2625,0.285,0.6025,0.4875,0.3075,0.3975,0.0475,0.59,0.34,0.25,0.1825,0.09,0.3175,0.035,0.0575,0.0475,0.295,0.1425,0.295,0.0725,0.0575,0.5675,0.7725,0.1475,0.0225,0.1125,0.045,0.67,0.4325,0.465,0.525
13-1199.06,0.6475,0.5875,0.54,0.75,0.73,0.4525,0.195,0.5225,0,0.6425,0.285,0.41,0.19,0.2475,0.545,0.185,0.0475,0.0275,0.2275,0.125,0.18,0.02,0.0475,0.3325,0.7975,0.185,0.195,0.0375,0.025,0.2225,0.1625,0.4,0.65
13-1199.07,0.7125,0.4,0.3875,0.395,0.7375,0.6,0.3375,0.3025,0.05,0.725,0.525,0.5,0.4375,0.29,0.3375,0.225,0.1125,0.05,0.5125,0.325,0.275,0.05,0.1875,0.5375,0.79,0.1625,0,0.125,0.1,0.9125,0.7,0.4875,0.4875
13-2011.00,0.6325,0.5175,0.9125,0.245,0.6275,0.405,0.135,0.16,0.0175,0.51,0.0475,0.0625,0.0375,0.04,0.73,0.01,0.02,0,0.1925,0.0625,0.07,0.0125,0.0325,0.38,0.74,0.0375,0.0125,0.0475,0.0425,0.0825,0.5825,0.215,0.3475
13-2022.00,0.5325,0.5425,0.49,0.435,0.675,0.2825,0.24,0.325,0.1375,0.5225,0.3075,0.295,0.1475,0.26,0.5975,0.0875,0.075,0.065,0.185,0.1625,0.215,0.0325,0.055,0.3375,0.785,0.13,0.38,0.3575,0.1425,0.125,0.455,0.1625,0.3575
13-2023.00,0.595,0.4775,0.615,0.3475,0.63,0.3325,0.2925,0.435,0.105,0.615,0.23,0.3325,0.6875,0.26,0.7075,0.105,0.095,0.095,0.135,0.115,0.5325,0.01,0.02,0.3475,0.76,0.115,0.02,0.1775,0.03,0.345,0.5725,0.27,0.3475
13-2031.00,0.685,0.595,0.855,0.0675,0.5625,0.31,0.065,0.245,0.005,0.59,0.0575,0.08,0.0125,0.01,0.7575,0.0275,0.0275,0.005,0.1275,0.145,0.0775,0.0075,0.0775,0.405,0.7325,0.0325,0.005,0.105,0.095,0.2975,0.48,0.09,0.2175
13-2041.00,0.45,0.5,0.875,0.2625,0.4625,0.15,0.0625,0.2875,0.0125,0.4625,0.075,0.075,0.2,0.0375,0.725,0.025,0.0125,0.0125,0.1125,0.1375,0.2,0.0625,0.025,0.275,0.725,0.05,0.0125,0.125,0.075,0.2,0.57,0.145,0.2625
13-2052.00,0.47,0.405,0.77,0.47,0.86,0.2925,0.01,0.145,0,0.4625,0.13,0.0375,0,0.01,0.6825,0,0,0,0.52,0.125,0.0775,0.01,0.35,0.365,0.73,0.02,0.03,0.0675,0.11,0.0575,0.4325,0.24,0.4
13-2053.00,0.3525,0.4825,0.4325,0.5425,0.725,0.2075,0.13,0.25,0.0325,0.4175,0.075,0.0425,0.1675,0.075,0.5675,0.05,0.0825,0.1425,0.3,0.1125,0.25,0.1925,0.085,0.225,0.75,0.075,0.0325,0.05,0.0425,0.2425,0.4225,0.2,0.2675
13-2061.00,0.5125,0.37,0.7725,0.075,0.3375,0.325,0.12,0.1075,0,0.4125,0.055,0.0425,0.0225,0.0325,0.5325,0,0,0,0.185,0.075,0.075,0.01,0.0325,0.325,0.8375,0.0325,0.01,0.065,0.0425,0.13,0.5575,0.1425,0.2625
13-2071.00,0.48,0.62,0.57,0.47,0.91,0.2,0.11,0.2,0.0225,0.49,0.03,0.03,0,0.02,0.66,0.02,0,0,0.5,0.4,0.08,0.01,0.4275,0.61,0.77,0.23,0.02,0.09,0.19,0.17,0.37,0.34,0.49
13-2072.00,0.535,0.45,0.715,0.6175,0.925,0.37,0.135,0.305,0.1225,0.44,0.0725,0.0225,0.16,0.0375,0.6725,0.0125,0.0075,0.035,0.2825,0.1625,0.1475,0.0075,0.0925,0.4675,0.6925,0.16,0.0025,0.125,0.155,0.2675,0.57,0.17,0.3325
13-2081.00,0.605,0.715,0.6175,0.095,0.825,0.2325,0.1575,0.1575,0.0775,0.4,0.0575,0.0925,0.11,0.0575,0.72,0.0525,0.055,0.0525,0.37,0.235,0.1775,0.065,0.0825,0.3875,0.7725,0.145,0.0525,0.155,0.1225,0.355,0.6775,0.175,0.295
13-2082.00,0.37,0.56,0.725,0.215,0.675,0.285,0.0475,0.1425,0.0125,0.62,0.1125,0.025,0.0125,0.025,0.645,0.0125,0,0,0.2625,0.095,0.0825,0.0375,0.1075,0.405,0.69,0.12,0,0.0375,0.025,0.225,0.6425,0.3875,0.38
13-2099.01,0.275,0.125,0.8,0.2125,0.2625,0.25,0.04,0.175,0,0.675,0.425,0.275,0.025,0.0125,0.9075,0.075,0.0125,0.0125,0.2625,0.175,0.0875,0.0125,0.0125,0.2625,0.5125,0.025,0.0125,0.0625,0.0125,0.0125,0.225,0.0925,0.25
13-2099.04,0.65,0.49,0.76,0.37,0.63,0.48,0.32,0.38,0.12,0.66,0.31,0.27,0.23,0.17,0.64,0.12,0.15,0.16,0.46,0.31,0.38,0.21,0.25,0.63,0.84,0.33,0.12,0.16,0.16,0.53,0.76,0.4275,0.46
15-1211.00,0.55,0.3925,0.325,0.27,0.675,0.355,0.0775,0.1825,0,0.9075,0.425,0.28,0.0325,0.1425,0.5625,0.0725,0.0475,0.04,0.105,0.0825,0.135,0.045,0.055,0.4975,0.62,0.0025,0,0.05,0.065,0.31,0.3225,0.4925,0.34
15-1211.01,0.62,0.525,0.225,0.25,0.6375,0.375,0.025,0.275,0,0.8,0.525,0.5475,0.0475,0.125,0.56,0.0475,0.0475,0.4275,0.5375,0.5,0.0725,0.675,0.275,0.6675,0.7625,0.0825,0.06,0.06,0.2025,0.475,0.3375,0.425,0.4875
15-1212.00,0.67,0.4225,0.3225,0.1275,0.605,0.36,0.1525,0.3525,0.005,0.8375,0.66,0.35,0.085,0.17,0.4675,0.0925,0.0575,0.01,0.2725,0.1775,0.1475,0.015,0.025,0.5475,0.815,0.0775,0.005,0.0325,0.0475,0.5675,0.425,0.66,0.45
15-1221.00,0.575,0.3975,0.2925,0.4275,0.4275,0.365,0.07,0.3675,0.0125,0.8925,0.7375,0.5675,0.14,0.2675,0.765,0.46,0.2125,0.225,0.3475,0.2225,0.2125,0.095,0.0775,0.415,0.7225,0.07,0.08,0.1075,0.1025,0.3525,0.2525,0.5225,0.32
15-1231.00,0.53,0.4775,0.195,0.085,0.6125,0.24,0.04,0.4025,0,0.99,0.6,0.4075,0.1625,0.295,0.3625,0.0675,0.0425,0,0.2125,0.0575,0.0875,0.0025,0.0325,0.4875,0.5775,0.0675,0.0125,0.03,0.0125,0.3775,0.225,0.6975,0.4975
15-1232.00,0.65,0.6125,0.3725,0.2675,0.78,0.4075,0.065,0.4575,0.0025,0.9825,0.655,0.5225,0.345,0.665,0.2825,0.1675,0.08,0.0175,0.155,0.065,0.135,0.02,0.0525,0.68,0.6975,0.0675,0.0075,0.085,0.2,0.36,0.2575,0.7125,0.54
15-1241.00,0.4475,0.325,0.225,0.2,0.5375,0.275,0.175,0.3125,0,0.92,0.8125,0.55,0.1625,0.2375,0.5125,0.1575,0.1125,0.0375,0.15,0.175,0.2375,0.025,0.0525,0.575,0.7,0.0925,0.0125,0.0875,0.075,0.4875,0.425,0.8125,0.3875
15-1241.01,0.595,0.3675,0.38,0.475,0.63,0.275,0.0925,0.3225,0.025,0.7625,0.7625,0.535,0.4175,0.3675,0.65,0.25,0.095,0.025,0.31,0.1675,0.175,0.06,0.095,0.44,0.655,0.0725,0.0725,0.1075,0.0725,0.465,0.345,0.975,0.345
15-1242.00,0.525,0.335,0.425,0.1775,0.7325,0.375,0.2525,0.28,0.0075,0.9475,0.6275,0.45,0.075,0.1675,0.6375,0.145,0.0675,0.0375,0.215,0.0525,0.125,0.165,0.015,0.5225,0.74,0.0875,0.0075,0.0675,0.025,0.3875,0.36,0.635,0.3925
15-1243.00,0.465,0.2025,0.215,0.155,0.3325,0.19,0.06,0.25,0.0125,0.825,0.7375,0.6775,0.025,0.0475,0.6675,0.0625,0.0475,0.025,0.1675,0.0825,0.1625,0.035,0.0375,0.405,0.535,0.095,0.035,0.035,0.025,0.2375,0.31,0.2625,0.25
15-1243.01,0.4025,0.2275,0.305,0.185,0.3575,0.25,0.0425,0.2825,0,0.815,0.4675,0.51,0.0225,0.0125,0.5575,0.045,0,0,0.13,0.065,0.0875,0.0325,0,0.305,0.545,0.0325,0.0225,0.0125,0.0225,0.0425,0.1525,0.26,0.1525
15-1244.00,0.4925,0.5325,0.2675,0.1725,0.6575,0.2975,0.1225,0.315,0.0525,0.98,0.65,0.4475,0.1625,0.335,0.5475,0.1525,0.0875,0.0325,0.17,0.1075,0.1575,0.0825,0.055,0.455,0.7075,0.1325,0.02,0.05,0.07,0.37,0.2825,0.5525,0.445
15-1251.00,0.565,0.435,0.3675,0.2675,0.575,0.25,0.1725,0.3875,0,0.9675,0.6175,0.47,0,0.1325,0.6325,0.2775,0.0375,0,0.26,0.25,0.4375,0.115,0.0225,0.4475,0.6025,0.16,0.1375,0.015,0.0125,0.1125,0.0975,0.35,0.3575
15-1252.00,0.3125,0.28,0.3675,0.2975,0.64,0.34,0.18,0.385,0.03,0.9375,0.45,0.425,0.0275,0.1025,0.6425,0.07,0.06,0.035,0.15,0.0825,0.0675,0,0.01,0.46,0.5675,0.035,0,0.0125,0.04,0.3925,0.185,0.405,0.185
15-1253.00,0.3625,0.3525,0.1625,0.1025,0.4175,0.2275,0.065,0.25,0.0075,0.8525,0.5675,0.5,0.045,0.06,0.5725,0.11,0.045,0.0375,0.235,0.1625,0.1175,0.0225,0.065,0.47,0.6975,0.0725,0.0375,0.0225,0.0475,0.19,0.1475,0.3025,0.2425
15-1254.00,0.345,0.345,0.1875,0.3125,0.49,0.135,0.03,0.1875,0.01,0.845,0.395,0.49,0,0.02,0.5875,0.0725,0,0.02,0.23,0.1875,0.105,0.01,0.02,0.3125,0.635,0.0825,0.26,0.0425,0.145,0.24,0.1975,0.365,0.5525
15-1255.01,0.3875,0.3375,0.225,0.2625,0.225,0.1875,0.0625,0.1625,0,0.7875,0.45,0.815,0.05,0.0625,0.575,0.275,0,0.0625,0.575,0.4475,0.15,0.0125,0.05,0.4125,0.5625,0.1,0.4125,0.25,0.2075,0.075,0.1625,0.2625,0.6175
15-1299.01,0.55,0.42,0.225,0.5,0.6375,0.315,0.1,0.3125,0.0375,0.7875,0.55,0.5375,0.0625,0.1125,0.4125,0.0625,0.0375,0.05,0.2375,0.2125,0.1875,0.0375,0.025,0.475,0.775,0.0875,0.15,0.125,0.05,0.325,0.3675,0.425,0.775
15-1299.02,0.47,0.405,0.205,0.245,0.5375,0.1825,0.275,0.2825,0.03,0.87,0.525,0.6,0.17,0.2375,0.72,0.3275,0.26,0.3375,0.15,0.25,0.9275,0.07,0.0525,0.51,0.76,0.0925,0.13,0.27,0.035,0.385,0.395,0.24,0.3575
15-1299.03,0.7125,0.6125,0.3375,0.4375,0.6375,0.3875,0.175,0.3025,0.025,0.7,0.375,0.3,0.0875,0.0875,0.4375,0.0625,0.075,0.05,0.275,0.2,0.1875,0.05,0.0875,0.5875,0.725,0.175,0.0625,0.2,0.075,0.395,0.6125,0.2375,0.43
15-1299.05,0.445,0.3425,0.1975,0.065,0.5,0.185,0.08,0.2375,0.04,0.9075,0.75,0.4725,0.1325,0.185,0.46,0.0525,0.0525,0.0125,0.2225,0.1325,0.08,0.0125,0.065,0.4475,0.6325,0.0975,0.0125,0.065,0.0925,0.29,0.3675,0.5925,0.375
15-1299.08,0.5725,0.41,0.285,0.2375,0.715,0.33,0.1475,0.41,0.0575,0.9775,0.6925,0.4775,0.2025,0.34,0.4775,0.2275,0.09,0.045,0.205,0.1025,0.1475,0.09,0.0575,0.3875,0.7725,0.1025,0.035,0.08,0.09,0.3875,0.2725,0.7375,0.3625
15-1299.09,0.75,0.5725,0.5875,0.44,0.81,0.535,0.25,0.425,0.035,0.7975,0.645,0.465,0.2975,0.2975,0.535,0.2025,0.1775,0.075,0.4,0.3125,0.2375,0.0825,0.2025,0.4875,0.8225,0.155,0.06,0.0825,0.1675,0.4,0.4375,0.5475,0.525
15-2011.00,0.4725,0.205,0.695,0.33,0.3125,0.3325,0.0625,0.17,0.01,0.74,0.1875,0.125,0.0175,0.0175,0.9825,0.0175,0.01,0.035,0.1775,0.1525,0.135,0.1975,0.035,0.34,0.675,0.01,0.0175,0.0725,0.08,0.125,0.5,0.1775,0.2775
15-2021.00,0.2625,0.25,0.2,0.125,0.2375,0.175,0.1,0.0875,0,0.625,0.475,0.2625,0,0.125,0.9625,0.5,0.1575,0.1875,0.1,0.1125,0.15,0.0925,0.125,0.675,0.575,0.225,0.0525,0.15,0.1375,0.0875,0.15,0.1375,0.2875
15-2031.00,0.4525,0.1375,0.405,0.25,0.38,0.3225,0.2625,0.6775,0.0825,0.775,0.7375,0.525,0.0725,0.155,0.9275,0.2025,0.095,0.06,0.19,0.215,0.1775,0,0.0475,0.5125,0.6425,0.095,0.0125,0.06,0.06,0.25,0.275,0.1775,0.285
15-2041.00,0.4525,0.3325,0.31,0.225,0.37,0.215,0.025,0.25,0.0825,0.7975,0.3325,0.1775,0,0.0725,0.9175,0.1775,0.1775,0.3575,0.2025,0.155,0.1775,0.25,0.035,0.475,0.725,0.0725,0.0125,0.0475,0.06,0.13,0.2375,0.1425,0.31
15-2041.01,0.375,0.345,0.175,0.175,0.385,0.345,0.055,0.1775,0.0325,0.675,0.24,0.2175,0.095,0.065,0.9175,0.13,0.13,0.47,0.3475,0.2025,0.1625,0.51,0.145,0.4425,0.72,0.0725,0.0525,0.0525,0.0725,0.1975,0.24,0.1775,0.295
15-2051.01,0.535,0.3575,0.5,0.3625,0.525,0.2275,0.045,0.1875,0.035,0.8225,0.34,0.3575,0.035,0.035,0.705,0.0225,0.0225,0.0225,0.295,0.3075,0.3075,0.045,0.045,0.375,0.6925,0.09,0.125,0.1825,0.1125,0.1375,0.285,0.1375,0.3975
15-2051.02,0.4875,0.4375,0.1125,0.1375,0.675,0.25,0.0875,0.225,0,0.7375,0.3,0.2625,0.0875,0.1125,0.55,0.05,0.125,0.4375,0.25,0.1625,0.075,0.5125,0.1375,0.4375,0.775,0.075,0,0.0125,0.05,0.3125,0.3875,0.225,0.275
15-2099.01,0.4275,0.425,0.12,0.15,0.4,0.22,0.055,0.2125,0.005,0.9425,0.465,0.4775,0.005,0.2125,0.875,0.3425,0.4375,0.7,0.2925,0.06,0.105,0.3825,0.1425,0.43,0.7475,0.035,0.005,0.0125,0.0125,0.2275,0.1375,0.2075,0.21
17-1011.00,0.715,0.4875,0.56,0.56,0.7025,0.5,0.3325,0.5125,0.095,0.75,0.7625,0.975,0.9525,0.595,0.595,0.5125,0.215,0.155,0.425,0.38,0.4875,0.06,0.105,0.5125,0.7375,0.155,0.5475,0.475,0.2625,0.775,0.6125,0.35,0.3925
17-1012.00,0.5625,0.425,0.315,0.4875,0.6625,0.3875,0.5,0.2125,0.1125,0.6125,0.6875,0.925,0.7625,0.375,0.5125,0.3375,0.2375,0.58,0.395,0.42,0.725,0.0375,0.08,0.4375,0.6875,0.1875,0.375,0.4375,0.225,0.6,0.5375,0.29,0.475
17-1021.00,0.4125,0.36,0.11,0.1375,0.48,0.3025,0.31,0.3675,0,0.805,0.46,0.59,0.2475,0.1425,0.5825,0.17,0.005,0.095,0.1225,0.095,0.8775,0,0.0625,0.4375,0.635,0.085,0.0025,0.155,0.0325,0.275,0.4,0.265,0.3425
17-1022.00,0.6625,0.5125,0.4625,0.4875,0.675,0.5125,0.3825,0.475,0.0125,0.7375,0.8125,0.675,0.67,0.3025,0.925,0.35,0.1125,0.125,0.1625,0.0925,0.7625,0.0275,0.0625,0.5875,0.6175,0.025,0,0.35,0.0375,0.4875,0.6125,0.3,0.2625
17-1022.01,0.435,0.355,0.26,0.305,0.52,0.365,0.325,0.345,0.01,0.6925,0.74,0.5375,0.325,0.325,0.945,0.625,0.0825,0.055,0.1575,0.1025,0.71,0.0475,0.0475,0.5475,0.675,0.1025,0.0375,0.2225,0.0825,0.4125,0.4525,0.36,0.26
17-2011.00,0.44,0.325,0.2225,0.1975,0.4075,0.2775,0.4425,0.5675,0.0175,0.7125,0.94,0.7825,0.3025,0.5975,0.8125,0.7575,0.285,0.05,0.08,0.07,0.08,0,0.005,0.3325,0.705,0.1275,0.035,0.0225,0.03,0.29,0.2875,0.2175,0.2375
17-2021.00,0.5375,0.4125,0.395,0.2375,0.5275,0.3625,0.35,0.6375,0.6575,0.875,0.9625,0.8375,0.5875,0.725,0.8125,0.8125,0.65,0.775,0.1875,0.2125,0.5375,0.05,0.0375,0.525,0.7125,0.225,0.0375,0.1125,0.1,0.525,0.4375,0.425,0.4125
17-2031.00,0.5325,0.3375,0.2725,0.24,0.325,0.425,0.1525,0.4125,0.1075,0.87,0.8925,0.7375,0.16,0.4775,0.8575,0.7375,0.5425,0.705,0.325,0.25,0.195,0.685,0.26,0.6625,0.695,0.185,0.1075,0.0675,0.13,0.445,0.325,0.3925,0.315
17-2041.00,0.4575,0.2275,0.3925,0.2275,0.2925,0.2175,0.175,0.7375,0.13,0.5425,0.945,0.75,0.4025,0.5125,0.815,0.74,0.9125,0.24,0.12,0.065,0.13,0.0225,0.0225,0.425,0.685,0.0875,0.01,0.0425,0.0225,0.445,0.325,0.1625,0.26
17-2051.00,0.655,0.4275,0.4525,0.465,0.6075,0.3875,0.5125,0.275,0.035,0.535,0.9175,0.925,0.8825,0.38,0.87,0.6775,0.3225,0.13,0.1775,0.12,0.3925,0.035,0.035,0.35,0.75,0.13,0,0.1425,0.095,0.56,0.56,0.13,0.25
17-2051.01,0.625,0.3875,0.42,0.3625,0.625,0.31,0.8875,0.42,0.0225,0.6125,0.975,0.9425,0.8075,0.375,0.795,0.67,0.3225,0.2275,0.295,0.1925,0.4425,0.035,0.08,0.5,0.6825,0.045,0.0225,0.205,0.125,0.58,0.595,0.2625,0.465
17-2061.00,0.43,0.3275,0.225,0.26,0.3025,0.285,0.13,0.4575,0.0175,0.9275,0.915,0.785,0.06,0.2675,0.785,0.6075,0.2575,0.1025,0.1775,0.0775,0.0775,0.095,0.0625,0.475,0.6975,0.12,0.025,0.0425,0.06,0.32,0.3125,0.525,0.345
17-2071.00,0.4725,0.475,0.3275,0.3,0.525,0.3225,0.28,0.5625,0.0825,0.9175,0.935,0.7775,0.325,0.5475,0.68,0.645,0.34,0.0375,0.1875,0.105,0.2,0.0725,0.07,0.4675,0.6925,0.14,0.025,0.075,0.0925,0.545,0.3425,0.4025,0.355
17-2072.00,0.43,0.275,0.235,0.29,0.405,0.2775,0.105,0.455,0,0.8875,0.9375,0.835,0.2775,0.55,0.76,0.5425,0.35,0.0875,0.125,0.0825,0.12,0.0775,0.1,0.5025,0.6875,0.1275,0.0325,0.0375,0.0225,0.35,0.4125,0.3775,0.19
17-2072.01,0.6125,0.3675,0.305,0.5,0.6475,0.3175,0.35,0.5025,0.055,0.95,0.89,0.675,0.28,0.3575,0.6325,0.445,0.195,0.125,0.265,0.1475,0.235,0.12,0.1275,0.635,0.805,0.1725,0.085,0.085,0.1175,0.315,0.27,0.595,0.4475
17-2081.00,0.5725,0.3575,0.525,0.475,0.655,0.4125,0.2975,0.345,0.0825,0.65,0.9875,0.905,0.715,0.5825,0.75,0.69,0.7625,0.655,0.2375,0.1775,0.405,0.1,0.0475,0.5,0.7025,0.0875,0.025,0.125,0.035,0.5125,0.6,0.345,0.3625
17-2111.00,0.6825,0.5525,0.375,0.3875,0.675,0.5125,0.4325,0.585,0.1875,0.505,0.71,0.595,0.53,0.635,0.615,0.5475,0.605,0.47,0.5225,0.35,0.3025,0.2925,0.275,0.64,0.7225,0.2425,0.0625,0.2,0.1925,0.675,0.665,0.3225,0.4275
17-2111.02,0.5575,0.395,0.33,0.4325,0.68,0.375,0.25,0.3075,0.0775,0.605,0.97,0.87,0.875,0.635,0.7875,0.73,0.6825,0.22,0.33,0.21,0.25,0.0675,0.0775,0.59,0.78,0.145,0.0575,0.155,0.08,0.7875,0.61,0.3375,0.345
17-2112.00,0.6125,0.5025,0.39,0.3375,0.605,0.4525,0.32,0.82,0.0875,0.6925,0.8525,0.77,0.465,0.8,0.7225,0.525,0.4125,0.125,0.3225,0.1425,0.135,0.1,0.0775,0.585,0.74,0.07,0.085,0.0725,0.075,0.53,0.405,0.29,0.3125
17-2112.01,0.5,0.325,0.3,0.375,0.6125,0.375,0.3125,0.5,0.0925,0.5,0.7,0.7125,0.1875,0.4125,0.6375,0.45,0.2625,0.4125,0.79,0.5125,0.15,0.3625,0.275,0.6625,0.75,0.175,0.075,0.1375,0.15,0.42,0.325,0.275,0.4125
17-2112.02,0.5375,0.475,0.2375,0.225,0.675,0.3625,0.2,0.7875,0.105,0.5375,0.815,0.65,0.145,0.5875,0.6625,0.45,0.4,0.2225,0.2775,0.105,0.1325,0.175,0.0125,0.5625,0.6875,0.1125,0,0.0525,0.0375,0.375,0.475,0.29,0.3125
17-2112.03,0.5575,0.4425,0.405,0.27,0.385,0.345,0.375,0.855,0.0675,0.7025,0.855,0.75,0.37,0.77,0.74,0.605,0.395,0.15,0.3125,0.11,0.15,0.09,0.155,0.5375,0.6925,0.135,0,0.0375,0.135,0.4625,0.44,0.26,0.31
17-2121.00,0.54,0.395,0.42,0.3025,0.565,0.3425,0.6675,0.395,0.0525,0.6325,0.83,0.7625,0.64,0.79,0.645,0.645,0.46,0.21,0.145,0.0925,0.185,0.08,0.125,0.57,0.75,0.2225,0.055,0.055,0.0425,0.4575,0.39,0.2775,0.2225
17-2131.00,0.5,0.38,0.31,0.37,0.525,0.4,0.1775,0.775,0.0475,0.595,0.8225,0.655,0.2975,0.525,0.775,0.7975,0.8125,0.2375,0.19,0.0725,0.12,0.1675,0.0475,0.465,0.715,0.225,0.0725,0.0825,0.12,0.345,0.285,0.1625,0.3225
17-2141.00,0.5525,0.555,0.3475,0.37,0.5225,0.4125,0.2825,0.835,0,0.6575,0.865,0.875,0.42,0.8075,0.72,0.595,0.4075,0.2125,0.27,0.2075,0.19,0.1575,0.105,0.5975,0.765,0.16,0.08,0.08,0.125,0.6825,0.405,0.325,0.33
17-2141.01,0.455,0.285,0.2625,0.205,0.25,0.2725,0.2725,0.5725,0.0225,0.62,0.91,0.715,0.285,0.6125,0.715,0.66,0.7375,0.035,0.045,0.0675,0.095,0.035,0.035,0.33,0.535,0.125,0.0125,0.0225,0.045,0.2625,0.1475,0.205,0.2275
17-2141.02,0.56,0.345,0.38,0.275,0.4275,0.2975,0.69,0.5825,0.0725,0.7125,0.9275,0.715,0.19,0.785,0.8325,0.8375,0.5,0.1425,0.1975,0.12,0.1875,0.025,0.025,0.4525,0.675,0.2125,0.0125,0.095,0.06,0.4175,0.4,0.3575,0.3325
17-2151.00,0.5925,0.57,0.55,0.24,0.3875,0.3875,0.415,0.64,0,0.5325,0.8675,0.64,0.475,0.345,0.86,0.5625,0.4125,0.195,0.24,0.05,0.47,0.0475,0.05,0.4425,0.6425,0.075,0,0.15,0.01,0.4375,0.4375,0.195,0.2325
17-2161.00,0.5825,0.285,0.2975,0.2025,0.31,0.37,0.25,0.44,0.0475,0.6675,0.8925,0.6675,0.5,0.62,0.85,0.8875,0.715,0.44,0.2975,0.1775,0.2375,0.125,0.095,0.6,0.7625,0.13,0.025,0.1425,0.0725,0.7375,0.5525,0.2625,0.275
17-2171.00,0.5875,0.5475,0.55,0.2925,0.4075,0.2825,0.2575,0.2575,0.0125,0.6275,0.85,0.535,0.1725,0.4525,0.78,0.63,0.5975,0.1975,0.115,0.045,0.305,0.0125,0.0125,0.3325,0.5375,0.1725,0,0.0325,0.0325,0.3425,0.535,0.25,0.2925
17-2199.03,0.6375,0.3975,0.6125,0.4875,0.7025,0.42,0.2375,0.17,0.0225,0.5,0.875,0.6375,0.715,0.6925,0.7375,0.6375,0.465,0.205,0.3575,0.2025,0.295,0.0575,0.08,0.41,0.66,0.1025,0.0225,0.1125,0.125,0.4425,0.4775,0.215,0.41
17-2199.05,0.34,0.38,0.295,0.07,0.2475,0.2275,0.1625,0.7875,0.0275,0.505,0.9125,0.8125,0.2975,0.7775,0.7225,0.5675,0.2825,0.0775,0.1375,0.0575,0.0225,0.0225,0.0025,0.4675,0.4925,0.0825,0,0,0.01,0.44,0.125,0.2625,0.245
17-2199.06,0.4975,0.28,0.2875,0.2875,0.4175,0.3425,0.11,0.5625,0,0.905,0.9,0.73,0.0675,0.5475,0.7675,0.74,0.495,0.22,0.085,0.085,0.1275,0.1425,0.04,0.2225,0.6175,0.0775,0.0325,0.0375,0.0425,0.3775,0.275,0.4175,0.285
17-2199.07,0.315,0.2925,0.195,0.2075,0.2825,0.175,0.12,0.425,0,0.8075,0.9575,0.74,0.0975,0.5225,0.8925,0.8925,0.425,0.1525,0.065,0.01,0.1075,0.09,0.0125,0.2375,0.5825,0.0975,0.0225,0.0425,0.01,0.2725,0.2275,0.435,0.24
17-2199.08,0.4425,0.375,0.2825,0.3175,0.4575,0.275,0.2175,0.675,0.1675,0.8625,0.9475,0.9075,0.325,0.8025,0.8,0.7325,0.4,0.2175,0.1675,0.1075,0.1,0.1175,0.075,0.575,0.75,0.225,0.0325,0.0575,0.0925,0.4825,0.2825,0.4575,0.2925
17-2199.09,0.5,0.3575,0.2625,0.25,0.37,0.3125,0.0725,0.595,0.0475,0.7025,0.905,0.595,0.19,0.525,0.785,0.9,0.8225,0.4625,0.155,0.06,0.0475,0.2375,0.025,0.6075,0.63,0.12,0.0125,0.035,0.06,0.345,0.1625,0.215,0.285
17-3011.00,0.5075,0.365,0.2675,0.405,0.5075,0.2,0.3525,0.3725,0.0125,0.6975,0.7975,0.83,0.8125,0.38,0.645,0.405,0.16,0.11,0.1225,0.0975,0.465,0.0975,0.065,0.4575,0.7025,0.1425,0.15,0.12,0.12,0.5325,0.4475,0.265,0.33
17-3012.00,0.4825,0.6275,0.1425,0.195,0.425,0.3575,0.2575,0.425,0.035,0.795,0.815,0.845,0.3375,0.4325,0.6475,0.395,0.21,0.1825,0.1,0.0525,0.5275,0.0475,0.0475,0.55,0.7325,0.1575,0.0775,0.1,0.04,0.5375,0.3625,0.38,0.24
17-3013.00,0.45,0.4875,0.21,0.2875,0.52,0.2475,0.2325,0.58,0.1075,0.705,0.9325,0.955,0.3625,0.87,0.8425,0.725,0.2775,0.05,0.085,0.02,0.1425,0.0225,0.0025,0.5325,0.7325,0.09,0.0075,0.0525,0.065,0.455,0.2,0.1225,0.3
17-3021.00,0.49,0.59,0.205,0.185,0.675,0.2825,0.365,0.6975,0,0.5825,0.82,0.3775,0.0075,0.8725,0.7325,0.585,0.3525,0.025,0.1725,0.0475,0.0275,0.0025,0.0475,0.5075,0.5975,0.03,0,0,0.02,0.415,0.2425,0.395,0.205
17-3022.00,0.6425,0.6625,0.355,0.1375,0.63,0.475,0.5675,0.4025,0,0.6325,0.8675,0.7875,0.795,0.6125,0.81,0.505,0.4175,0.24,0.2525,0.075,0.4725,0.065,0.08,0.505,0.6275,0.085,0.0675,0.155,0.045,0.525,0.48,0.37,0.31
17-3023.00,0.44,0.425,0.215,0.255,0.575,0.2475,0.2275,0.5525,0.05,0.845,0.84,0.655,0.3125,0.5725,0.63,0.5175,0.3175,0.0725,0.18,0.0925,0.175,0.0525,0.055,0.4225,0.69,0.1175,0.0125,0.04,0.055,0.4875,0.3425,0.5325,0.3175
17-3024.00,0.2475,0.35,0.1175,0.1,0.3475,0.09,0.0975,0.5325,0.045,0.7675,0.655,0.4575,0.15,0.685,0.5325,0.4025,0.2425,0.0375,0.0775,0.035,0.09,0.065,0.035,0.3675,0.5475,0.135,0.0125,0.0175,0.045,0.3475,0.15,0.4375,0.12
17-3024.01,0.34,0.3525,0.17,0.1125,0.3975,0.205,0.2375,0.58,0.045,0.84,0.84,0.6375,0.2625,0.6825,0.625,0.5675,0.3175,0.1125,0.125,0.0575,0.08,0,0.045,0.42,0.625,0.1025,0.0225,0.035,0.045,0.465,0.2275,0.4775,0.17
17-3025.00,0.4575,0.4075,0.2175,0.24,0.635,0.325,0.3,0.4475,0.0125,0.4575,0.6775,0.4725,0.4875,0.5575,0.6425,0.5525,0.5875,0.45,0.15,0.0775,0.3975,0.13,0.0625,0.4875,0.605,0.1475,0.0075,0.16,0.025,0.535,0.435,0.175,0.235
17-3026.00,0.39,0.395,0.265,0.2275,0.53,0.205,0.1125,0.67,0.1275,0.6125,0.765,0.6275,0.265,0.8525,0.64,0.59,0.49,0.21,0.22,0.0575,0.0675,0.095,0.0525,0.425,0.6225,0.105,0.005,0.0125,0.0575,0.555,0.3325,0.1775,0.1775
17-3026.01,0.4625,0.45,0.2625,0.25,0.5125,0.2875,0.105,0.6,0.025,0.7625,0.8375,0.55,0.2375,0.5375,0.7,0.675,0.7625,0.4125,0.1625,0.0625,0.0875,0.1875,0.0875,0.675,0.7875,0.105,0.065,0.0875,0.0375,0.4125,0.1875,0.2375,0.3
17-3027.00,0.46,0.505,0.255,0.1,0.46,0.1975,0.2125,0.575,0.165,0.5925,0.7875,0.7525,0.3775,0.785,0.665,0.5525,0.34,0.07,0.1075,0.055,0.1325,0.0875,0.06,0.4075,0.6225,0.11,0.0075,0.09,0.0775,0.3675,0.37,0.255,0.29
17-3027.01,0.4075,0.4525,0.27,0.25,0.51,0.315,0.5375,0.4825,0.0275,0.7775,0.88,0.53,0.24,0.805,0.7325,0.6675,0.4725,0.1675,0.26,0.14,0.2325,0.075,0.075,0.5,0.7025,0.24,0.03,0.0425,0.0725,0.36,0.3275,0.3425,0.315
17-3029.01,0.545,0.44,0.285,0.3875,0.6075,0.3875,0.4325,0.6075,0.035,0.6675,0.7725,0.535,0.535,0.58,0.7375,0.705,0.41,0.125,0.215,0.1375,0.205,0.0575,0.09,0.675,0.725,0.1675,0.0225,0.1025,0.1025,0.545,0.33,0.37,0.2625
17-3029.08,0.41,0.4325,0.1825,0.2025,0.5125,0.17,0.19,0.5575,0.0225,0.7025,0.7275,0.4775,0.25,0.6025,0.6125,0.545,0.3075,0.09,0.1075,0.045,0.09,0.035,0.0125,0.31,0.5575,0.125,0.0225,0.035,0.0125,0.3175,0.25,0.41,0.2725
17-3031.00,0.4175,0.48,0.225,0.17,0.5425,0.23,0.2975,0.26,0.0325,0.7875,0.6225,0.5725,0.4075,0.23,0.665,0.305,0.1525,0.17,0.135,0.115,0.715,0.0775,0.0775,0.385,0.6475,0.1275,0.0625,0.3125,0.0975,0.4,0.4425,0.23,0.2975
19-1011.00,0.5,0.3575,0.3575,0.5325,0.5975,0.325,0.2725,0.4575,0.7075,0.5875,0.38,0.215,0.185,0.24,0.7825,0.33,0.76,0.91,0.2825,0.1525,0.2275,0.295,0.1525,0.6125,0.7725,0.25,0.055,0.1075,0.1425,0.275,0.33,0.295,0.455
19-1012.00,0.525,0.5,0.375,0.41,0.5225,0.405,0.2725,0.8525,0.785,0.5675,0.6675,0.375,0.16,0.3975,0.6775,0.465,0.7625,0.6125,0.295,0.1825,0.1925,0.1025,0.0825,0.5225,0.7375,0.1825,0.0225,0.0675,0.08,0.4775,0.5125,0.2375,0.3175
19-1013.00,0.535,0.4525,0.345,0.35,0.5,0.3925,0.275,0.405,0.4875,0.715,0.55,0.4275,0.25,0.4525,0.69,0.535,0.71,0.8575,0.2375,0.1675,0.595,0.0725,0.06,0.6,0.7625,0.1675,0.0925,0.1775,0.075,0.3925,0.465,0.38,0.5875
19-1021.00,0.4875,0.2875,0.175,0.1125,0.1125,0.2625,0.1,0.225,0.075,0.6375,0.5925,0.3625,0.2,0.3875,0.825,0.7625,0.8375,0.9125,0.175,0.1,0.025,0.475,0.125,0.675,0.825,0.1125,0.0625,0.075,0.1125,0.2625,0.2125,0.25,0.2875
19-1022.00,0.455,0.4775,0.2725,0.2375,0.4775,0.345,0.2025,0.4425,0.33,0.65,0.5,0.295,0.16,0.295,0.58,0.295,0.705,0.9325,0.2375,0.205,0.2275,0.405,0.1075,0.63,0.6625,0.155,0.0675,0.125,0.1025,0.465,0.375,0.38,0.3975
19-1023.00,0.575,0.4275,0.245,0.0525,0.6825,0.41,0.2525,0.1075,0.045,0.495,0.2525,0.1875,0.185,0.3125,0.6025,0.17,0.3125,0.9525,0.2075,0.2325,0.5925,0.1,0.0875,0.4925,0.6925,0.065,0.0225,0.19,0.0575,0.42,0.5775,0.2275,0.5
19-1029.01,0.38,0.52,0.165,0.22,0.285,0.4025,0.1025,0.1925,0.075,0.9025,0.4775,0.3425,0.0975,0.1725,0.8325,0.4025,0.64,0.9575,0.165,0.0925,0.13,0.3425,0.1075,0.575,0.805,0.045,0.125,0.07,0.0275,0.1675,0.2775,0.2975,0.4125
19-1029.02,0.4525,0.43,0.27,0.145,0.145,0.395,0.07,0.25,0.0575,0.595,0.345,0.3075,0.0875,0.3175,0.7025,0.4125,0.78,0.9525,0.27,0.1925,0.105,0.52,0.1625,0.645,0.86,0.155,0.095,0.115,0.1725,0.38,0.24,0.24,0.4425
19-1029.03,0.41,0.28,0.1425,0.06,0.13,0.37,0.05,0.12,0,0.51,0.3,0.11,0.01,0.13,0.6775,0.26,0.615,0.96,0.24,0.22,0.13,0.47,0.1675,0.68,0.82,0.11,0.01,0.13,0.15,0.2,0.21,0.13,0.36
19-1029.04,0.6025,0.56,0.3,0.2425,0.43,0.435,0.2375,0.3375,0.2125,0.495,0.545,0.3225,0.195,0.3625,0.6475,0.495,0.5975,1,0.305,0.2725,0.4025,0.3275,0.1425,0.795,0.775,0.095,0.02,0.1725,0.1225,0.4275,0.355,0.1475,0.5025
19-1031.00,0.51,0.4575,0.3475,0.3575,0.6425,0.3875,0.24,0.3375,0.4425,0.5975,0.575,0.5225,0.3925,0.37,0.685,0.5225,0.63,0.7275,0.305,0.2825,0.685,0.0875,0.1075,0.565,0.815,0.185,0.0425,0.305,0.12,0.4775,0.62,0.37,0.4675
19-1031.02,0.6225,0.615,0.4275,0.1825,0.6,0.4425,0.4075,0.2325,0.4125,0.5375,0.435,0.5025,0.385,0.4775,0.535,0.3025,0.4075,0.745,0.3975,0.3075,0.6575,0.145,0.155,0.5375,0.7075,0.145,0.0325,0.3825,0.1475,0.585,0.6375,0.325,0.4675
19-1031.03,0.45,0.4225,0.2675,0.325,0.875,0.475,0.3775,0.22,0.145,0.485,0.28,0.3025,0.165,0.235,0.36,0.19,0.26,0.6475,0.415,0.465,0.5625,0.2925,0.315,0.755,0.7,0.1825,0.2425,0.585,0.2725,0.65,0.5825,0.385,0.6025
19-1032.00,0.695,0.4975,0.325,0.3,0.725,0.3025,0.3975,0.44,0.15,0.5025,0.3925,0.185,0.23,0.335,0.5825,0.185,0.285,0.68,0.1375,0.165,0.5725,0.065,0.0775,0.5275,0.7,0.1225,0.0075,0.2675,0.1175,0.5675,0.6075,0.275,0.445
19-1041.00,0.5,0.33,0.2625,0.185,0.395,0.3425,0.1175,0.185,0.1175,0.6325,0.1975,0.1575,0.065,0.0525,0.875,0.1175,0.3025,0.815,0.4075,0.54,0.3475,0.75,0.1975,0.605,0.75,0.14,0.0275,0.185,0.2375,0.4475,0.395,0.3025,0.6175
19-1042.00,0.46,0.28,0.185,0.115,0.165,0.21,0.2225,0.1575,0.0025,0.495,0.2425,0.135,0.065,0.09,0.555,0.28,0.61,0.925,0.1825,0.1475,0.09,0.6675,0.155,0.4625,0.7775,0.0325,0.045,0.0075,0.0525,0.26,0.1825,0.165,0.2725
19-2011.00,0.3475,0.2725,0.205,0.17,0.185,0.305,0.1525,0.185,0,0.7925,0.555,0.3375,0.1625,0.2275,0.9775,0.99,0.5,0.2075,0.1425,0.1425,0.24,0.0325,0.0975,0.5875,0.76,0.1625,0.075,0.12,0.0975,0.1625,0.185,0.26,0.3575
19-2012.00,0.4125,0.3225,0.2525,0.175,0.2875,0.315,0.095,0.33,0,0.845,0.885,0.3675,0.085,0.27,0.955,0.98,0.5525,0.1575,0.25,0.11,0.08,0.0475,0.145,0.6025,0.6725,0.0625,0.02,0.0675,0.13,0.2925,0.2975,0.19,0.4025
19-2021.00,0.395,0.3625,0.225,0.1875,0.5,0.3125,0.15,0.2125,0.0125,0.7875,0.4475,0.2625,0.0375,0.1175,0.86,0.855,0.5,0.2125,0.2125,0.175,0.85,0,0,0.475,0.7,0.1,0.025,0.1125,0.0375,0.4,0.2225,0.3875,0.555
19-2031.00,0.5975,0.585,0.25,0.2025,0.3925,0.25,0.2625,0.615,0.0875,0.5975,0.495,0.27,0.08,0.425,0.6975,0.5375,0.98,0.355,0.235,0.1175,0.1475,0.1125,0.055,0.4225,0.7525,0.1625,0.035,0.0975,0.155,0.3975,0.41,0.0925,0.195
19-2032.00,0.4525,0.3225,0.2625,0.3,0.325,0.2625,0.215,0.675,0.15,0.6875,0.94,0.6625,0.275,0.6075,0.8375,0.845,0.905,0.31,0.155,0.06,0.1125,0.19,0.0725,0.5,0.595,0.1675,0.0475,0.13,0.0475,0.2375,0.2625,0.2625,0.25
19-2041.00,0.5,0.525,0.2025,0.145,0.67,0.1875,0.3675,0.2675,0.0575,0.6075,0.405,0.2575,0.18,0.315,0.5225,0.41,0.5525,0.715,0.1,0.21,0.475,0.05,0.0375,0.5175,0.8775,0.0775,0.005,0.1475,0.04,0.575,0.63,0.3275,0.38
19-2042.00,0.4425,0.355,0.3225,0.2025,0.355,0.315,0.25,0.145,0.04,0.6425,0.5575,0.29,0.1775,0.2975,0.7075,0.6625,0.7,0.485,0.1775,0.1525,0.75,0.0575,0.065,0.5575,0.7075,0.2825,0.0575,0.33,0.12,0.3875,0.4675,0.225,0.37
19-2043.00,0.4125,0.3175,0.2075,0.2725,0.435,0.3575,0.185,0.1075,0.0975,0.62,0.75,0.3575,0.2175,0.325,0.8375,0.7825,0.5975,0.555,0.185,0.2275,0.7175,0.0875,0.065,0.3925,0.7275,0.185,0.0425,0.1625,0.0875,0.25,0.3375,0.26,0.3475
19-2099.01,0.53,0.38,0.22,0.24,0.53,0.32,0.3225,0.4575,0.03,0.8,0.72,0.56,0.13,0.21,0.8,0.62,0.24,0.5,0.21,0.34,0.96,0.05,0.03,0.49,0.67,0.15,0.08,0.35,0.12,0.405,0.3,0.39,0.42
19-3011.00,0.405,0.24,0.865,0.1975,0.3025,0.315,0.125,0.1975,0.02,0.695,0.2075,0.105,0.0425,0.03,0.885,0.0825,0.0525,0.0725,0.2825,0.375,0.3325,0.0725,0.0525,0.53,0.76,0.1675,0.02,0.355,0.1875,0.0725,0.4175,0.1875,0.4375
19-3022.00,0.625,0.52,0.345,0.405,0.62,0.44,0.135,0.3175,0.0375,0.64,0.155,0.19,0.0375,0.0475,0.68,0.0475,0.0375,0.07,0.615,0.73,0.345,0.095,0.0775,0.5,0.91,0.1975,0.0475,0.145,0.1825,0.1725,0.3375,0.3075,0.51
19-3032.00,0.76,0.4225,0.2025,0.375,0.655,0.98,0.0875,0.145,0.02,0.5575,0.1725,0.105,0.02,0.0375,0.75,0.02,0.02,0.0875,0.9525,0.5875,0.105,0.0575,0.4225,0.865,0.69,0.115,0.0475,0.0775,0.22,0.17,0.59,0.15,0.47
19-3033.00,0.45,0.4275,0.24,0.22,0.68,0.32,0.05,0.06,0,0.41,0.04,0.02,0,0,0.31,0.01,0.11,0.34,1,0.65,0.09,0.425,1,0.72,0.78,0.1875,0.0625,0.175,0.4175,0.32,0.46,0.29,0.33
19-3034.00,0.495,0.7575,0.07,0.155,0.7675,0.32,0.105,0.18,0.055,0.5475,0.085,0.1525,0.0575,0.1225,0.6675,0.055,0.085,0.1975,0.9725,0.8175,0.0975,0.28,0.88,0.8575,0.525,0.1325,0.0725,0.0625,0.2725,0.42,0.5625,0.1675,0.3125
19-3039.02,0.48,0.5625,0.31,0.22,0.72,0.38,0.08,0.12,0.02,0.53,0.13,0.1,0.03,0.06,0.56,0.06,0.18,0.625,1,0.6675,0.11,0.72,0.89,0.78,0.86,0.24,0.03,0.11,0.34,0.33,0.4,0.33,0.35
19-3039.03,0.455,0.4775,0.2375,0.125,0.6825,0.3075,0.0425,0.065,0,0.51,0.0875,0.01,0.01,0.035,0.6625,0.0425,0.12,0.695,1,0.5975,0.1075,0.825,0.935,0.88,0.8925,0.175,0,0.1425,0.2825,0.33,0.425,0.1425,0.2825
19-3041.00,0.4375,0.325,0.2125,0.1975,0.3425,0.4125,0.0625,0.1625,0.025,0.5875,0.0275,0.08,0.0125,0.0125,0.6175,0,0,0.145,0.5375,1,0.425,0.15,0.2125,0.8,0.9,0.2875,0.1875,0.6,0.5375,0.175,0.54,0.145,0.45
19-3051.00,0.61,0.39,0.39,0.2,0.57,0.365,0.76,0.07,0.02,0.51,0.23,0.49,0.35,0.04,0.48,0.06,0.08,0.23,0.28,0.6,0.79,0.0325,0.05,0.36,0.85,0.1675,0.0825,0.42,0.25,0.46,0.9,0.22,0.65
19-3091.00,0.4375,0.3625,0.2,0.125,0.2125,0.3875,0.1625,0.1125,0.0375,0.5125,0.1125,0.2375,0.0625,0.1,0.4,0.0625,0.1625,0.4125,0.4725,0.9725,0.6625,0.275,0.2,0.7125,0.85,0.75,0.25,0.8,0.5375,0.25,0.425,0.25,0.5875
19-3092.00,0.4125,0.4075,0.2625,0.1375,0.375,0.35,0.3025,0.145,0.0375,0.6875,0.33,0.3675,0.1125,0.0875,0.5,0.2775,0.2375,0.42,0.315,0.6125,0.9625,0.0525,0.1125,0.6375,0.71,0.25,0.0875,0.475,0.25,0.2775,0.4625,0.33,0.45
19-3093.00,0.435,0.615,0.1575,0.175,0.465,0.205,0.165,0.215,0.0675,0.4175,0.1725,0.41,0.335,0.13,0.305,0.1325,0.17,0.1275,0.1625,0.6425,0.625,0.1025,0.15,0.5675,0.7675,0.1825,0.48,0.9,0.385,0.28,0.31,0.195,0.5125
19-3094.00,0.4425,0.355,0.355,0.0675,0.24,0.3275,0.0875,0.0575,0.02,0.5,0.05,0.0475,0.03,0.0375,0.595,0.0475,0.0475,0.0575,0.345,0.5475,0.53,0.0575,0.145,0.8175,0.855,0.38,0.0575,0.605,0.52,0.1925,0.9125,0.1625,0.57
19-3099.01,0.6,0.375,0.475,0.3,0.525,0.375,0.96,0.2375,0.025,0.6175,0.575,0.5,0.275,0.075,0.7125,0.2,0.15,0.125,0.3625,0.435,0.675,0.025,0,0.3425,0.7225,0.0875,0.025,0.2625,0.1325,0.4375,0.67,0.175,0.475
19-4012.00,0.5025,0.4175,0.2375,0.1625,0.365,0.3925,0.3925,0.4225,0.6525,0.4225,0.4275,0.4,0.4375,0.59,0.5375,0.4325,0.6,0.6375,0.15,0.085,0.3025,0.255,0.0625,0.4675,0.49,0.11,0.0075,0.1,0.1425,0.4675,0.255,0.2675,0.2675
19-4012.01,0.4125,0.425,0.3925,0.63,0.7925,0.325,0.42,0.5,0.5875,0.7725,0.6075,0.4125,0.2825,0.575,0.62,0.425,0.51,0.5975,0.285,0.16,0.5575,0.08,0.1025,0.5225,0.62,0.24,0.0425,0.12,0.0975,0.3975,0.3475,0.4275,0.38
19-4013.00,0.305,0.4025,0.07,0.0925,0.3975,0.2125,0.0875,0.67,0.69,0.5325,0.32,0.0925,0.065,0.2525,0.51,0.2125,0.6125,0.525,0.0425,0.005,0.005,0.0325,0.0675,0.3675,0.6075,0.0525,0,0.0375,0.005,0.27,0.2575,0.1475,0.11
19-4021.00,0.2175,0.31,0.09,0.0575,0.2075,0.1725,0.1875,0.1825,0,0.56,0.2075,0.0925,0.06,0.2325,0.5725,0.225,0.5525,0.8575,0.1275,0.065,0.125,0.1775,0.0625,0.34,0.695,0.0375,0.0175,0.05,0.0575,0.2575,0.2725,0.1125,0.21
19-4031.00,0.22,0.485,0.0375,0.115,0.3525,0.185,0.2775,0.4925,0.0025,0.5275,0.35,0.1775,0.095,0.2975,0.5975,0.26,0.7025,0.155,0.12,0.0525,0.1475,0,0.0075,0.415,0.63,0.12,0.0575,0,0.0275,0.225,0.205,0.1525,0.2325
19-4042.00,0.455,0.42,0.25,0.2625,0.66,0.38,0.3525,0.31,0.16,0.59,0.5125,0.285,0.285,0.3325,0.59,0.375,0.62,0.6075,0.2725,0.1925,0.3575,0.17,0.12,0.4175,0.62,0.13,0.035,0.17,0.08,0.5125,0.6025,0.285,0.3875
19-4043.00,0.3825,0.3525,0.15,0.24,0.405,0.1775,0.2525,0.36,0.02,0.6375,0.615,0.3825,0.23,0.3875,0.615,0.535,0.5425,0.175,0.0975,0.07,0.5275,0.045,0.0425,0.31,0.6125,0.1275,0.03,0.26,0.06,0.385,0.315,0.235,0.2375
19-4051.00,0.325,0.4325,0.09,0.05,0.175,0.195,0.215,0.4025,0.01,0.5875,0.665,0.4675,0.3275,0.7625,0.5775,0.7525,0.635,0.27,0.2775,0.095,0.1775,0.1975,0.1175,0.6525,0.62,0,0,0.115,0.0625,0.8,0.5,0.3925,0.39
19-4051.02,0.3625,0.3475,0.09,0.015,0.375,0.1875,0.195,0.165,0.005,0.5,0.305,0.215,0.195,0.4275,0.57,0.57,0.52,0.2975,0.1975,0.105,0.085,0.1325,0.1125,0.4475,0.5075,0.02,0,0.0475,0.0475,0.535,0.3725,0.315,0.2225
19-4061.00,0.3675,0.56,0.275,0.1075,0.505,0.23,0.1075,0.06,0,0.6175,0.055,0.13,0,0.0725,0.5225,0.0675,0.1875,0.255,0.3825,0.28,0.1025,0.23,0.23,0.48,0.8125,0.1325,0.05,0.105,0.2025,0.1825,0.29,0.195,0.2875
19-4071.00,0.5875,0.395,0.33,0.2175,0.63,0.515,0.405,0.4625,0.2025,0.5175,0.4125,0.3925,0.34,0.56,0.57,0.395,0.3525,0.5625,0.405,0.2675,0.5875,0.1625,0.1725,0.565,0.6725,0.1725,0.0325,0.415,0.1425,0.6975,0.61,0.4325,0.4625
19-4092.00,0.545,0.525,0.0225,0.0325,0.5775,0.2375,0.255,0.3025,0,0.6,0.3625,0.1475,0.0725,0.24,0.385,0.41,0.53,0.5025,0.3225,0.255,0.3025,0.3525,0.1675,0.6825,0.65,0.0525,0.01,0.11,0.0575,0.7925,0.8675,0.415,0.3125
19-4099.01,0.44,0.575,0.1725,0.1425,0.4275,0.3075,0.2825,0.7575,0.47,0.5675,0.3175,0.2225,0.1875,0.47,0.7925,0.335,0.685,0.3325,0.1725,0.1,0.155,0.135,0.15,0.4675,0.675,0.1125,0.06,0.1425,0.115,0.43,0.345,0.335,0.37
19-4099.03,0.4575,0.36,0.275,0.32,0.6275,0.2625,0.1625,0.5625,0,0.81,0.6225,0.4525,0.1375,0.1375,0.6375,0.2275,0.07,0.12,0.27,0.16,0.82,0.0225,0.0275,0.46,0.5325,0.0625,0.03,0.0775,0.005,0.2375,0.14,0.2525,0.305
19-5011.00,0.6075,0.5225,0.3375,0.2725,0.685,0.4775,0.325,0.51,0.0875,0.5425,0.6475,0.5,0.565,0.555,0.695,0.5,0.7275,0.6425,0.49,0.2825,0.305,0.435,0.315,0.7075,0.74,0.24,0.065,0.1525,0.2275,0.62,0.63,0.305,0.4675
19-5012.00,0.6425,0.485,0.3225,0.345,0.595,0.4275,0.475,0.56,0.175,0.575,0.675,0.475,0.5725,0.575,0.675,0.525,0.5625,0.4525,0.535,0.2975,0.3225,0.38,0.31,0.785,0.775,0.285,0.0475,0.13,0.19,0.7,0.6775,0.31,0.465
21-1011.00,0.62,0.6425,0.25,0.3175,0.7925,0.2175,0.3125,0.48,0.145,0.5425,0.0825,0.1775,0.1775,0.06,0.4275,0.0225,0.145,0.1875,0.9875,0.605,0.225,0.5375,0.9975,0.8725,0.7925,0.405,0.08,0.2675,0.575,0.5,0.4025,0.4025,0.43
21-1012.00,0.465,0.5275,0.065,0.2425,0.765,0.28,0.135,0.0825,0.03,0.4325,0.1,0.07,0.0525,0.08,0.2725,0.055,0.0475,0.095,0.535,0.46,0.08,0.065,0.6475,0.61,0.725,0.21,0.0625,0.1325,0.29,0.4125,0.3775,0.1275,0.33
21-1013.00,0.2925,0.6,0.1125,0.1825,0.75,0.125,0.2075,0.045,0.005,0.47,0.0025,0.0075,0,0.0575,0.2125,0.0275,0.035,0.155,0.9825,0.72,0.165,0.355,1,0.485,0.66,0.1025,0.14,0.23,0.54,0.4025,0.57,0.3425,0.35
21-1014.00,0.49,0.6525,0.33,0.365,0.875,0.41,0.125,0.135,0,0.4725,0.0625,0.0275,0,0,0.2775,0.01,0.0525,0.3025,0.99,0.7875,0.1775,0.465,1,0.6875,0.83,0.3025,0.1075,0.24,0.49,0.41,0.4725,0.5275,0.455
21-1015.00,0.57,0.7125,0.33,0.3625,0.785,0.5725,0.3775,0.23,0.08,0.655,0.115,0.1,0.0425,0.075,0.42,0.025,0.0725,0.1075,0.7375,0.585,0.24,0.4225,0.775,0.735,0.72,0.0975,0.0525,0.135,0.3475,0.5425,0.5125,0.405,0.4675
21-1021.00,0.4925,0.6575,0.2825,0.3,0.83,0.365,0.2075,0.2225,0.0325,0.45,0.095,0.08,0.0325,0.0825,0.2875,0.065,0.1175,0.2525,0.7825,0.6025,0.1725,0.295,0.7825,0.5825,0.705,0.3075,0.1625,0.19,0.3525,0.4425,0.535,0.2625,0.36
21-1022.00,0.4825,0.51,0.2325,0.1675,0.7325,0.3425,0.3175,0.0925,0.0375,0.425,0.0375,0.0175,0.02,0.065,0.2125,0.065,0.11,0.305,0.9725,0.8425,0.1575,0.4825,0.935,0.63,0.8425,0.2875,0.075,0.2775,0.5375,0.425,0.49,0.2325,0.4075
21-1023.00,0.495,0.485,0.0575,0.115,0.7,0.385,0.2125,0.025,0.025,0.45,0.03,0.015,0.015,0.0275,0.2025,0.0025,0.0925,0.19,0.915,0.6525,0.115,0.51,0.9575,0.67,0.725,0.13,0.08,0.1075,0.5,0.575,0.4925,0.2025,0.41
21-1091.00,0.585,0.77,0.3375,0.3475,0.9025,0.54,0.4025,0.0925,0.05,0.6025,0.16,0.1075,0.0275,0.03,0.6425,0.135,0.3325,0.4375,0.6575,0.625,0.13,0.5975,0.5475,0.8825,0.8025,0.3125,0.05,0.105,0.48,0.6475,0.475,0.4125,0.6
21-1092.00,0.46,0.61,0.12,0.0525,0.5475,0.2875,0.305,0.08,0.0175,0.525,0.0575,0.0425,0.0325,0.04,0.275,0.0225,0.0925,0.0525,0.7775,0.645,0.23,0.1325,0.74,0.5275,0.78,0.21,0.0325,0.0925,0.3,0.835,0.8475,0.255,0.345
21-1093.00,0.28,0.585,0.13,0.105,0.87,0.195,0.165,0.0925,0.0075,0.5525,0.0275,0.0075,0.005,0.025,0.28,0.0025,0.11,0.06,0.82,0.5675,0.1025,0.33,0.735,0.535,0.685,0.195,0.0475,0.0175,0.4025,0.38,0.455,0.2125,0.2075
21-1094.00,0.675,0.5875,0.2,0.4225,0.875,0.495,0.1925,0.295,0.135,0.495,0.0275,0.15,0,0.0225,0.4,0.005,0.25,0.4225,0.6425,0.365,0.13,0.65,0.49,0.705,0.7375,0.36,0.0725,0.05,0.375,0.4725,0.36,0.2675,0.3725
21-2011.00,0.7825,0.6225,0.4725,0.35,0.745,0.6275,0.2025,0.265,0.02,0.4625,0.19,0.185,0.21,0.2075,0.2625,0.1,0.05,0.095,0.665,0.6525,0.19,0.1125,0.7025,0.7075,0.7875,0.3475,0.5425,0.44,0.92,0.5775,0.4725,0.3325,0.685
21-2021.00,0.55,0.3825,0.3925,0.3175,0.735,0.5275,0.21,0.105,0.08,0.315,0.1275,0.125,0.1425,0.105,0.35,0.0025,0.065,0.13,0.625,0.46,0.1275,0.27,0.605,0.7525,0.6875,0.1525,0.19,0.1925,0.795,0.535,0.3875,0.2125,0.5175
23-1011.00,0.4425,0.55,0.295,0.2275,0.75,0.3475,0.09,0.13,0,0.5175,0.0425,0.01,0.005,0.005,0.3275,0,0.0325,0.01,0.32,0.28,0.1175,0.0475,0.18,0.395,0.915,0.0625,0.025,0.1725,0.1025,0.3375,0.995,0.195,0.505
23-1012.00,0.315,0.625,0.1875,0.02,0.25,0.1275,0.0775,0,0,0.47,0,0.05,0.02,0.0175,0.17,0.005,0.0175,0.0225,0.135,0.0875,0.1225,0.04,0.0425,0.11,0.8625,0.1075,0,0.1975,0.1625,0.435,0.97,0.1275,0.3075
23-1021.00,0.5675,0.6075,0.1775,0,0.7175,0.375,0.225,0.1525,0,0.4375,0.0625,0.03,0.085,0.115,0.42,0.0025,0.0325,0.18,0.3675,0.185,0.0675,0.58,0.3925,0.3475,0.78,0.08,0,0.0525,0.15,0.36,0.96,0.1675,0.3
23-1022.00,0.5125,0.3375,0.4,0.2,0.375,0.7625,0.3125,0.3475,0.08,0.395,0.125,0.065,0.145,0.1625,0.375,0.0875,0.0875,0.075,0.3825,0.2875,0.1625,0.185,0.17,0.42,0.8025,0.075,0.0625,0.18,0.145,0.3825,0.8025,0.2775,0.3125
23-1023.00,0.65,0.2875,0.2425,0.015,0.5625,0.3975,0.12,0.0325,0,0.445,0.0425,0,0.07,0.0575,0.275,0.065,0.09,0.09,0.59,0.3625,0.145,0.1375,0.42,0.3125,0.8775,0.155,0,0.1425,0.1375,0.525,0.975,0.215,0.3625
23-2011.00,0.5775,0.79,0.3875,0.2525,0.66,0.3875,0.175,0.1725,0.025,0.7275,0.15,0.05,0.0325,0.035,0.4025,0.05,0.045,0.2125,0.2575,0.1675,0.175,0.285,0.13,0.39,0.855,0.1125,0.025,0.135,0.0675,0.3225,0.945,0.315,0.2925
23-2093.00,0.2075,0.5375,0.14,0.1925,0.5275,0.065,0.1325,0.3275,,0.5025,0.12,0.0825,0.0225,0.0225,0.4025,0.0225,0,0,0.055,0.0325,0.3275,0,0,0.2475,0.6525,0,0,0.045,0,0.1225,0.6325,0.155,0.18
25-1011.00,0.7725,0.5075,0.745,0.3925,0.6725,0.61,0.27,0.41,0.0475,0.695,0.2825,0.2275,0.065,0.075,0.715,0.0675,0.0925,0.115,0.5525,0.465,0.2425,0.1075,0.21,0.8675,0.8925,0.1,0.04,0.3275,0.3275,0.2625,0.7025,0.2175,0.6025
25-1021.00,0.6925,0.625,0.5125,0.4125,0.7625,0.575,0.1875,0.365,0.12,0.95,0.705,0.625,0.1475,0.2275,0.72,0.3725,0.175,0.1175,0.4625,0.27,0.2825,0.0525,0.3,0.9425,0.795,0.22,0.1675,0.15,0.2875,0.6225,0.505,0.575,0.5925
25-1022.00,0.36,0.32,0.11,0.105,0.435,0.33,0.095,0.04,0.02,0.6075,0.1825,0.175,0.0575,0.0725,0.9675,0.3525,0.145,0.1525,0.335,0.1625,0.0575,0.0975,0.1375,0.7975,0.7025,0.12,0.04,0.0975,0.1425,0.215,0.1275,0.1575,0.2475
25-1031.00,0.4925,0.48,0.245,0.375,0.44,0.35,0.3,0.2225,0.0125,0.6875,0.5675,0.88,0.83,0.4025,0.525,0.415,0.215,0.2,0.5,0.545,0.4425,0.1325,0.2675,0.8225,0.84,0.2975,0.595,0.5025,0.4025,0.665,0.5625,0.3075,0.695
25-1032.00,0.5425,0.425,0.4725,0.36,0.3925,0.27,0.115,0.515,0.0125,0.8875,0.9875,0.9,0.295,0.6125,0.88,0.7925,0.5575,0.335,0.3825,0.22,0.1425,0.23,0.155,0.6975,0.84,0.07,0.1,0.015,0.0425,0.285,0.33,0.345,0.43
25-1041.00,0.73,0.5125,0.46,0.375,0.6475,0.51,0.4575,0.3525,0.6275,0.5525,0.45,0.295,0.245,0.3675,0.575,0.38,0.4725,0.83,0.465,0.3525,0.57,0.195,0.2125,0.7825,0.74,0.255,0.16,0.3125,0.3,0.495,0.51,0.2875,0.6
25-1042.00,0.4075,0.555,0.205,0.125,0.295,0.3975,0.1925,0.14,0.005,0.6925,0.4775,0.15,0.145,0.3125,0.79,0.49,0.7725,0.995,0.465,0.3625,0.5,0.5425,0.2775,0.765,0.845,0.1175,0.095,0.265,0.285,0.305,0.22,0.2225,0.515
25-1043.00,0.53,0.535,0.295,0.3075,0.4375,0.6,0.2525,0.17,0.045,0.73,0.27,0.2,0.23,0.36,0.815,0.2725,0.3975,0.74,0.3775,0.4275,0.6275,0.155,0.2175,0.94,0.95,0.22,0.04,0.325,0.0875,0.3,0.4275,0.22,0.4625
25-1051.00,0.41,0.365,0.1675,0.135,0.505,0.4225,0.1175,0.1325,0.07,0.64,0.4425,0.1925,0.12,0.2725,0.8325,0.7175,0.69,0.635,0.4175,0.3175,0.6125,0.315,0.2425,0.92,0.87,0.14,0.1075,0.3125,0.19,0.4,0.255,0.2775,0.465
25-1052.00,0.4025,0.43,0.2525,0.155,0.4525,0.39,0.205,0.255,0.1125,0.5825,0.5875,0.3775,0.1375,0.3375,0.885,0.605,0.9425,0.645,0.43,0.245,0.21,0.4425,0.2775,0.8775,0.8875,0.09,0.0875,0.1525,0.1975,0.505,0.2775,0.2475,0.4175
25-1053.00,0.535,0.4825,0.335,0.2525,0.4825,0.47,0.245,0.25,0.1,0.6925,0.5725,0.4125,0.1525,0.3575,0.715,0.535,0.74,0.8125,0.32,0.325,0.66,0.2525,0.29,0.8425,0.8425,0.16,0.1525,0.335,0.305,0.4575,0.4425,0.265,0.5175
25-1054.00,0.395,0.45,0.0875,0.1425,0.4575,0.2475,0.125,0.2075,0.0025,0.72,0.5725,0.4325,0.205,0.475,0.9525,0.8725,0.595,0.2775,0.2575,0.17,0.165,0.155,0.205,0.845,0.8,0.05,0.03,0.2,0.2,0.3325,0.3025,0.275,0.3725
25-1061.00,0.465,0.5125,0.25,0.215,0.33,0.4325,0.2375,0.16,0.1375,0.475,0.1475,0.2275,0.125,0.125,0.41,0.1025,0.205,0.4525,0.475,0.9875,0.69,0.2725,0.285,0.7725,0.8525,0.6375,0.285,0.8875,0.6475,0.3075,0.3525,0.2375,0.6025
25-1062.00,0.42,0.5025,0.185,0.145,0.425,0.34,0.1875,0.0875,0.015,0.565,0.075,0.1125,0.0025,0.0275,0.26,0.01,0.0225,0.085,0.4725,0.6825,0.4525,0.0425,0.2975,0.9075,0.895,0.6375,0.355,0.645,0.515,0.2425,0.4125,0.2375,0.605
25-1063.00,0.47,0.3725,0.8075,0.225,0.38,0.3775,0.13,0.1725,0.045,0.4725,0.0675,0.0625,0.0275,0.005,0.8775,0.005,0,0.05,0.35,0.44,0.3,0.025,0.21,0.83,0.7825,0.0775,0.0225,0.3275,0.22,0.27,0.465,0.105,0.31
25-1064.00,0.275,0.3225,0.1375,0.105,0.28,0.235,0.1525,0.015,0.02,0.53,0.135,0.2275,0.07,0.0675,0.5725,0.3625,0.2425,0.295,0.2825,0.51,0.94,0.05,0.14,0.8175,0.9625,0.2375,0.135,0.5875,0.3525,0.185,0.365,0.135,0.415
25-1065.00,0.365,0.325,0.285,0.1075,0.475,0.355,0.0575,0.075,0.0025,0.4625,0.01,0.0725,0.0025,0.0075,0.45,0.005,0.025,0.0525,0.42,0.5725,0.5075,0.0275,0.1625,0.8225,0.9025,0.395,0.1025,0.65,0.505,0.2375,0.8625,0.1325,0.415
25-1066.00,0.495,0.46,0.2,0.18,0.465,0.43,0.02,0.0325,0,0.595,0.2125,0.1025,0.0225,0.0825,0.71,0.175,0.22,0.5,1,0.725,0.14,0.39,0.705,0.82,0.9525,0.195,0.1325,0.3625,0.4625,0.2975,0.365,0.2875,0.5425
25-1067.00,0.415,0.565,0.1875,0.1675,0.5925,0.4675,0.135,0.1325,0.025,0.72,0.13,0.05,0.0425,0.08,0.6125,0.095,0.0425,0.12,0.6925,0.9325,0.53,0.27,0.41,0.8625,0.985,0.255,0.1825,0.7125,0.6225,0.305,0.62,0.305,0.605
25-1071.00,0.6725,0.6775,0.3425,0.365,0.595,0.5925,0.15,0.3025,0.095,0.6725,0.28,0.145,0.1275,0.255,0.5525,0.28,0.5225,0.83,0.6925,0.47,0.175,0.81,0.57,0.92,0.9025,0.145,0.1725,0.22,0.375,0.6025,0.5175,0.2725,0.545
25-1072.00,0.5125,0.5975,0.1325,0.3375,0.735,0.4725,0.2025,0.11,0.05,0.65,0.1525,0.1725,0.045,0.1,0.73,0.16,0.405,0.78,0.8725,0.67,0.14,0.895,0.6925,0.885,0.855,0.1875,0.0975,0.2175,0.43,0.5425,0.4975,0.3675,0.5575
25-1081.00,0.6675,0.37,0.13,0.1875,0.57,0.5375,0.135,0.0675,0.0025,0.5275,0.135,0.07,0.035,0.0525,0.6025,0.065,0.005,0.1975,0.8075,0.6775,0.155,0.1325,0.3825,0.895,0.8975,0.1325,0.135,0.29,0.5125,0.255,0.335,0.265,0.6675
25-1082.00,0.555,0.395,0.1725,0.21,0.72,0.42,0.055,0.1575,0,0.7875,0.205,0.18,0.06,0.0575,0.49,0.075,0.04,0.005,0.5875,0.6125,0.2625,0.0375,0.2525,0.885,0.915,0.14,0.1275,0.355,0.375,0.325,0.475,0.43,0.65
25-1111.00,0.6675,0.6075,0.2625,0.3325,0.735,0.565,0.275,0.2275,0.0275,0.7,0.2175,0.18,0.1075,0.1725,0.38,0.1775,0.19,0.1525,0.6625,0.4875,0.33,0.155,0.3275,0.885,0.8675,0.1225,0.0975,0.3275,0.33,0.8575,0.8625,0.3175,0.5175
25-1112.00,0.4675,0.385,0.37,0.2825,0.4875,0.365,0.09,0.0975,0.0125,0.5825,0.165,0.1175,0.0325,0.0475,0.375,0.0275,0.025,0.0675,0.3925,0.4375,0.225,0.1175,0.28,0.8575,0.925,0.1975,0.115,0.315,0.4125,0.3025,0.9775,0.1675,0.565
25-1113.00,0.645,0.4925,0.2075,0.2975,0.59,0.435,0.1475,0.025,0.0475,0.645,0.0275,0.1025,0.015,0.0125,0.485,0.0075,0.0225,0.215,0.7675,0.8675,0.3025,0.2425,0.815,0.9175,0.7675,0.295,0.06,0.22,0.425,0.3775,0.565,0.3925,0.5725
25-1121.00,0.4825,0.4575,0.1975,0.2425,0.4975,0.3375,0.2125,0.1775,0.0175,0.5525,0.225,0.4925,0.1825,0.26,0.345,0.1825,0.1675,0.1825,0.595,0.5325,0.3325,0.1375,0.4025,0.9175,0.8225,0.425,0.9775,0.595,0.555,0.3575,0.3225,0.3575,0.64
25-1122.00,0.5675,0.5825,0.1625,0.2475,0.64,0.37,0.13,0.04,0.035,0.7075,0.1175,0.1475,0.0175,0.0075,0.2625,0.015,0.0125,0.0425,0.7275,0.695,0.3525,0.0275,0.425,0.9225,0.985,0.35,0.5225,0.58,0.635,0.3875,0.375,0.465,0.8125
25-1123.00,0.4825,0.505,0.1675,0.265,0.6175,0.3875,0.165,0.1075,0.105,0.5875,0.145,0.1025,0.095,0.14,0.2475,0.115,0.1075,0.175,0.565,0.67,0.3425,0.1225,0.28,0.8675,0.9275,0.4125,0.5,0.6875,0.68,0.3125,0.3525,0.21,0.7675
25-1124.00,0.3475,0.5025,0.125,0.1275,0.2075,0.2625,0.1075,0.0425,0,0.385,0.005,0.09,0,0.02,0.165,0,0,0.0025,0.3175,0.515,0.5,0.02,0.1375,0.7725,0.8425,1,0.4275,0.5775,0.5625,0.17,0.18,0.12,0.28
25-1125.00,0.44,0.4925,0.11,0.28,0.445,0.3725,0.2375,0.015,0.0025,0.5875,0,0.1025,0,0.03,0.445,0.0725,0.035,0.1675,0.515,0.6475,0.76,0.0925,0.2225,0.855,0.9325,0.4,0.38,1,0.5875,0.355,0.785,0.2,0.535
25-1126.00,0.215,0.34,0.0875,0.1025,0.4825,0.285,0.0975,0.0125,0,0.4875,0.0025,0.05,0.0025,0,0.275,0.0475,0.0175,0.1275,0.47,0.5375,0.2725,0.1025,0.21,0.7925,0.9025,0.3875,0.2325,0.6175,0.96,0.135,0.5075,0.205,0.485
25-1192.00,0.64,0.6,0.265,0.3675,0.685,0.4325,0.25,0.2575,0.24,0.61,0.2025,0.2725,0.1425,0.0675,0.615,0.0575,0.2275,0.2625,0.6475,0.5725,0.2,0.24,0.405,0.82,0.89,0.26,0.1775,0.2725,0.4475,0.4675,0.52,0.3075,0.5425
25-1193.00,0.58,0.4275,0.365,0.355,0.595,0.495,0.245,0.1325,0.135,0.65,0.3225,0.18,0.145,0.2225,0.5775,0.3375,0.4075,0.615,0.6425,0.385,0.1375,0.5,0.52,0.935,0.775,0.085,0.235,0.21,0.305,0.475,0.2975,0.24,0.5025
25-1194.00,0.5875,0.6375,0.47,0.4475,0.68,0.5025,0.375,0.455,0.1475,0.6,0.635,0.5475,0.4075,0.685,0.68,0.5,0.515,0.265,0.395,0.265,0.2,0.27,0.28,0.8675,0.71,0.2025,0.135,0.205,0.2075,0.5625,0.3925,0.25,0.355
25-2011.00,0.415,0.3925,0.08,0.2725,0.55,0.28,0.1775,0.0925,0.1625,0.245,0.065,0.13,0.0825,0.11,0.33,0.06,0.075,0.1275,0.52,0.3575,0.2425,0.305,0.34,0.7475,0.6975,0.2975,0.3025,0.205,0.2325,0.5725,0.3075,0.215,0.325
25-2012.00,0.48,0.57,0.1525,0.1125,0.6325,0.35,0.1825,0.155,0.0925,0.555,0.22,0.2025,0.0425,0.0725,0.715,0.1225,0.135,0.3225,0.7375,0.5825,0.5425,0.27,0.5575,0.9225,0.9025,0.275,0.3975,0.4925,0.4825,0.5775,0.33,0.215,0.41
25-2021.00,0.535,0.5425,0.1425,0.195,0.7125,0.3775,0.1775,0.0875,0.0175,0.5575,0.21,0.1975,0.095,0.0675,0.7275,0.1325,0.0825,0.21,0.665,0.485,0.47,0.18,0.5675,0.96,0.965,0.245,0.235,0.4675,0.415,0.545,0.3675,0.255,0.525
25-2022.00,0.3625,0.5075,0.1025,0.1675,0.5225,0.3075,0.1325,0.0825,0.1225,0.5575,0.21,0.14,0.025,0.075,0.665,0.255,0.2275,0.3025,0.575,0.5175,0.5025,0.2075,0.3675,0.8675,0.8325,0.105,0.3125,0.5425,0.6975,0.54,0.4075,0.205,0.4625
25-2023.00,0.6,0.6125,0.42,0.2925,0.5575,0.4075,0.3425,0.3625,0.34,0.6425,0.53,0.4775,0.38,0.4025,0.495,0.16,0.27,0.35,0.6825,0.4475,0.2575,0.14,0.36,0.8075,0.865,0.265,0.2,0.3525,0.3075,0.5275,0.425,0.3275,0.4425
25-2031.00,0.415,0.47,0.0975,0.095,0.735,0.33,0.15,0.0375,0.03,0.645,0.2225,0.2025,0.0075,0.0975,0.4275,0.1625,0.1575,0.2975,0.59,0.545,0.4325,0.2125,0.41,0.9225,0.8375,0.3025,0.2825,0.5075,0.3925,0.4625,0.4325,0.2325,0.4925
25-2032.00,0.565,0.445,0.305,0.35,0.6325,0.4425,0.34,0.36,0.2175,0.695,0.3375,0.4575,0.13,0.28,0.53,0.2025,0.2725,0.2575,0.525,0.4025,0.3125,0.23,0.4275,0.8775,0.7625,0.2775,0.32,0.275,0.355,0.5675,0.4175,0.365,0.4625
25-2051.00,0.35,0.5225,0.0125,0.0425,0.515,0.1725,0.3475,0.04,0.0675,0.5625,0.0425,0.0375,0,0.0525,0.4625,0.07,0.1,0.1825,0.705,0.495,0.33,0.485,0.57,0.8075,0.875,0.39,0.1575,0.2875,0.4775,0.595,0.415,0.2875,0.4425
25-2056.00,0.6475,0.605,0.0825,0.02,0.8025,0.43,0.1675,0.1,0.005,0.74,0.1,0.07,0.0025,0.05,0.71,0.125,0.1425,0.2525,0.6275,0.3875,0.405,0.1825,0.5575,0.945,0.895,0.2175,0.125,0.245,0.24,0.615,0.3575,0.2725,0.3225
25-2057.00,0.4875,0.6875,0.1625,0.0525,0.64,0.46,0.215,0.1075,0.06,0.485,0.16,0.2225,0.045,0.0225,0.7375,0.165,0.165,0.325,0.62,0.5775,0.3475,0.1475,0.4875,0.8575,0.875,0.3075,0.2525,0.4525,0.4475,0.5625,0.505,0.345,0.4125
25-2058.00,0.58,0.635,0.255,0.2,0.7225,0.475,0.295,0.2275,0.1575,0.635,0.2725,0.27,0.125,0.2,0.61,0.25,0.27,0.3525,0.795,0.57,0.395,0.3175,0.64,0.9475,0.9025,0.3,0.2075,0.3375,0.36,0.585,0.52,0.2975,0.47
25-2059.01,0.38,0.44,0.095,0.0825,0.525,0.1775,0.275,0.1075,0.025,0.4175,0.215,0.1425,0.0725,0.155,0.3225,0.2375,0.12,0.3225,0.725,0.38,0.095,0.38,0.535,0.88,0.6125,0.2975,0.2375,0.155,0.2975,0.4275,0.44,0.215,0.405
25-3011.00,0.4775,0.5425,0.085,0.1325,0.6275,0.2025,0.065,0.01,0,0.3725,0.015,0.0325,0,0,0.4375,0.0425,0.1,0.1375,0.4175,0.4025,0.3125,0.03,0.2925,0.7275,0.855,0.19,0.14,0.315,0.24,0.2275,0.255,0.11,0.3175
25-3021.00,0.2675,0.255,0.0575,0.355,0.6225,0.17,0.1,0.1425,0.005,0.365,0.1525,0.0275,0.0025,0.14,0.36,0.2225,0.0475,0.12,0.3625,0.37,0.2975,0.105,0.165,0.8175,0.5625,0.36,0.2925,0.16,0.1725,0.26,0.23,0.065,0.3575
25-3031.00,0.2775,0.325,0.0775,0.0475,0.51,0.1725,0.14,0.1075,0.0175,0.485,0.09,0.065,0.04,0.0475,0.45,0.0675,0.1025,0.0975,0.4475,0.275,0.33,0.1375,0.3275,0.5725,0.7725,0.1775,0.2125,0.3525,0.325,0.545,0.265,0.305,0.3875
25-3041.00,0.3325,0.4425,0.17,0.215,0.875,0.2725,0.0725,0.095,0.0125,0.56,0.1825,0.1125,0.035,0.035,0.6825,0.405,0.4325,0.42,0.535,0.4325,0.2725,0.1825,0.3075,0.785,0.8075,0.3075,0.1125,0.295,0.205,0.33,0.2275,0.2875,0.42
25-4011.00,0.675,0.6325,0.2825,0.275,0.735,0.475,0.1375,0.25,0,0.7025,0.17,0.2175,0.1525,0.13,0.3225,0.0725,0.25,0.0575,0.2025,0.4125,0.3875,0.0475,0.0725,0.605,0.7425,0.275,0.2325,0.8375,0.265,0.4025,0.5575,0.2825,0.4675
25-4012.00,0.5825,0.535,0.3125,0.3775,0.515,0.355,0.1825,0.1675,0.035,0.4575,0.0975,0.38,0.1825,0.1475,0.295,0.0675,0.22,0.085,0.3375,0.575,0.52,0.0425,0.0975,0.525,0.8925,0.3575,0.69,0.88,0.5025,0.31,0.245,0.1825,0.55
25-4013.00,0.525,0.4575,0.155,0.1175,0.3025,0.2475,0.35,0.4225,0.0525,0.33,0.355,0.4,0.25,0.435,0.3975,0.265,0.52,0.24,0.1775,0.295,0.2625,0.06,0.055,0.395,0.6025,0.15,0.62,0.5525,0.22,0.575,0.27,0.195,0.37
25-4022.00,0.5625,0.71,0.3175,0.395,0.9025,0.39,0.1025,0.32,0.0475,0.76,0.2,0.2625,0.0875,0.165,0.4125,0.08,0.125,0.1,0.4275,0.38,0.3725,0.0875,0.1575,0.7425,0.8475,0.155,0.1825,0.355,0.2975,0.4125,0.3775,0.33,0.5675
25-4031.00,0.2725,0.59,0.23,0.205,0.775,0.17,0.07,0.2275,0,0.575,0.1325,0.1425,0.04,0.07,0.4025,0.075,0.11,0.0475,0.405,0.2875,0.345,0.135,0.1225,0.54,0.7075,0.1075,0.19,0.215,0.1775,0.3975,0.165,0.25,0.46
25-9021.00,0.575,0.52,0.4325,0.4125,0.7,0.4525,0.2875,0.345,0.72,0.555,0.3325,0.2125,0.2025,0.305,0.4725,0.2225,0.4175,0.6675,0.425,0.3425,0.37,0.1475,0.1675,0.7875,0.7325,0.2125,0.055,0.185,0.2225,0.38,0.445,0.2325,0.62
25-9031.00,0.6975,0.5275,0.3325,0.345,0.6175,0.6025,0.2025,0.295,0.055,0.65,0.2625,0.2425,0.055,0.09,0.67,0.11,0.0875,0.1475,0.535,0.57,0.325,0.1375,0.4675,0.945,0.83,0.4025,0.2,0.4825,0.5525,0.6175,0.4525,0.2875,0.5875
25-9042.00,0.475,0.54,0.1975,0.285,0.7775,0.29,0.195,0.215,0.2725,0.4475,0.2125,0.22,0.2425,0.1375,0.63,0.13,0.34,0.35,0.69,0.52,0.4975,0.21,0.4925,0.62,0.7,0.405,0.27,0.375,0.235,0.575,0.285,0.2075,0.29
25-9043.00,0.2875,0.285,0.1475,0.0675,0.46,0.2175,0.1675,0.075,0.07,0.3125,0.0875,0.1,0.0475,0.0475,0.4175,0.0875,0.215,0.185,0.5925,0.34,0.3575,0.3075,0.34,0.4675,0.6275,0.11,0.23,0.3875,0.3325,0.3925,0.2525,0.165,0.34
25-9044.00,0.3225,0.41,0.075,0.095,0.345,0.1925,0.1525,0.16,0.035,0.63,0.2125,0.29,0.0875,0.1275,0.5675,0.2325,0.255,0.3425,0.4125,0.37,0.2875,0.165,0.1875,0.8625,0.92,0.1575,0.2925,0.3225,0.3,0.31,0.1025,0.1425,0.4775
27-1011.00,0.4875,0.4325,0.1725,0.665,0.585,0.29,0.1975,0.4925,0.0275,0.81,0.3575,0.8375,0.0675,0.1725,0.27,0.055,0.0525,0.045,0.3275,0.435,0.2675,0.0475,0.115,0.3875,0.8125,0.1625,0.7975,0.245,0.25,0.2175,0.18,0.4175,0.78
27-1012.00,0.3525,0.315,0.37,0.66,0.575,0.1525,0.1625,0.5425,0,0.41,0.24,0.7275,0.13,0.445,0.3575,0.13,0.215,0.055,0.1525,0.185,0.0325,0.035,0.045,0.41,0.58,0.08,0.675,0.185,0.13,0.175,0.2075,0.1525,0.4575
27-1013.00,0.5125,0.425,0.255,0.39,0.58,0.18,0.35,0.6475,0,0.81,0.4075,0.8375,0.2725,0.2725,0.55,0.16,0.265,0.1025,0.45,0.345,0.43,0.0025,0.02,0.6025,0.7175,0.0675,0.6125,0.195,0.1575,0.3475,0.3325,0.285,0.59
27-1014.00,0.485,0.45,0.2125,0.7175,0.735,0.26,0.1125,0.5375,0,0.9875,0.5475,0.805,0.0425,0.125,0.3675,0.0775,0.0025,0.1175,0.2425,0.1925,0.5025,0.0375,0.0725,0.3,0.845,0.15,0.4725,0.1125,0.1,0.1775,0.2925,0.6125,0.7775
27-1021.00,0.4925,0.5025,0.2925,0.5075,0.49,0.36,0.22,0.76,0.0625,0.725,0.925,0.9275,0.2925,0.76,0.68,0.525,0.3525,0.19,0.21,0.135,0.1625,0.155,0.0625,0.4475,0.6425,0.0375,0.2225,0.105,0.1375,0.3375,0.2775,0.185,0.3725
27-1022.00,0.3925,0.2575,0.16,0.5475,0.25,0.36,0.265,0.5625,0.035,0.5875,0.2025,0.8525,0.115,0.1425,0.32,0.0825,0.0375,0.0925,0.1875,0.225,0.1775,0.05,0.085,0.31,0.5325,0.24,0.425,0.07,0.055,0.11,0.13,0.1575,0.285
27-1023.00,0.485,0.3825,0.2975,0.6175,0.7675,0.24,0.3775,0.6375,0.0725,0.265,0.1375,0.6025,0.04,0.11,0.3825,0.1125,0.2,0.165,0.2925,0.1425,0.095,0.0275,0.02,0.36,0.5975,0.1475,0.2725,0.06,0.115,0.2575,0.155,0.31,0.2075
27-1024.00,0.5,0.46,0.33,0.6625,0.6375,0.375,0.1175,0.575,0.0625,0.85,0.4,0.925,0.1375,0.15,0.315,0.1375,0.0625,0.05,0.4375,0.3875,0.2625,0.05,0.1,0.45,0.7,0.1875,0.85,0.225,0.225,0.175,0.2,0.3,0.825
27-1025.00,0.66,0.53,0.43,0.69,0.87,0.5,0.18,0.48,0.04,0.63,0.36,0.97,0.81,0.38,0.49,0.18,0.11,0.11,0.52,0.365,0.2,0.09,0.135,0.3575,0.78,0.14,0.575,0.24,0.175,0.6,0.33,0.26,0.3925
27-1026.00,0.5375,0.3125,0.2125,0.695,0.7125,0.3325,0.045,0.25,0.015,0.4525,0.145,0.46,0.26,0.23,0.365,0.0325,0.05,0.0175,0.2525,0.18,0.0825,0.0525,0.0675,0.3175,0.575,0.05,0.245,0.0775,0.1075,0.2925,0.09,0.1225,0.4325
27-1027.00,0.5,0.2975,0.31,0.275,0.37,0.2775,0.1675,0.5125,0.025,0.7025,0.4875,0.975,0.63,0.475,0.5125,0.3575,0.1675,0.0475,0.44,0.4525,0.31,0.0725,0.0825,0.405,0.56,0.1775,0.9875,0.6075,0.3575,0.2975,0.13,0.225,0.535
27-2011.00,0.39,0.3025,0.175,0.4725,0.52,0.2475,0.135,0.0875,0,0.31,0.04,0.3375,0.1425,0.0725,0.175,0.055,0.0025,0.01,0.565,0.61,0.1675,0.0575,0.305,0.4325,0.8275,0.2425,0.9175,0.3975,0.38,0.295,0.13,0.15,0.78
27-2012.00,0.5875,0.3675,0.1975,0.38,0.5425,0.285,0.15,0.31,0.035,0.6425,0.4275,0.2825,0.0425,0.1325,0.28,0.0775,0.005,0.025,0.2525,0.2725,0.2925,0.035,0.085,0.3525,0.715,0.2675,0.4525,0.2175,0.25,0.16,0.305,0.685,0.93
27-2012.03,0.725,0.595,0.4025,0.68,0.7125,0.595,0.2425,0.55,0.0925,0.865,0.61,0.3575,0.1975,0.3775,0.5275,0.165,0.11,0.1075,0.4825,0.3175,0.29,0.1175,0.1975,0.59,0.8425,0.12,0.3775,0.2575,0.3075,0.455,0.4925,0.715,0.9725
27-2012.04,0.625,0.6025,0.4275,0.5475,0.755,0.6475,0.1775,0.23,0.0125,0.4175,0.0275,0.065,0.045,0.07,0.2875,0.0275,0.0325,0.0675,0.4325,0.3175,0.1625,0.05,0.1825,0.3525,0.8,0.1425,0.58,0.18,0.175,0.2,0.2425,0.2625,0.65
27-2012.05,0.57,0.3575,0.1,0.25,0.515,0.215,0.1975,0.4475,0.0025,0.835,0.655,0.3625,0.0875,0.1525,0.35,0.085,0.08,0.0025,0.2625,0.205,0.42,0.0725,0.06,0.4625,0.7825,0.075,0.125,0.1275,0.1275,0.2725,0.3775,0.69,0.9375
27-2021.00,0.68,0.4675,0.465,0.5425,0.645,0.5975,0.355,0.345,0.2025,0.4125,0.3225,0.315,0.215,0.4375,0.5175,0.2725,0.2225,0.1,0.37,0.27,0.2325,0.1725,0.305,0.5575,0.6725,0.3425,0.1,0.155,0.14,0.47,0.2575,0.325,0.5775
27-2022.00,0.645,0.5025,0.2825,0.4325,0.63,0.5425,0.4,0.2575,0.1175,0.5125,0.1825,0.29,0.0925,0.19,0.45,0.21,0.1475,0.245,0.64,0.3775,0.1925,0.35,0.4575,0.7075,0.6725,0.205,0.155,0.1425,0.27,0.5275,0.285,0.3,0.5625
27-2023.00,0.4625,0.2625,0.1125,0.15,0.4175,0.2375,0.275,0.0825,0.0475,0.3,0.0825,0.155,0.1075,0.0725,0.31,0.13,0.0475,0.1325,0.3875,0.1375,0.105,0.1675,0.13,0.475,0.6075,0.0725,0.13,0.0825,0.12,0.2625,0.1775,0.12,0.3375
27-2031.00,0.31,0.2075,0.2775,0.3725,0.48,0.22,0.3775,0.17,0.1125,0.175,0.16,0.18,0.0575,0.09,0.3975,0.1325,0.1325,0.075,0.3725,0.33,0.1075,0.11,0.3625,0.35,0.6275,0.23,0.8725,0.1225,0.1025,0.2325,0.2475,0.0725,0.2825
27-2032.00,0.5625,0.2975,0.225,0.405,0.4175,0.44,0.155,0.5625,0.0125,0.405,0.1425,0.525,0.125,0.095,0.2375,0.25,0.035,0.1425,0.475,0.3225,0.0725,0.06,0.31,0.5725,0.5,0.1775,0.88,0.2975,0.31,0.2,0.13,0.155,0.525
27-2041.00,0.4525,0.485,0.2425,0.3825,0.5225,0.3675,0.1025,0.265,0.0175,0.5975,0.165,0.2275,0.035,0.1025,0.2375,0.1025,0.0225,0.0325,0.395,0.2625,0.1625,0.0525,0.1925,0.6225,0.6975,0.2875,0.93,0.3375,0.52,0.1525,0.2075,0.215,0.47
27-2042.00,0.325,0.23,0.155,0.2625,0.34,0.2725,0.2,0.195,0.025,0.2275,0.12,0.165,0.1,0.14,0.27,0.105,0.04,0.0525,0.3225,0.2375,0.125,0.085,0.2,0.3625,0.5375,0.375,0.885,0.2825,0.3325,0.1475,0.1725,0.1975,0.355
27-3011.00,0.385,0.26,0.1375,0.3875,0.3775,0.2775,0.1775,0.3775,0.015,0.71,0.32,0.1075,0.05,0.0725,0.1625,0.0575,0.04,0.045,0.2075,0.1725,0.25,0.0375,0.0875,0.38,0.9125,0.0225,0.31,0.3025,0.225,0.405,0.4325,0.6775,0.9525
27-3023.00,0.4475,0.4,0.285,0.2925,0.5425,0.24,0.3325,0.1875,0.1,0.6,0.21,0.165,0.095,0.1225,0.35,0.105,0.0675,0.1625,0.405,0.445,0.51,0.2175,0.1325,0.3875,0.9625,0.3,0.2525,0.485,0.3,0.49,0.675,0.595,0.9275
27-3031.00,0.7375,0.4875,0.3325,0.7275,0.7375,0.4425,0.1125,0.215,0.0125,0.625,0.0675,0.295,0.0225,0.0225,0.3075,0.035,0.0125,0.045,0.3875,0.41,0.295,0.0125,0.0825,0.4425,0.9325,0.205,0.1375,0.1825,0.2275,0.215,0.3075,0.3075,0.9775
27-3041.00,0.585,0.565,0.23,0.3125,0.5275,0.3675,0.2275,0.3025,0,0.515,0.1525,0.35,0.0325,0.0475,0.3025,0.075,0.0375,0.0875,0.24,0.3,0.4125,0.105,0.055,0.5625,0.95,0.1575,0.145,0.4025,0.29,0.23,0.4225,0.4125,0.88
27-3042.00,0.56,0.69,0.185,0.255,0.495,0.15,0.33,0.5325,0,0.8225,0.47,0.3525,0.105,0.46,0.4825,0.1675,0.2,0.0775,0.1925,0.0675,0.0525,0.255,0.0225,0.54,0.9525,0.0425,0.03,0.025,0.005,0.5425,0.3225,0.355,0.5625
27-3043.00,0.415,0.455,0.235,0.825,0.7525,0.335,0.09,0.225,0.0175,0.635,0.0025,0.3125,,0.0875,0.465,0,0,0,0.395,0.41,0.2,0.005,0.045,0.23,,0.115,0.2625,0.1525,0.215,0.22,0.25,0.34,0.8
27-3043.05,0.37,0.5675,0.3075,0.5575,0.3625,0.045,0.16,0.2275,0,0.59,0.0575,0.1375,0,0.0125,0.1125,0.0225,0,0.035,0.4425,0.405,0.2375,0.0675,0.1475,0.3175,0.92,0.2625,0.5225,0.4425,0.375,0.125,0.215,0.1675,0.7625
27-3091.00,0.35,0.555,0.1675,0.125,0.72,0.28,0.195,0.1925,0.025,0.4775,0.09,0.0975,0.045,0.06,0.3425,0.08,0.105,0.2575,0.3825,0.37,0.295,0.31,0.22,0.5975,0.915,0.7825,0.0575,0.1925,0.1675,0.5175,0.5075,0.2675,0.3875
27-3092.00,0.5275,0.9,0.38,0.1925,0.62,0.2425,0.2525,0.3925,0,0.785,0.27,0,0,0.035,0.0975,0,0.0125,0,0.115,0.0725,0.105,0.1325,0.025,0.2275,0.9525,0.0075,0,0.045,0.06,0.3975,0.7275,0.345,0.5025
27-4011.00,0.5,0.355,0.1475,0.21,0.595,0.365,0.295,0.355,0.0225,0.7775,0.64,0.495,0.235,0.48,0.46,0.4275,0.1675,0.09,0.335,0.235,0.2125,0.095,0.1075,0.5225,0.7575,0.06,0.65,0.1875,0.1525,0.52,0.41,0.6775,0.7675
27-4012.00,0.3125,0.3025,0.1175,0.1275,0.3725,0.2425,0.185,0.365,0,0.8775,0.7025,0.455,0.2375,0.42,0.4475,0.1975,0.13,0.0275,0.13,0.0425,0.2275,0.04,0.045,0.4275,0.6125,0.075,0.0225,0.0175,0.0475,0.3075,0.2425,0.8,0.635
27-4014.00,0.44,0.25,0.25,0.4175,0.72,0.25,0.135,0.57,0.02,0.9,0.6675,0.32,0.135,0.365,0.33,0.27,0.0425,0.02,0.4275,0.2,0.07,0.04,0.16,0.385,0.67,0.1775,0.69,0.08,0.145,0.17,0.12,0.4,0.625
27-4021.00,0.715,0.6125,0.5725,0.87,0.92,0.4275,0.25,0.625,0.025,0.795,0.3175,0.4425,0.12,0.285,0.34,0.225,0.125,0.045,0.59,0.2625,0.095,0.0225,0.1375,0.455,0.6825,0.125,0.6375,0.125,0.1375,0.3175,0.285,0.37,0.6825
27-4031.00,0.315,0.3,0.05,0.25,0.4125,0.22,0.2525,0.4075,0.0025,0.7575,0.475,0.2475,0.15,0.345,0.43,0.135,0.13,0.05,0.155,0.28,0.3475,0.085,0.0975,0.4375,0.835,0.1,0.2675,0.275,0.115,0.44,0.3675,0.7025,0.71
27-4032.00,0.57,0.5575,0.2875,0.5525,0.61,0.3775,0.31,0.675,0.045,0.8775,0.585,0.56,0.045,0.1775,0.3125,0.0775,0.0325,0.0275,0.1725,0.1875,0.3275,0.1825,0.0825,0.515,0.8975,0.325,0.7625,0.415,0.22,0.2525,0.4475,0.78,0.985
29-1011.00,0.6875,0.6225,0.485,0.585,0.7675,0.6175,0.065,0.3025,0.0375,0.55,0.3025,0.2125,0.035,0.26,0.405,0.2475,0.3275,0.735,0.705,0.4875,0.15,0.835,0.605,0.61,0.775,0.2025,0.035,0.1525,0.3775,0.38,0.4275,0.2325,0.335
29-1021.00,0.555,0.365,0.5,0.35,0.81,0.545,0.11,0.38,0.045,0.46,0.4,0.3775,0.1925,0.445,0.34,0.41,0.4825,0.63,0.6075,0.2075,0.0825,1,0.325,0.5725,0.7325,0.175,0.11,0.07,0.0875,0.3625,0.3675,0.1925,0.2375
29-1022.00,0.6025,0.43,0.4425,0.45,0.83,0.595,0.1875,0.255,0.0425,0.4975,0.3075,0.3375,0.1725,0.4225,0.5125,0.3725,0.6075,0.8525,0.6875,0.35,0.19,1,0.5275,0.6125,0.85,0.2925,0.1075,0.2225,0.2775,0.395,0.46,0.3025,0.37
29-1023.00,0.545,0.42,0.41,0.4,0.8125,0.49,0.04,0.4025,0.0075,0.565,0.5125,0.37,0.0475,0.2975,0.555,0.5175,0.4075,0.67,0.49,0.2025,0.0275,0.9875,0.2725,0.535,0.6725,0.205,0.0125,0.0525,0.0625,0.365,0.185,0.2775,0.395
29-1024.00,0.5925,0.465,0.435,0.345,0.7825,0.48,0.09,0.4475,0,0.48,0.365,0.2925,0.1025,0.265,0.2725,0.175,0.39,0.5525,0.5025,0.195,0.0225,0.99,0.2975,0.5225,0.5675,0.175,0.09,0.0125,0.0625,0.2475,0.265,0.2425,0.3525
29-1031.00,0.4575,0.4475,0.32,0.4175,0.75,0.3525,0.1325,0.1825,0.5425,0.6025,0.1675,0.1075,0.0175,0.0675,0.6575,0.1175,0.595,0.8525,0.7175,0.5775,0.1425,0.8175,0.7675,0.7,0.7825,0.215,0.0075,0.0825,0.2325,0.31,0.3,0.2575,0.4475
29-1041.00,0.625,0.56,0.5725,0.525,0.85,0.5475,0.0825,0.2625,0,0.5475,0.325,0.13,0.035,0.225,0.655,0.5725,0.475,0.88,0.63,0.3575,0.0725,0.9525,0.6375,0.6425,0.725,0.19,0.06,0.0725,0.19,0.5,0.5475,0.3325,0.4175
29-1051.00,0.395,0.575,0.165,0.27,0.79,0.3925,0.11,0.41,0.0375,0.5925,0.2,0.0875,0.0225,0.07,0.8725,0.2075,0.7775,0.7375,0.6775,0.35,0.1125,0.91,0.475,0.585,0.79,0.1425,0.015,0.0325,0.135,0.27,0.395,0.435,0.435
29-1071.00,0.4025,0.48,0.1825,0.1425,0.79,0.375,0.1275,0.14,0.02,0.635,0.1725,0.1225,0.04,0.175,0.6025,0.3275,0.6175,0.9525,0.8925,0.6525,0.1425,1,0.875,0.7425,0.905,0.215,0.0275,0.1025,0.34,0.5475,0.4725,0.3925,0.4925
29-1071.01,0.23,0.25,0.105,0.05,0.65,0.1475,0.2425,0.115,0.0725,0.525,0.265,0.085,0.05,0.465,0.64,0.41,0.655,0.615,0.435,0.365,0.0825,0.765,0.385,0.595,0.7525,0.32,0.0375,0.065,0.245,0.4625,0.3725,0.1325,0.2925
29-1081.00,0.6925,0.5375,0.555,0.4775,0.905,0.58,0.0325,0.385,0.0025,0.7,0.315,0.2425,0.0375,0.3525,0.44,0.3125,0.5925,0.6925,0.5925,0.4,0.0575,0.9925,0.5525,0.78,0.9,0.045,0,0.03,0.1825,0.35,0.41,0.18,0.36
29-1122.00,0.455,0.455,0.17,0.285,0.8175,0.285,0.2275,0.095,0.0675,0.3175,0.1925,0.1825,0.08,0.205,0.3525,0.295,0.17,0.6125,0.8875,0.56,0.045,0.8075,0.92,0.715,0.775,0.2725,0.1475,0.08,0.455,0.34,0.31,0.16,0.375
29-1122.01,0.305,0.37,0.0975,0.13,0.6525,0.13,0.675,0.065,0.075,0.435,0.1525,0.075,0.055,0.1075,0.25,0.055,0.0425,0.12,0.7075,0.5,0.4025,0.38,0.63,0.7925,0.815,0.24,0.0425,0.1075,0.2925,0.5975,0.4025,0.185,0.3075
29-1123.00,0.55,0.52,0.34,0.405,0.9025,0.4675,0.13,0.1675,0.0175,0.4425,0.165,0.085,0.0925,0.2725,0.4125,0.55,0.355,0.675,0.7775,0.53,0.095,0.8925,0.8975,0.745,0.745,0.2275,0.0775,0.015,0.26,0.43,0.445,0.2325,0.41
29-1124.00,0.46,0.52,0.1525,0.095,0.89,0.325,0.1975,0.1325,0,0.6275,0.33,0.1525,0.055,0.37,0.655,0.6925,0.315,0.585,0.5875,0.34,0.0625,0.7375,0.59,0.63,0.76,0.205,0.0225,0.025,0.285,0.4,0.28,0.2825,0.2475
29-1125.00,0.5925,0.4725,0.31,0.4275,0.855,0.46,0.3675,0.2625,0.1825,0.46,0.23,0.1825,0.135,0.165,0.2775,0.145,0.145,0.3025,0.8875,0.615,0.23,0.54,0.8825,0.79,0.77,0.2575,0.3875,0.215,0.3875,0.5,0.42,0.2575,0.3825
29-1126.00,0.2925,0.3275,0.14,0.1275,0.8325,0.2625,0.115,0.1525,0.015,0.5575,0.295,0.05,0.0725,0.3325,0.5175,0.47,0.525,0.5625,0.605,0.4025,0.08,0.8225,0.48,0.6775,0.725,0.2475,0.015,0.0525,0.335,0.39,0.4325,0.2375,0.3325
29-1127.00,0.3875,0.6425,0.14,0.0825,0.755,0.2275,0.1025,0.035,0.0725,0.445,0.0925,0.0625,0,0.06,0.3925,0.1025,0.1025,0.4,0.755,0.5575,0.18,0.5375,0.7375,0.7925,0.9725,0.28,0.115,0.0825,0.225,0.4775,0.3475,0.21,0.4975
29-1128.00,0.4325,0.5,0.1925,0.3175,0.84,0.25,0.09,0.09,0.0675,0.4175,0.125,0.1475,0.0225,0.1825,0.5,0.295,0.285,0.6375,0.6025,0.34,0.0575,0.7275,0.705,0.705,0.67,0.1025,0.0225,0.035,0.16,0.3975,0.2275,0.25,0.34
29-1129.01,0.43,0.485,0.195,0.2025,0.765,0.3125,0.145,0.11,0.015,0.36,0.055,0.29,0.04,0.1175,0.2025,0.0475,0.1175,0.14,0.9925,0.78,0.085,0.345,1,0.665,0.6475,0.21,0.89,0.21,0.5475,0.46,0.4375,0.21,0.4425
29-1129.02,0.405,0.48,0.1925,0.385,0.73,0.2975,0.155,0.09,0.03,0.49,0.155,0.0875,0.0375,0.08,0.27,0.0875,0.0675,0.26,0.97,0.73,0.09,0.48,0.97,0.7125,0.78,0.3275,0.9525,0.1825,0.4625,0.355,0.3175,0.23,0.4625
29-1131.00,0.5775,0.4475,0.4025,0.415,0.8725,0.585,0.095,0.225,0.1575,0.4675,0.19,0.1775,0.04,0.25,0.6775,0.3375,0.5925,0.9225,0.53,0.3025,0.1775,0.9225,0.415,0.615,0.835,0.1575,0.0425,0.0775,0.1225,0.485,0.4375,0.23,0.32
29-1141.00,0.5725,0.6375,0.185,0.2225,0.85,0.37,0.1775,0.16,0.125,0.3975,0.1275,0.0725,0.05,0.0875,0.6075,0.15,0.4,0.505,0.895,0.49,0.0525,0.84,0.6075,0.55,0.795,0.2075,0.0025,0.11,0.225,0.5275,0.35,0.3025,0.3275
29-1141.01,0.6125,0.475,0.2,0.0875,0.825,0.375,0.1775,0.25,0.05,0.4875,0.175,0.105,0.0625,0.225,0.5,0.225,0.445,0.6,0.7,0.475,0.155,0.9525,0.655,0.8225,0.7625,0.31,0.025,0.0725,0.3225,0.6075,0.4525,0.4175,0.3875
29-1141.02,0.5325,0.4675,0.38,0.325,0.7075,0.435,0.185,0.195,0.1375,0.5575,0.185,0.175,0.1075,0.1075,0.565,0.1075,0.575,0.815,0.99,0.7725,0.24,0.8625,0.935,0.7275,0.9025,0.175,0.0875,0.2175,0.445,0.5425,0.6025,0.5475,0.5325
29-1141.03,0.4825,0.365,0.1775,0.0725,0.8025,0.3125,0.14,0.215,0.0625,0.5,0.2775,0.1975,0.1075,0.315,0.695,0.3425,0.5375,0.7225,0.7775,0.565,0.0625,0.935,0.6775,0.6775,0.7775,0.2325,0.035,0.0975,0.41,0.535,0.41,0.33,0.38
29-1141.04,0.6425,0.4875,0.38,0.225,0.6775,0.465,0.1675,0.3325,0.035,0.465,0.25,0.2625,0.1075,0.19,0.525,0.2625,0.44,0.75,0.8225,0.6775,0.155,0.94,0.7375,0.8575,0.8225,0.2625,0.035,0.155,0.4,0.4875,0.475,0.37,0.44
29-1151.00,0.555,0.3425,0.38,0.2125,0.9075,0.5175,0.115,0.315,0.0375,0.6025,0.5175,0.1925,0.105,0.44,0.815,0.75,0.8325,0.9075,0.76,0.49,0.13,0.9625,0.51,0.815,0.7975,0.26,0.0375,0.115,0.2975,0.5275,0.5475,0.38,0.38
29-1161.00,0.455,0.415,0.2725,0.2725,0.7975,0.415,0.195,0.1525,0.04,0.4775,0.1125,0.0525,0.015,0.12,0.53,0.22,0.475,0.765,0.8325,0.7025,0.16,0.955,0.6825,0.6675,0.795,0.38,0.045,0.1975,0.4025,0.44,0.515,0.28,0.4025
29-1171.00,0.535,0.375,0.2375,0.2375,0.7825,0.3575,0.2375,0.185,0.0875,0.5325,0.2725,0.13,0.08,0.17,0.6525,0.2725,0.545,0.805,0.7925,0.66,0.185,0.9575,0.75,0.69,0.815,0.3075,0.0675,0.12,0.37,0.5125,0.5,0.3925,0.51
29-1181.00,0.595,0.67,0.58,0.7725,0.9525,0.5475,0.125,0.2625,0,0.7725,0.4775,0.2275,0.035,0.325,0.5,0.37,0.2375,0.7375,0.83,0.44,0.0575,0.8175,0.8975,0.7275,0.795,0.2275,0.0225,0.0225,0.16,0.375,0.4325,0.41,0.4525
29-1211.00,0.53,0.255,0.2625,0.09,0.6425,0.285,0.0525,0.19,0.005,0.4375,0.3275,0.075,0.0375,0.2925,0.5375,0.5575,0.655,0.8175,0.6075,0.25,0.0575,0.97,0.39,0.5375,0.67,0.2175,0.015,0.0425,0.1375,0.235,0.37,0.21,0.225
29-1213.00,0.7175,0.4725,0.4525,0.34,0.895,0.6275,0.095,0.1575,0.0275,0.5125,0.1675,0.1575,0.1125,0.115,0.485,0.1775,0.4075,0.675,0.6125,0.2325,0.11,0.955,0.4975,0.6875,0.76,0.1875,0.02,0.095,0.135,0.3525,0.3175,0.225,0.3775
29-1214.00,0.425,0.375,0.225,0.1075,0.7325,0.37,0.1475,0.215,0.025,0.475,0.31,0.0775,0.025,0.225,0.5075,0.37,0.5475,0.8625,0.8575,0.43,0.1375,1,0.75,0.6725,0.94,0.3625,0.0175,0.06,0.2675,0.5775,0.475,0.3475,0.31
29-1215.00,0.3575,0.4725,0.1125,0.2175,0.665,0.3475,0.1125,0.1425,0.03,0.6,0.17,0.02,0.01,0.0375,0.5725,0.2475,0.49,0.865,0.8725,0.535,0.1075,1,0.89,0.555,0.9175,0.3225,0.03,0.215,0.2775,0.4275,0.515,0.4975,0.48
29-1216.00,0.735,0.525,0.5125,0.39,0.7275,0.5725,0.235,0.265,0.1025,0.7275,0.375,0.1525,0.0475,0.105,0.615,0.3975,0.6075,0.8825,0.835,0.485,0.2575,0.9775,0.84,0.805,0.8025,0.3275,0.0225,0.13,0.395,0.5425,0.4875,0.36,0.41
29-1217.00,0.5425,0.425,0.265,0.1175,0.65,0.4375,0.215,0.05,0,0.6825,0.25,0.0625,0.0225,0.0525,0.6275,0.2275,0.6525,0.77,0.785,0.4375,0.0825,0.96,0.74,0.685,0.8,0.3625,0,0.0275,0.405,0.3125,0.4375,0.255,0.3875
29-1218.00,0.5525,0.565,0.405,0.2325,0.72,0.4525,0.1625,0.15,0.03,0.625,0.42,0.0575,0.01,0.225,0.5525,0.2425,0.5825,0.93,0.805,0.4225,0.135,1,0.6975,0.6125,0.85,0.3275,0.045,0.185,0.3675,0.415,0.4675,0.3225,0.375
29-1221.00,0.4825,0.3675,0.385,0.2225,0.8125,0.5575,0.2,0.1925,0.0025,0.535,0.145,0.0025,0.04,0.1775,0.535,0.18,0.4575,0.8525,0.835,0.5925,0.1,1,0.8725,0.565,0.6925,0.35,0.0025,0.0775,0.2425,0.4625,0.4375,0.2575,0.43
29-1222.00,0.5325,0.4475,0.3175,0.285,0.6,0.4175,0.1775,0.33,0.025,0.53,0.2625,0.1225,0.04,0.155,0.39,0.2875,0.5425,0.8775,0.29,0.1875,0.1075,0.9625,0.19,0.6025,0.815,0.0975,0.0125,0.07,0.1225,0.3575,0.34,0.305,0.34
29-1223.00,0.5575,0.395,0.2775,0.2425,0.665,0.3425,0.145,0.04,0.0025,0.505,0.0575,0.0175,0.0125,0.04,0.4025,0.175,0.48,0.7025,0.975,0.6325,0.25,0.9375,0.985,0.6675,0.8175,0.2875,0.0475,0.165,0.51,0.415,0.45,0.19,0.2475
29-1224.00,0.4275,0.4025,0.3,0.34,0.66,0.355,0.0225,0.2575,0,0.72,0.42,0.0875,0.0075,0.0775,0.4225,0.58,0.3125,0.875,0.3475,0.1675,0.0225,0.9175,0.285,0.675,0.825,0.13,0,0.015,0.0425,0.4775,0.4175,0.3175,0.465
29-1229.01,0.6575,0.54,0.44,0.39,0.845,0.605,0.13,0.325,0.12,0.715,0.245,0.1375,0.0725,0.085,0.5175,0.1775,0.5475,0.755,0.5225,0.375,0.195,0.955,0.4775,0.62,0.8525,0.3,0.0725,0.0975,0.245,0.2875,0.4425,0.315,0.2875
29-1229.02,0.52,0.43,0.32,0.2075,0.7075,0.3225,0.11,0.1975,0.055,0.51,0.21,0.1,0.07,0.06,0.45,0.24,0.45,0.905,0.8225,0.5,0.2075,0.99,0.74,0.75,0.895,0.25,0.0525,0.115,0.23,0.39,0.375,0.38,0.38
29-1229.03,0.7125,0.55,0.5475,0.4325,0.675,0.5975,0.1975,0.375,0,0.6175,0.3625,0.1425,0.065,0.3025,0.55,0.4075,0.6475,0.9375,0.6875,0.5175,0.235,1,0.72,0.7375,0.8175,0.3925,0.025,0.1775,0.2275,0.4975,0.5275,0.5275,0.4525
29-1229.04,0.6175,0.48,0.4925,0.4625,0.805,0.59,0.3075,0.3225,0.02,0.535,0.385,0.315,0.1025,0.4075,0.525,0.4075,0.5675,0.9125,0.92,0.5775,0.21,0.9925,0.9,0.84,0.81,0.355,0.11,0.125,0.465,0.4675,0.5725,0.27,0.4925
29-1229.05,0.645,0.46,0.4075,0.33,0.58,0.5925,0.2925,0.2775,0.1575,0.515,0.3325,0.25,0.18,0.2225,0.6175,0.2775,0.5,0.855,0.71,0.4725,0.32,0.935,0.6325,0.7375,0.83,0.185,0.0925,0.145,0.2625,0.7225,0.7075,0.3475,0.46
29-1229.06,0.605,0.2025,0.305,0.4025,0.6275,0.39,0.0225,0.06,0,0.3075,0.1575,0.0575,0.075,0.2475,0.3825,0.2775,0.4475,0.7825,0.47,0.1325,0.01,1,0.305,0.5775,0.765,0.0325,0.05,0.0525,0.05,0.11,0.2375,0.045,0.385
29-1241.00,0.655,0.4525,0.4675,0.36,0.77,0.425,0.09,0.2175,0.0225,0.5325,0.2175,0.145,0.115,0.1825,0.5625,0.3,0.355,0.7075,0.51,0.33,0.0925,0.8875,0.4,0.6225,0.8425,0.2025,0.0925,0.1475,0.235,0.3875,0.4325,0.21,0.2725
29-1291.00,0.5975,0.625,0.535,0.5625,0.865,0.36,0.0375,0.1575,0.1675,0.41,0.09,0.0525,0.0175,0.08,0.2225,0.125,0.1775,0.6775,0.705,0.41,0.1075,0.7675,0.625,0.5825,0.6575,0.1425,0.035,0.1525,0.3125,0.4825,0.365,0.24,0.375
29-1292.00,0.2575,0.2025,0.055,0.27,0.735,0.25,0.1125,0.3025,0.025,0.3925,0.0575,0.035,0.03,0.22,0.2925,0.11,0.36,0.3225,0.4975,0.3025,0.055,0.8975,0.235,0.3975,0.4525,0.14,0.0025,0.0225,0.1425,0.37,0.325,0.1325,0.2425
29-1299.01,0.6,0.62,0.55,0.62,0.86,0.46,0.1,0.26,0.32,0.43,0.11,0.05,0.06,0.16,0.51,0.35,0.67,0.94,0.94,0.56,0.15,0.99,0.88,0.6425,0.805,0.11,0.03,0.18,0.41,0.38,0.47,0.22,0.44
29-1299.02,0.3175,0.3975,0.0825,0.055,0.685,0.3,0.075,0.12,0,0.3275,0.065,0.055,0,0.1825,0.4625,0.3975,0.2025,0.555,0.5925,0.3275,0.075,0.805,0.4725,0.685,0.805,0.195,0.01,0.0375,0.14,0.2775,0.14,0.1575,0.2675
29-2011.00,0.48,0.7125,0.2275,0.1325,0.795,0.3375,0.1875,0.475,0.0775,0.77,0.4475,0.185,0.0975,0.6625,0.72,0.44,0.8075,0.7225,0.3925,0.265,0.1575,0.6975,0.225,0.6925,0.7525,0.1275,0.1,0.0625,0.1225,0.3375,0.38,0.325,0.2
29-2011.01,0.3225,0.38,0.1425,0.1075,0.4275,0.275,0.0825,0.345,0.0125,0.535,0.3225,0.12,0.0725,0.31,0.5125,0.1775,0.6425,0.7975,0.12,0.035,0.06,0.4275,0.06,0.405,0.55,0,0,0.0125,0.035,0.2975,0.2625,0.2375,0.1675
29-2011.02,0.285,0.5125,0.1125,0.125,0.41,0.2625,0.09,0.215,0,0.38,0.16,0.1025,0,0.2375,0.3625,0.1025,0.4325,0.8075,0.1475,0.09,0.035,0.715,0.09,0.3625,0.5575,0.0225,0.0125,0.035,0.0125,0.295,0.295,0.1825,0.215
29-2011.04,0.4175,0.5125,0.175,0.1075,0.5875,0.3225,0.1675,0.63,0,0.475,0.25,0.1075,0.0825,0.3925,0.4875,0.1775,0.62,0.7375,0.19,0.0725,0.0475,0.4,0.0475,0.5,0.56,0.05,0.025,0.0125,0.035,0.38,0.1875,0.2375,0.2375
29-2012.00,0.3025,0.585,0.1125,0.0725,0.6225,0.195,0.18,0.475,0.0175,0.4775,0.2975,0.03,0,0.3825,0.625,0.29,0.6825,0.6825,0.2525,0.17,0.0225,0.5675,0.145,0.495,0.6475,0.1475,0,0.015,0.12,0.61,0.3875,0.2925,0.2225
29-2012.01,0.45,0.51,0.1775,0.07,0.35,0.26,0.1,0.39,0.04,0.42,0.21,0.1,0.05,0.29,0.41,0.18,0.71,0.6875,0.2,0.08,0.03,0.32,0.07,0.43,0.58,0.04,0.02,0.03,0.05,0.365,0.24,0.2,0.13
29-2031.00,0.3675,0.43,0.1,0.0425,0.8225,0.1575,0.1475,0.155,0.0025,0.5775,0.205,0.0175,0.015,0.275,0.475,0.405,0.315,0.3525,0.4,0.225,0.0625,0.7225,0.295,0.5675,0.7175,0.2275,0.025,0.045,0.1775,0.4375,0.1875,0.34,0.285
29-2032.00,0.37,0.5825,0.15,0.1,0.8875,0.3675,0.145,0.1925,0.0025,0.5625,0.295,0.16,0.0225,0.325,0.4725,0.6775,0.295,0.46,0.5575,0.33,0.155,0.6475,0.3775,0.545,0.7675,0.3,0.02,0.1225,0.305,0.4875,0.285,0.2975,0.3575
29-2033.00,0.445,0.5725,0.21,0.13,0.915,0.2025,0.1675,0.355,0.015,0.685,0.4125,0.12,0.0375,0.3275,0.6675,0.73,0.6875,0.75,0.5175,0.285,0.0375,0.705,0.2275,0.52,0.7325,0.1825,0.0075,0.0175,0.1375,0.5925,0.3425,0.2825,0.25
29-2034.00,0.47,0.625,0.185,0.1175,0.7925,0.305,0.2675,0.2725,0,0.72,0.4075,0.1125,0.0375,0.2875,0.4775,0.545,0.29,0.525,0.575,0.315,0.09,0.8175,0.2975,0.6,0.785,0.185,0.005,0.08,0.165,0.5775,0.255,0.4375,0.3375
29-2035.00,0.3475,0.465,0.1625,0.195,0.795,0.285,0.13,0.305,0.01,0.6625,0.435,0.1375,0.0875,0.3225,0.4325,0.74,0.305,0.51,0.51,0.185,0.055,0.63,0.37,0.5975,0.75,0.295,0.0225,0.055,0.1525,0.63,0.2925,0.38,0.2825
29-2036.00,0.2625,0.45,0.225,0.05,0.5,0.225,0.05,0.35,0,0.7375,0.4,0.6125,0.0625,0.21,0.8,0.7875,0.3,0.675,0.25,0.15,0.05,0.645,0.1875,0.5875,0.64,0.0375,0.0375,0.04,0.0625,0.4725,0.25,0.2625,0.3
29-2051.00,0.7325,0.7025,0.375,0.3675,0.945,0.6025,0.28,0.6475,0.7275,0.6925,0.2225,0.2775,0.2375,0.33,0.7425,0.155,0.355,0.33,0.4575,0.3475,0.2125,0.4175,0.425,0.8,0.885,0.275,0.1575,0.1875,0.2825,0.74,0.5325,0.3675,0.4675
29-2052.00,0.4675,0.5775,0.26,0.3125,0.8975,0.405,0.24,0.56,0.0875,0.6775,0.13,0.0825,0.0375,0.13,0.705,0.13,0.485,0.3125,0.2825,0.1875,0.06,0.7125,0.26,0.47,0.6875,0.2325,0.0375,0.0575,0.1325,0.48,0.6225,0.405,0.3925
29-2053.00,0.46,0.405,0.22,0.2,0.74,0.4525,0.36,0.2025,0.1275,0.5425,0.11,0.065,0.0275,0.065,0.295,0.0925,0.2375,0.365,0.8,0.5225,0.1,0.675,0.77,0.6375,0.7675,0.2,0.12,0.095,0.3275,0.6325,0.5575,0.3425,0.33
29-2055.00,0.3875,0.2825,0.175,0.1275,0.6825,0.3075,0.145,0.3525,0.035,0.415,0.25,0.1075,0.075,0.3425,0.425,0.1825,0.3575,0.45,0.4675,0.2875,0.065,0.6775,0.3125,0.525,0.6125,0.0775,0,0.0575,0.115,0.4675,0.3125,0.1875,0.245
29-2056.00,0.3625,0.4825,0.22,0.4175,0.7825,0.3125,0.1425,0.2275,0.2025,0.495,0.2575,0.095,0.0775,0.325,0.6125,0.3375,0.575,0.7475,0.3425,0.22,0.2475,0.785,0.3625,0.4825,0.745,0.2875,0.0625,0.08,0.11,0.37,0.3925,0.285,0.28
29-2057.00,0.34,0.475,0.1475,0.1925,0.83,0.3175,0.045,0.16,0.0125,0.4325,0.215,0.035,0.0125,0.2725,0.58,0.045,0.2625,0.37,0.41,0.16,0.0225,0.795,0.285,0.4425,0.75,0.1925,0,0.035,0.0725,0.275,0.2375,0.1925,0.1475
29-2061.00,0.575,0.49,0.2525,0.15,0.7475,0.3175,0.1525,0.0925,0.0725,0.4925,0.0925,0.0275,0,0.09,0.5075,0.1225,0.3,0.3825,0.6775,0.34,0.055,0.6725,0.5275,0.5475,0.725,0.275,0.02,0.01,0.2875,0.45,0.3075,0.4,0.3325
29-2081.00,0.625,0.695,0.47,0.8125,0.97,0.5,0.145,0.7075,0.055,0.51,0.375,0.345,0.125,0.4475,0.7275,0.395,0.26,0.385,0.5525,0.3575,0.155,0.375,0.2075,0.605,0.6675,0.27,0.135,0.115,0.155,0.48,0.52,0.3575,0.48
29-2091.00,0.6675,0.625,0.465,0.475,0.8925,0.435,0.1775,0.6875,0.025,0.63,0.655,0.7375,0.3375,0.7025,0.525,0.63,0.4275,0.55,0.7125,0.2975,0.1425,0.825,0.7375,0.7,0.715,0.275,0.0475,0.0725,0.2025,0.4275,0.37,0.4,0.38
29-2092.00,0.6825,0.74,0.635,0.81,0.9375,0.56,0.255,0.4775,0,0.755,0.615,0.2625,0.07,0.4225,0.45,0.275,0.2075,0.455,0.6275,0.3425,0.0925,0.7825,0.795,0.61,0.7025,0.1475,0.12,0.03,0.14,0.385,0.4725,0.295,0.4925
29-2099.01,0.4575,0.485,0.175,0.1425,0.7825,0.3675,0.125,0.325,0,0.75,0.3375,0.1375,0.0475,0.29,0.5475,0.265,0.33,0.6125,0.5875,0.38,0.075,0.7425,0.3,0.5575,0.8175,0.21,0.0075,0.05,0.25,0.5,0.3075,0.315,0.37
29-2099.05,0.4875,0.5125,0.175,0.075,0.875,0.375,0.0875,0.1125,0,0.475,0.1125,0.025,0,0.3,0.5375,0.2,0.3125,0.475,0.45,0.175,0.025,0.775,0.225,0.5875,0.75,0.15,0,0,0.0625,0.4625,0.2125,0.2875,0.3625
29-2099.08,0.6075,0.665,0.32,0.2075,0.8575,0.405,0.23,0.2675,0.0125,0.5975,0.14,0.055,0,0.14,0.4375,0.065,0.17,0.1825,0.65,0.6975,0.16,0.7125,0.505,0.55,0.575,0.32,0.0025,0.0375,0.275,0.43,0.295,0.465,0.3925
29-9091.00,0.5275,0.545,0.1325,0.21,0.84,0.4025,0.205,0.2125,0.0875,0.45,0.1625,0.1725,0.09,0.23,0.34,0.3075,0.27,0.54,0.7925,0.4675,0.11,0.91,0.7175,0.6575,0.68,0.0925,0.02,0.0025,0.1975,0.56,0.315,0.0975,0.25
29-9092.00,0.26,0.4575,0.0875,0.2275,0.7175,0.17,0.0325,0.0975,0,0.3575,0.175,0.0225,0,0.0225,0.675,0.0875,0.4675,0.945,0.8925,0.5975,0.1625,0.8475,0.8375,0.5875,0.7725,0.2075,0,0.0975,0.4125,0.185,0.34,0.185,0.425
29-9093.00,0.37,0.2725,0.08,0.1075,0.7425,0.1825,0.23,0.285,0.02,0.475,0.27,0.1975,0.12,0.3875,0.3725,0.2475,0.345,0.595,0.395,0.255,0.08,0.805,0.39,0.59,0.6475,0.175,0.0225,0.0875,0.1925,0.42,0.275,0.215,0.29
29-9099.01,0.505,0.3925,0.2275,0.385,0.9075,0.4275,0.215,0.0775,0.01,0.395,0.0725,0.0125,0.0125,0.1075,0.2825,0.1175,0.4,0.6225,0.79,0.58,0.115,0.8625,0.725,0.6175,0.655,0.25,0.015,0.1025,0.3825,0.375,0.465,0.2475,0.3275
31-1121.00,0.38,0.2875,0.27,0.185,0.655,0.3175,0.335,0.1475,0.1575,0.2975,0.1475,0.1725,0.0775,0.165,0.27,0.1175,0.1225,0.17,0.4,0.2025,0.195,0.3575,0.2725,0.3325,0.6125,0.205,0.1075,0.125,0.27,0.395,0.3375,0.34,0.2775
31-1122.00,0.485,0.3525,0.23,0.285,0.605,0.4775,0.61,0.325,0.4975,0.39,0.2875,0.345,0.32,0.2775,0.325,0.1925,0.2775,0.2675,0.6025,0.4475,0.085,0.385,0.4925,0.6025,0.6575,0.4275,0.175,0.1925,0.375,0.5475,0.21,0.2475,0.22
31-1131.00,0.585,0.4025,0.2925,0.325,0.73,0.415,0.35,0.3,0.2675,0.31,0.2375,0.2075,0.17,0.3125,0.34,0.195,0.225,0.22,0.4875,0.4325,0.14,0.5375,0.505,0.525,0.5675,0.29,0.155,0.1625,0.3,0.54,0.3525,0.305,0.2725
31-1132.00,0.2975,0.1975,0.025,0.025,0.8,0.1825,0.38,0.1575,0.025,0.2425,0.0425,0.02,0.0325,0.19,0.115,0.1525,0.1175,0.1375,0.34,0.2325,0.0525,0.235,0.135,0.35,0.4925,0.275,0,0.0125,0.14,0.53,0.1325,0.31,0.2875
31-1133.00,0.38,0.4975,0.155,0.1375,0.645,0.3175,0.1975,0.0325,0.1075,0.335,0.075,0.035,0.07,0.11,0.265,0.0575,0.1675,0.1425,0.7625,0.495,0.1375,0.34,0.5325,0.3625,0.5275,0.1975,0.0875,0.1525,0.365,0.465,0.1875,0.1875,0.3025
31-2011.00,0.485,0.5325,0.1375,0.115,0.92,0.365,0.2325,0.1,0.065,0.5025,0.3175,0.1275,0.115,0.2575,0.2925,0.17,0.145,0.345,0.825,0.535,0.14,0.51,0.68,0.7225,0.685,0.33,0.0725,0.065,0.3775,0.61,0.435,0.225,0.2775
31-2012.00,0.4175,0.4975,0.175,0.235,0.775,0.2925,0.09,0.1325,0.0425,0.665,0.255,0.2725,0.0875,0.16,0.3575,0.3175,0.1525,0.295,0.71,0.365,0.055,0.57,0.8425,0.6475,0.7975,0.2425,0.07,0.045,0.3075,0.535,0.2825,0.295,0.3625
31-2021.00,0.4025,0.4925,0.24,0.2075,0.88,0.2825,0.0525,0.07,0.015,0.61,0.12,0.085,0.0775,0.175,0.3575,0.3475,0.26,0.595,0.66,0.37,0.225,0.625,0.81,0.73,0.7975,0.1975,0.005,0.015,0.1975,0.4625,0.3925,0.0675,0.235
31-2022.00,0.3575,0.455,0.05,0.2725,0.87,0.3525,0.3,0.1925,0.0075,0.6225,0.0675,0.0725,0.005,0.2275,0.3175,0.2525,0.1825,0.3025,0.495,0.345,0.105,0.3475,0.5825,0.405,0.7575,0.2825,0.005,0.015,0.1325,0.4725,0.185,0.36,0.34
31-9011.00,0.4325,0.4225,0.4125,0.5,0.895,0.26,0.0475,0.05,0,0.23,0.135,0.0625,0.0475,0.11,0.17,0.16,0.16,0.5775,0.5675,0.375,0.03,0.52,0.4125,0.4225,0.5775,0.125,0.03,0.0575,0.28,0.5,0.42,0.145,0.3375
31-9091.00,0.6175,0.6125,0.3375,0.5775,0.885,0.4825,0.175,0.515,0.025,0.58,0.2075,0.1675,0.0775,0.1925,0.29,0.085,0.23,0.345,0.4275,0.1825,0.0325,0.8525,0.33,0.395,0.69,0.18,0.0125,0.0125,0.0975,0.27,0.255,0.2675,0.265
31-9092.00,0.4675,0.7775,0.2775,0.2175,0.8825,0.445,0.125,0.125,0.0975,0.6975,0.1,0.1225,0.0975,0.1225,0.4325,0.175,0.2775,0.345,0.4875,0.25,0.1025,0.8325,0.51,0.625,0.95,0.33,0.1725,0.0975,0.1,0.5475,0.36,0.2675,0.2975
31-9093.00,0.3575,0.49,0.2425,0.1725,0.8825,0.275,0.19,0.55,0.04,0.415,0.245,0.1775,0.1625,0.42,0.42,0.1225,0.475,0.5975,0.2675,0.1175,0.075,0.3925,0.12,0.3625,0.7175,0.1075,0.0675,0.0475,0.0825,0.53,0.2425,0.375,0.3
31-9094.00,0.265,0.8125,0.0525,0,0.425,0.1225,0.0025,0.16,0,0.71,0.0275,0,0,0.08,0.2025,0.0275,0.0225,0.1975,0.155,0.0725,0.0275,0.505,0.135,0.1825,0.885,0.03,0,0.0025,0.0275,0.07,0.085,0.2775,0.13
31-9095.00,0.4725,0.52,0.2925,0.5075,0.9425,0.1325,0.07,0.225,0,0.3325,0.0275,0.05,0.045,0.1925,0.47,0.0525,0.16,0.0825,0.185,0.0625,0.1425,0.395,0.1775,0.25,0.59,0.105,0,0,0.1325,0.355,0.4825,0.2625,0.2875
31-9096.00,0.365,0.6275,0.2375,0.4,0.8325,0.245,0.1175,0.27,0.145,0.545,0.1675,0.1175,0.0925,0.335,0.4675,0.15,0.37,0.64,0.3375,0.185,0.225,0.625,0.295,0.345,0.7075,0.2,0.0675,0.0925,0.125,0.295,0.285,0.395,0.4075
31-9097.00,0.4875,0.6075,0.2725,0.205,0.8925,0.4525,0.2725,0.455,0.16,0.535,0.225,0.25,0.25,0.285,0.34,0.215,0.4425,0.475,0.545,0.375,0.1475,0.5225,0.2725,0.6025,0.6925,0.285,0.1375,0.1025,0.1825,0.4875,0.4325,0.295,0.34
31-9099.01,0.35,0.59,0.03,0.145,0.595,0.085,0.02,0.0225,0.0075,0.44,0.0825,0,0,0,0.1725,0.0075,0.02,0.09,0.6525,0.3925,0.0425,0.2075,0.67,0.7875,0.8875,0.2025,0.0325,0.0425,0.1175,0.2975,0.185,0.2325,0.3475
31-9099.02,0.49,0.47,0.2875,0.1825,0.615,0.375,0.25,0.5,0.09,0.5775,0.355,0.1725,0.115,0.4125,0.2975,0.2125,0.395,0.48,0.4125,0.27,0.155,0.615,0.27,0.595,0.7125,0.26,0.0375,0.095,0.1825,0.47,0.28,0.3075,0.28
33-1011.00,0.7875,0.6725,0.215,0.1075,0.56,0.6375,0.4375,0.2975,0.26,0.66,0.1425,0.1825,0.1325,0.2075,0.415,0.06,0.15,0.105,0.7775,0.56,0.1075,0.24,0.5475,0.655,0.76,0.295,0.0125,0.1125,0.43,0.9525,0.8475,0.44,0.4425
33-1012.00,0.74,0.4325,0.105,0.15,0.855,0.52,0.2925,0.1375,0,0.4275,0.1225,0.04,0.01,0.0875,0.31,0.19,0.1775,0.1175,0.7025,0.565,0.285,0.2925,0.5475,0.545,0.705,0.3175,0.02,0.165,0.3125,0.915,0.8875,0.36,0.385
33-1021.00,0.7525,0.5975,0.3775,0.29,0.84,0.625,0.52,0.2675,0.1025,0.445,0.405,0.32,0.7625,0.68,0.515,0.4775,0.5625,0.29,0.58,0.34,0.3875,0.59,0.4125,0.7725,0.7425,0.1575,0.0475,0.1175,0.165,0.9225,0.6525,0.4825,0.44
33-1091.00,0.91,0.785,0.4275,0.2375,0.8575,0.8525,0.3525,0.3875,0.2775,0.72,0.5,0.245,0.14,0.26,0.455,0.23,0.305,0.1525,0.69,0.3225,0.185,0.4125,0.4275,0.73,0.8425,0.2425,0.06,0.335,0.37,0.97,0.85,0.55,0.4725
33-2011.00,0.6075,0.4575,0.235,0.1375,0.7975,0.48,0.605,0.2325,0.1175,0.4625,0.3875,0.3525,0.7575,0.695,0.54,0.47,0.5825,0.365,0.56,0.2775,0.46,0.655,0.42,0.7825,0.7275,0.1675,0.0325,0.115,0.195,0.8825,0.6,0.645,0.44
33-2021.00,0.5125,0.4325,0.2025,0.12,0.82,0.475,0.4175,0.2,0.095,0.4775,0.3575,0.37,0.8075,0.47,0.475,0.4625,0.4825,0.17,0.48,0.285,0.35,0.33,0.2375,0.7475,0.6775,0.185,0.0325,0.1725,0.2525,0.925,0.7725,0.4475,0.45
33-2022.00,0.7625,0.5575,0.37,0.21,0.705,0.6825,0.595,0.3125,0,0.635,0.375,0.34,0.325,0.5575,0.4925,0.4325,0.3475,0.4625,0.4,0.3275,0.535,0.27,0.31,0.685,0.62,0.17,0.0225,0.32,0.1225,0.6725,0.6375,0.4175,0.5425
33-3011.00,0.48,0.405,0.15,0.0775,0.51,0.345,0.265,0.115,0.045,0.3925,0.0425,0.05,0.045,0.13,0.2575,0.0225,0.0625,0.0475,0.505,0.3425,0.1625,0.0675,0.3125,0.43,0.6575,0.1325,0,0.115,0.1775,0.815,0.7725,0.3525,0.2525
33-3012.00,0.6275,0.59,0.245,0.11,0.63,0.4575,0.355,0.27,0.2425,0.6075,0.215,0.115,0.1825,0.2375,0.4675,0.125,0.1425,0.125,0.6025,0.4775,0.16,0.3375,0.42,0.59,0.7525,0.3725,0.0375,0.155,0.3275,0.785,0.695,0.5425,0.3975
33-3021.00,0.585,0.635,0.325,0.145,0.755,0.495,0.4775,0.2625,0.05,0.6425,0.24,0.09,0.1,0.15,0.4075,0.1825,0.18,0.205,0.7175,0.5375,0.4425,0.28,0.4825,0.64,0.795,0.3275,0.0475,0.215,0.3275,0.9025,0.96,0.4975,0.545
33-3021.02,0.42,0.7025,0.2125,0.0475,0.5425,0.2925,0.3575,0.285,0.045,0.625,0.23,0.1825,0.0925,0.2075,0.39,0.335,0.3725,0.4,0.38,0.335,0.29,0.19,0.1575,0.5125,0.69,0.185,0.0525,0.2475,0.13,0.6525,0.7975,0.385,0.3425
33-3021.06,0.38,0.62,0.2725,0.1125,0.5425,0.2825,0.2825,0.2625,0.0425,0.62,0.25,0.205,0.055,0.0975,0.425,0.125,0.13,0.08,0.3925,0.4025,0.4125,0.0975,0.1525,0.435,0.815,0.305,0.0875,0.2625,0.3075,0.695,0.785,0.5325,0.565
33-3031.00,0.5125,0.5075,0.29,0.36,0.7775,0.46,0.415,0.2075,0.275,0.505,0.235,0.28,0.225,0.3825,0.47,0.315,0.3325,0.785,0.69,0.605,0.66,0.415,0.3525,0.5975,0.785,0.3025,0.0375,0.3225,0.275,0.8725,0.9,0.43,0.505
33-3041.00,0.42,0.32,0.28,0.12,0.3375,0.3575,0.43,0.3,0.105,0.535,0.2775,0.1775,0.17,0.25,0.3925,0.3275,0.2075,0.2525,0.44,0.33,0.2525,0.3225,0.27,0.5225,0.6925,0.435,0.2025,0.26,0.22,0.6825,0.5725,0.3025,0.3975
33-3051.00,0.6175,0.6075,0.27,0.14,0.745,0.4475,0.525,0.175,0.0425,0.595,0.18,0.17,0.0825,0.2125,0.345,0.21,0.2775,0.1675,0.7725,0.5025,0.51,0.2725,0.4925,0.69,0.815,0.29,0.0375,0.17,0.2675,0.9575,0.955,0.62,0.575
33-3051.04,0.425,0.5525,0.2475,0.065,0.6425,0.325,0.455,0.225,0.0575,0.55,0.1525,0.1225,0.105,0.18,0.35,0.165,0.2725,0.2425,0.605,0.5225,0.5425,0.1825,0.23,0.52,0.7275,0.505,0.0725,0.315,0.355,0.83,0.87,0.3775,0.335
33-3052.00,0.615,0.47,0.2275,0.1225,0.7825,0.4425,0.665,0.175,0.035,0.62,0.2625,0.245,0.1325,0.23,0.405,0.23,0.2725,0.1625,0.6275,0.4675,0.6325,0.3275,0.48,0.6375,0.85,0.3225,0.0625,0.265,0.3575,0.975,0.9275,0.6125,0.5225
33-9011.00,0.49,0.66,0.2,0.2125,0.8075,0.365,0.52,0.13,0.0375,0.51,0.145,0.0875,0.0775,0.2025,0.365,0.23,0.3075,0.52,0.46,0.4225,0.49,0.3275,0.3075,0.57,0.8125,0.2975,0.05,0.0775,0.2125,0.88,0.865,0.52,0.52
33-9021.00,0.625,0.6375,0.3625,0.385,0.79,0.39,0.295,0.145,0.0175,0.64,0.1025,0.09,0.1075,0.1125,0.3375,0.05,0.075,0.075,0.5775,0.35,0.2675,0.15,0.1225,0.4125,0.8025,0.1775,0.0825,0.1525,0.24,0.61,0.755,0.3525,0.445
33-9031.00,0.5625,0.6425,0.29,0.15,0.57,0.36,0.025,0.2525,0.04,0.6675,0.2675,0.2025,0.035,0.2575,0.66,0.1025,0.0325,0.025,0.4475,0.1975,0.1325,0.0825,0.055,0.59,0.8175,0.065,0.01,0.01,0.1725,0.76,0.4425,0.4625,0.375
33-9032.00,0.7475,0.685,0.435,0.25,0.885,0.4875,0.49,0.445,0.3225,0.7725,0.34,0.3925,0.3675,0.35,0.3425,0.27,0.2525,0.3825,0.5225,0.455,0.4475,0.5125,0.5375,0.7075,0.83,0.4925,0.32,0.405,0.4125,0.935,0.6375,0.7025,0.49
33-9091.00,0.2425,0.15,0.0525,0.0175,0.5425,0.245,0.2425,0.02,0,0.085,0.06,0.045,0.0275,0.035,0.1275,0.0225,0.005,0.005,0.345,0.11,0.1,0.07,0.105,0.25,0.5225,0.1225,0,0,0.065,0.7175,0.3475,0.1175,0.2175
33-9092.00,0.42,0.31,0.125,0.19,0.75,0.3175,0.2375,0.145,0,0.2825,0.1275,0.105,0.1375,0.2725,0.265,0.205,0.37,0.2725,0.4875,0.295,0.185,0.505,0.36,0.52,0.6125,0.3375,0.0875,0.0625,0.16,0.66,0.3225,0.295,0.295
33-9093.00,0.36,0.24,0.12,0.065,0.6475,0.2325,0.36,0.1025,0,0.25,0.1025,0.0275,0.0175,0.185,0.175,0.0475,0.0925,0.0175,0.3425,0.2025,0.065,0.0375,0.0925,0.4175,0.64,0.2675,0,0.0475,0.2025,0.7025,0.435,0.2325,0.2325
33-9099.02,0.6375,0.5575,0.3325,0.285,0.67,0.57,0.2525,0.3825,0.0875,0.6175,0.225,0.1925,0.135,0.26,0.5,0.1275,0.1625,0.06,0.4575,0.29,0.1625,0.2475,0.35,0.665,0.7675,0.3075,0.0225,0.07,0.2425,0.9225,0.75,0.3925,0.2925
35-1011.00,0.6675,0.5325,0.5525,0.435,0.73,0.685,0.27,0.76,0.78,0.4575,0.28,0.3125,0.25,0.345,0.635,0.23,0.4275,0.355,0.4475,0.27,0.22,0.175,0.2925,0.625,0.5825,0.345,0.155,0.1625,0.1675,0.47,0.38,0.22,0.375
35-1012.00,0.645,0.3975,0.4975,0.5775,0.785,0.5325,0.4025,0.585,0.6275,0.3825,0.3075,0.18,0.2025,0.2625,0.49,0.1825,0.2125,0.1325,0.3775,0.16,0.1525,0.285,0.3375,0.5725,0.625,0.3575,0.2,0.225,0.205,0.4325,0.345,0.2375,0.345
35-2011.00,0.585,0.3125,0.4225,0.37,0.5325,0.2475,0.565,0.3275,0.2775,0.325,0.0625,0.025,0.025,0.0775,0.17,0.015,0.0175,0.0125,0.14,0.0525,0.0125,0.0575,0.0525,0.2325,0.52,0.0175,0.0075,0.0075,0.0075,0.5325,0.15,0.07,0.55
35-2012.00,0.585,0.39,0.2625,0.255,0.64,0.3925,0.0925,0.515,0.645,0.42,0.185,0.1725,0.07,0.1775,0.635,0.2075,0.28,0.1325,0.3,0.25,0.0875,0.1725,0.2375,0.47,0.65,0.21,0.025,0.0675,0.18,0.4975,0.3325,0.185,0.1825
35-2013.00,0.53,0.375,0.405,0.6825,0.895,0.23,0.3075,0.5,0.78,0.3275,0.095,0.1725,0.0575,0.13,0.5,0.145,0.365,0.1825,0.21,0.115,0.09,0.115,0.0775,0.4,0.47,0.135,0.095,0.0775,0.0575,0.365,0.2025,0.1925,0.365
35-2014.00,0.27,0.0775,0.0625,0.2325,0.4125,0.1675,0.1625,0.325,0.5975,0.135,0.0275,0.06,0.0775,0.2,0.2825,0.085,0.1725,0.03,0.0425,0.0625,0.035,0.0775,0.0425,0.2925,0.52,0.11,0.015,0.02,0.0025,0.1425,0.0825,0.1,0.1125
35-2015.00,0.125,0.0925,0.1025,0.2075,0.6025,0.195,0.14,0.3975,0.745,0.215,0.07,0.11,0.065,0.1525,0.25,0.11,0.3375,0.055,0.0425,0.035,0.015,0.1775,0.08,0.1375,0.5525,0.2975,0.0175,0.02,0.015,0.3225,0.2025,0.1025,0.37
35-2021.00,0.335,0.1725,0.155,0.1125,0.5675,0.1675,0.1325,0.4225,0.485,0.1175,0.0825,0.1,0.0525,0.115,0.1425,0.1325,0.155,0.085,0.2025,0.0775,0.0425,0.1075,0.1225,0.195,0.36,0.1425,0.0775,0.0975,0.155,0.19,0.12,0.1125,0.155
35-3011.00,0.4975,0.2825,0.355,0.535,0.86,0.4475,0.055,0.32,0.365,0.3375,0.1775,0.095,0.085,0.095,0.49,0.11,0.135,0.0725,0.3475,0.3675,0.1975,0.0975,0.225,0.54,0.6575,0.185,0.095,0.0925,0.1075,0.495,0.415,0.275,0.32
35-3023.00,0.395,0.3375,0.2875,0.385,0.695,0.3175,0.1825,0.35,0.5925,0.425,0.225,0.145,0.065,0.065,0.51,0.095,0.15,0.1175,0.18,0.09,0.0975,0.08,0.1075,0.3325,0.6325,0.3025,0.075,0.0625,0.0775,0.2775,0.1275,0.2,0.1425
35-3023.01,0.3875,0.27,0.2375,0.505,0.81,0.325,0.2,0.2525,0.44,0.3575,0.13,0.135,0.1275,0.205,0.3825,0.11,0.2475,0.08,0.195,0.14,0.125,0.125,0.11,0.2475,0.5725,0.2025,0.1775,0.1125,0.1025,0.2825,0.195,0.245,0.3125
35-3031.00,0.3775,0.2625,0.265,0.5675,0.735,0.205,0.1525,0.2025,0.405,0.345,0.16,0.0925,0.04,0.1475,0.4025,0.0975,0.1525,0.0325,0.3575,0.335,0.0775,0.095,0.0475,0.3525,0.655,0.13,0.0325,0.005,0.0275,0.28,0.2075,0.3175,0.28
35-3041.00,0.4925,0.3275,0.3125,0.2625,0.6625,0.285,0.1425,0.315,0.5,0.3325,0.19,0.185,0.15,0.25,0.44,0.14,0.2675,0.1775,0.3775,0.22,0.1325,0.2675,0.17,0.47,0.6625,0.1475,0.045,0.0675,0.1375,0.465,0.34,0.315,0.305
35-9011.00,0.4375,0.245,0.21,0.51,0.835,0.385,0.225,0.2975,0.5625,0.2525,0.0375,0.0625,0.0075,0.12,0.2025,0.08,0.115,0.04,0.26,0.175,0.08,0.1425,0.08,0.265,0.5625,0.1625,0.01,0.0325,0.095,0.33,0.205,0.1,0.2225
35-9021.00,0.2375,0.1075,0.035,0.155,0.355,0.1275,0.18,0.1775,0.44,0.0525,0.055,0.0175,0.015,0.07,0.17,0.0525,0.15,0.0175,0.0925,0.0525,0.0475,0.115,0.0625,0.365,0.55,0.1775,0.01,0.025,0.07,0.3275,0.0725,0.105,0.215
35-9031.00,0.3425,0.2575,0.2225,0.34,0.875,0.3575,0.1675,0.295,0.4975,0.36,0.0675,0.2275,0.02,0.115,0.3125,0.1075,0.1425,0.03,0.3675,0.2675,0.0425,0.07,0.025,0.32,0.6725,0.355,0.075,0.0825,0.1425,0.34,0.1175,0.2225,0.2975
37-1011.00,0.6725,0.5275,0.43,0.23,0.8525,0.5475,0.1425,0.4525,0.2075,0.345,0.3,0.1625,0.165,0.1975,0.3775,0.1225,0.275,0.205,0.3625,0.16,0.085,0.2125,0.2,0.5875,0.7325,0.2925,0.11,0.06,0.085,0.5725,0.2425,0.2175,0.21
37-1012.00,0.7125,0.51,0.3425,0.2875,0.75,0.6275,0.4175,0.43,0.085,0.4975,0.4225,0.515,0.5475,0.6125,0.6775,0.3175,0.56,0.4925,0.4625,0.2725,0.4325,0.1675,0.2375,0.5725,0.73,0.3225,0.0725,0.1125,0.14,0.675,0.4425,0.3,0.2775
37-2011.00,0.5375,0.2275,0.2,0.02,0.42,0.265,0.3275,0.19,0.085,0.155,0.0875,0.0325,0.04,0.2,0.1525,0.225,0.19,0.0025,0.0725,0.005,0.06,0.055,0.0425,0.2225,0.485,0.0725,0.0025,0.0025,0.1675,0.59,0.32,0.3,0.2425
37-2012.00,0.4775,0.175,0.2125,0.215,0.76,0.2625,0.155,0.3025,0.19,0.2525,0.1425,0.125,0.125,0.1925,0.2125,0.1325,0.3625,0.1,0.2175,0.1575,0.115,0.1625,0.1575,0.3375,0.555,0.2375,0.04,0.0925,0.165,0.545,0.22,0.2575,0.265
37-2021.00,0.3575,0.3575,0.2975,0.4675,0.705,0.265,0.2925,0.325,0.23,0.2425,0.185,0.185,0.355,0.405,0.3875,0.2375,0.49,0.485,0.2275,0.1075,0.3325,0.05,0.0325,0.3225,0.52,0.16,0.0175,0.07,0.0725,0.5275,0.4725,0.1625,0.175
37-3011.00,0.4175,0.2625,0.215,0.1925,0.56,0.2125,0.32,0.305,0.13,0.2575,0.2575,0.335,0.295,0.4825,0.38,0.1275,0.4975,0.3975,0.08,0.0425,0.1825,0.0425,0.065,0.225,0.6,0.0925,0.065,0.0375,0.0225,0.4375,0.15,0.1125,0.23
37-3012.00,0.5875,0.4025,0.265,0.43,0.64,0.365,0.5125,0.6275,0.0625,0.3425,0.2875,0.27,0.0375,0.505,0.525,0.2975,0.51,0.635,0.1375,0.0875,0.36,0.13,0.0725,0.53,0.6175,0.1425,0.015,0.0525,0.055,0.535,0.525,0.3175,0.315
37-3013.00,0.365,0.255,0.2575,0.245,0.645,0.2025,0.4275,0.445,0.0425,0.145,0.225,0.1125,0.1725,0.5775,0.315,0.325,0.12,0.2825,0.1975,0.14,0.2275,0.0975,0.0775,0.425,0.41,0.105,0.085,0.125,0.09,0.47,0.365,0.1225,0.1
39-1013.00,0.71,0.5325,0.6075,0.575,0.8675,0.5725,0.185,0.48,0.1825,0.675,0.375,0.175,0.12,0.295,0.715,0.06,0.0525,0.0175,0.5125,0.275,0.18,0.0375,0.3,0.6225,0.715,0.2425,0.0025,0.1175,0.065,0.5825,0.405,0.2375,0.335
39-1022.00,0.805,0.62,0.2025,0.425,0.9475,0.6675,0.345,0.29,0.3125,0.6025,0.2275,0.1125,0.225,0.255,0.395,0.1425,0.3225,0.2125,0.7025,0.3525,0.12,0.4725,0.3925,0.6525,0.825,0.13,0.045,0.0075,0.2,0.705,0.3025,0.24,0.355
39-2011.00,0.53,0.435,0.3675,0.455,0.7625,0.4175,0.1925,0.2525,0.04,0.35,0.2025,0.16,0.1825,0.2325,0.2875,0.07,0.1125,0.3975,0.5475,0.34,0.1875,0.2675,0.2625,0.65,0.5275,0.12,0.045,0.075,0.105,0.38,0.3275,0.17,0.25
39-2021.00,0.385,0.5325,0.195,0.2775,0.8,0.2875,0.1775,0.2375,0.17,0.3125,0.1475,0.13,0.1,0.2475,0.3625,0.1175,0.3475,0.345,0.38,0.1725,0.16,0.28,0.205,0.405,0.5175,0.125,0.1125,0.0975,0.125,0.355,0.1475,0.1825,0.3075
39-3011.00,0.465,0.2175,0.2275,0.43,0.8075,0.205,0.21,0.1275,0.0875,0.295,0.0525,0.08,0.0475,0.09,0.715,0.045,0.0275,0.0175,0.2575,0.17,0.075,0.0825,0.115,0.3175,0.5675,0.1975,0.045,0.0625,0.125,0.4425,0.4375,0.1575,0.2425
39-3012.00,0.355,0.3225,0.4175,0.3925,0.775,0.3575,0.1675,0.285,0.115,0.395,0.125,0.1025,0.015,0.1,0.73,0.045,0.01,0.0525,0.2525,0.1575,0.1175,0.03,0.07,0.2925,0.495,0.125,0.0625,0.0275,0.105,0.335,0.2325,0.185,0.275
39-3021.00,0.45,0.3425,0.16,0.2225,0.5725,0.2425,0.1575,0.2375,0.1375,0.765,0.3725,0.1175,0.1125,0.545,0.3525,0.085,0.1075,0.0225,0.195,0.085,0.06,0.065,0.0275,0.325,0.5425,0.06,0.1225,0.0775,0.1,0.375,0.1425,0.3075,0.4175
39-3031.00,0.4125,0.3075,0.3425,0.475,0.8125,0.235,0.16,0.1425,0.2725,0.3675,0.14,0.055,0.0375,0.1375,0.33,0.0975,0.06,0.06,0.295,0.1475,0.21,0.0425,0.0475,0.3525,0.5975,0.0725,0.1675,0.23,0.1275,0.56,0.1675,0.24,0.5175
39-3091.00,0.495,0.22,0.14,0.42,0.785,0.215,0.08,0.19,0.0375,0.4175,0.1375,0.0525,0.07,0.2875,0.3625,0.0175,0.07,0.035,0.245,0.2125,0.2275,0.195,0.18,0.3525,0.6275,0.2875,0.065,0.06,0.0275,0.56,0.1475,0.0775,0.3675
39-3092.00,0.49,0.3575,0.2975,0.1825,0.5375,0.405,0.2225,0.5525,0.1275,0.3075,0.355,0.5575,0.3075,0.4525,0.44,0.23,0.2025,0.0875,0.52,0.35,0.0425,0.0575,0.155,0.4075,0.5325,0.215,0.6625,0.24,0.185,0.33,0.125,0.225,0.2925
39-3093.00,0.2825,0.245,0.1925,0.2875,0.67,0.14,0.18,0.13,0.18,0.1825,0.08,0.055,0.0375,0.1125,0.2825,0.0825,0.145,0.05,0.23,0.13,0.1075,0.1725,0.1625,0.3,0.605,0.0975,0.0575,0.085,0.0625,0.325,0.13,0.2775,0.2825
39-4011.00,0.55,0.5375,0.3025,0.2775,0.92,0.255,0.3575,0.285,0,0.4625,0.255,0.0825,0.1025,0.1825,0.3775,0.21,0.655,0.5575,0.6475,0.4075,0.145,0.4375,0.49,0.4975,0.6225,0.165,0.055,0.0375,0.5175,0.4525,0.6,0.31,0.3125
39-4021.00,0.365,0.5975,0.255,0.37,0.8525,0.29,0.5125,0.325,0.0525,0.4725,0.19,0.14,0.105,0.185,0.3625,0.115,0.265,0.23,0.3125,0.2575,0.1425,0.2,0.2825,0.3225,0.715,0.16,0.11,0.1325,0.2475,0.33,0.4175,0.3225,0.415
39-4031.00,0.66,0.6825,0.435,0.52,0.93,0.5525,0.4725,0.26,0.02,0.5475,0.2225,0.17,0.0825,0.115,0.46,0.17,0.4025,0.52,0.6025,0.4025,0.1875,0.23,0.485,0.4425,0.705,0.1625,0.085,0.1775,0.515,0.515,0.4675,0.305,0.3975
39-5011.00,0.54,0.35,0.5075,0.4125,0.855,0.31,0.24,0.4275,0.1125,0.2925,0.1525,0.3425,0,0.2775,0.455,0.0575,0.3275,0.115,0.5,0.025,0.0675,0.0625,0.1775,0.39,0.535,0.17,0.0675,0.0175,0.04,0.3475,0.3175,0.215,0.325
39-5012.00,0.5025,0.385,0.3825,0.6675,0.8575,0.3825,0.1875,0.2875,0.0725,0.2725,0.18,0.16,0.045,0.2175,0.2975,0.055,0.4475,0.1525,0.25,0.09,0,0.03,0.105,0.4925,0.4675,0.0675,0.045,0.005,0.0075,0.25,0.2525,0.0725,0.2325
39-5091.00,0.475,0.2975,0.3325,0.44,0.8575,0.3575,0.37,0.3325,0.0475,0.3325,0.13,0.62,0.0825,0.13,0.3225,0.095,0.38,0.25,0.475,0.3375,0.2375,0.155,0.3225,0.44,0.775,0.1775,0.6775,0.31,0.13,0.3225,0.1625,0.3225,0.62
39-5092.00,0.3975,0.27,0.125,0.36,0.5925,0.3675,0.2025,0.3525,0.105,0.2425,0.135,0.305,0.1025,0.24,0.345,0.18,0.2575,0.2125,0.3225,0.3225,0.1725,0.17,0.1325,0.2625,0.41,0.2025,0.155,0.105,0.1875,0.2325,0.1875,0.09,0.1425
39-5093.00,0.31,0.16,0.1,0.555,0.8075,0.165,0.0525,0.3,0.02,0.1275,0.0425,0.15,0.02,0.045,0.25,0.11,0.4325,0.14,0.3975,0.22,0.01,0.085,0.115,0.4325,0.7725,0.115,0.08,0.0275,0.08,0.435,0.0825,0.0775,0.2425
39-5094.00,0.655,0.6025,0.445,0.665,0.825,0.4225,0.0025,0.405,0.0625,0.36,0.32,0.29,0,0.3075,0.2375,0.1525,0.4325,0.2575,0.4375,0.24,0.0025,0.4125,0.4525,0.6525,0.625,0.18,0.065,0.1125,0.065,0.285,0.345,0.32,0.5175
39-6011.00,0.3375,0.3425,0.2675,0.445,0.895,0.2625,0.5975,0.2325,0.2075,0.4175,0.14,0.11,0.1625,0.22,0.3625,0.12,0.115,0.005,0.245,0.1775,0.35,0.1625,0.1,0.42,0.6725,0.285,0.095,0.14,0.11,0.6025,0.3425,0.3875,0.33
39-6012.00,0.4775,0.5675,0.34,0.42,0.9325,0.3625,0.535,0.2275,0.1475,0.465,0.125,0.125,0.0575,0.08,0.285,0.09,0.1025,0.0825,0.41,0.3175,0.3975,0.1475,0.1825,0.3525,0.8525,0.33,0.3575,0.25,0.215,0.455,0.34,0.3075,0.41
39-7011.00,0.37,0.275,0.09,0.3075,0.855,0.1925,0.4275,0.0975,0.15,0.2925,0.1075,0.205,0.2125,0.2,0.175,0.1125,0.0775,0.24,0.405,0.4,0.47,0.0875,0.1325,0.545,0.7825,0.2175,0.4575,0.6575,0.245,0.45,0.1825,0.225,0.5575
39-7012.00,0.4775,0.5,0.435,0.5475,0.8325,0.405,0.485,0.1,0.0575,0.325,0.0625,0.045,0.055,0.0775,0.3425,0.06,0.035,0.21,0.2875,0.19,0.465,0.195,0.1,0.4275,0.5675,0.1825,0.0175,0.16,0.0575,0.42,0.215,0.26,0.265
39-9011.00,0.4675,0.36,0.2525,0.2575,0.6825,0.4,0.085,0.255,0.275,0.295,0.165,0.1075,0.0375,0.0375,0.37,0.055,0.165,0.0925,0.51,0.295,0.155,0.275,0.2425,0.59,0.6275,0.165,0.1675,0.115,0.175,0.545,0.255,0.13,0.2175
39-9011.01,0.23,0.16,0.12,0.04,0.64,0.25,0.4175,0.05,0.375,0.23,0.09,0.1,0.03,0.08,0.3325,0.13,0.1975,0.27,0.6075,0.435,0.3,0.4,0.36,0.5625,0.69,0.29,0.3,0.28,0.35,0.5625,0.2,0.36,0.37
39-9031.00,0.44,0.345,0.215,0.44,0.825,0.2975,0.0725,0.0725,0.1075,0.4175,0.13,0.1675,0.025,0.095,0.38,0.2625,0.1075,0.465,0.655,0.38,0.0725,0.38,0.37,0.7025,0.6675,0.1075,0.225,0.0475,0.155,0.3575,0.2025,0.2875,0.4275
39-9032.00,0.4925,0.535,0.205,0.2675,0.6625,0.35,0.415,0.255,0.08,0.51,0.105,0.2025,0.075,0.2125,0.5,0.0725,0.0775,0.1225,0.5425,0.3925,0.2175,0.21,0.4175,0.63,0.7775,0.1025,0.3425,0.21,0.3825,0.705,0.6075,0.3075,0.435
39-9041.00,0.8025,0.6275,0.3675,0.2075,0.8625,0.62,0.3825,0.25,0.32,0.5175,0.1975,0.2425,0.1475,0.2,0.3125,0.125,0.1275,0.1475,0.5425,0.685,0.165,0.4475,0.6125,0.7475,0.73,0.1875,0.185,0.135,0.345,0.7625,0.5025,0.4475,0.525
41-1011.00,0.87,0.545,0.5525,0.7325,0.955,0.5825,0.085,0.445,0.225,0.5775,0.115,0.095,0.04,0.085,0.5775,0.04,0.0475,0.0175,0.2925,0.155,0.0525,0.1825,0.285,0.65,0.715,0.395,0.065,0.0375,0.105,0.47,0.29,0.2125,0.3625
41-1012.00,0.7275,0.4,0.59,0.58,0.7625,0.635,0.3375,0.37,0.0875,0.45,0.14,0.125,0.0625,0.155,0.525,0.0575,0.0275,0.015,0.2375,0.0825,0.1775,0.0025,0.085,0.515,0.6925,0.185,0.0325,0.02,0.02,0.31,0.355,0.265,0.3825
41-2011.00,0.4675,0.46,0.345,0.5175,0.7625,0.2725,0.235,0.205,0.13,0.4225,0.1225,0.0775,0.085,0.1775,0.465,0.09,0.1375,0.0225,0.225,0.15,0.0775,0.11,0.1175,0.3425,0.5925,0.185,0,0.0025,0.105,0.405,0.38,0.285,0.2725
41-2012.00,0.17,0.43,0.31,0.17,0.7875,0.0875,0.0325,0.085,0,0.4075,0.035,0.02,0,0.09,0.6825,0.02,0.0425,0,0.365,0.1875,0.0725,0.025,0.0875,0.29,0.4925,0.0975,0,0.01,0.075,0.4375,0.3975,0.31,0.265
41-2021.00,0.5125,0.625,0.3325,0.605,0.8625,0.27,0.435,0.375,0.1,0.4125,0.1,0.22,0.045,0.19,0.5025,0.0825,0.155,0.055,0.265,0.175,0.2125,0.065,0.07,0.3275,0.68,0.16,0.0775,0.0125,0.16,0.375,0.2075,0.29,0.3525
41-2022.00,0.745,0.7175,0.615,0.775,0.86,0.5675,0.4525,0.585,0.0225,0.7025,0.4075,0.29,0.1575,0.53,0.555,0.0925,0.12,0.02,0.3675,0.14,0.205,0.02,0.135,0.4725,0.6425,0.2425,0,0.01,0.025,0.47,0.2775,0.4675,0.3375
41-2031.00,0.51,0.5025,0.32,0.88,0.835,0.2125,0.2375,0.3125,0.09,0.4375,0.2225,0.2475,0.1075,0.2025,0.5075,0.0925,0.0975,0.0425,0.4725,0.2175,0.1525,0.1875,0.1575,0.4225,0.6675,0.185,0.175,0.065,0.12,0.3375,0.24,0.2625,0.3625
41-3011.00,0.5325,0.5875,0.41,0.965,0.8825,0.375,0.185,0.415,0.0025,0.5725,0.1925,0.1925,0.03,0.065,0.64,0.06,0.0025,0.0025,0.2875,0.1375,0.225,0.04,0.06,0.4225,0.74,0.1275,0.22,0.095,0.155,0.21,0.3225,0.3775,0.71
41-3021.00,0.5975,0.39,0.4225,0.905,0.9225,0.4575,0.615,0.3175,0.0225,0.475,0.0175,0.01,0.045,0.0075,0.645,0.0025,0.0375,0.0025,0.3475,0.145,0.2025,0.14,0.1425,0.5225,0.775,0.0125,0.0075,0.155,0.0525,0.3675,0.635,0.3625,0.5175
41-3031.00,0.605,0.5,0.7325,0.6775,0.83,0.4075,0.26,0.2575,0.1,0.625,0.1875,0.085,0.1175,0.09,0.6825,0.035,0.05,0.075,0.3975,0.2075,0.19,0.0475,0.1375,0.4125,0.705,0.135,0.0475,0.175,0.1675,0.2175,0.5275,0.3375,0.42
41-3041.00,0.4725,0.5425,0.43,0.72,0.8125,0.2375,0.5225,0.2025,0.02,0.59,0.2175,0.0425,0.0025,0.005,0.265,0.0025,0.0025,0.0025,0.175,0.13,0.6075,0,0.0075,0.4075,0.7425,0.32,0.005,0.15,0.09,0.2225,0.18,0.5425,0.4625
41-4011.00,0.5425,0.4625,0.34,0.8275,0.855,0.2625,0.3175,0.525,0.07,0.5075,0.4025,0.29,0.14,0.2275,0.54,0.0875,0.2925,0.0625,0.385,0.2075,0.265,0.115,0.1175,0.3975,0.665,0.1425,0.025,0.045,0.075,0.165,0.2325,0.36,0.365
41-4012.00,0.4775,0.2925,0.3425,0.98,0.96,0.1375,0.675,0.3325,0.2275,0.5425,0.08,0.26,0.0275,0.06,0.735,0.015,0.0075,0,0.3925,0.2225,0.0775,0,0.0025,0.09,0.84,0.155,0.2025,0.0125,0.01,0.11,0.12,0.4125,0.4425
41-9011.00,0.3175,0.375,0.1525,0.675,0.755,0.2375,0.265,0.1825,0.5725,0.36,0.095,0.1575,0,0.125,0.2825,0.005,0.125,0.1075,0.385,0.265,0.08,0.0675,0.055,0.3225,0.675,0.125,0.03,0.0075,0.05,0.5,0.1275,0.28,0.3625
41-9012.00,0.1925,0.1175,0.05,0.0625,0.43,0.1025,0.21,0.0225,0.005,0.1575,0.0025,0.1175,0.0275,0.05,0.0575,0.05,0.03,0.085,0.1225,0.085,0.045,0.0475,0.0275,0.095,0.37,0.0475,0.345,0.08,0.04,0.1275,0.09,0.0975,0.195
41-9021.00,0.735,0.545,0.63,0.8725,0.815,0.4675,0.2775,0.155,0.005,0.595,0.1125,0.2525,0.55,0.1925,0.5775,0.065,0.1325,0.0325,0.53,0.3575,0.4175,0.005,0.055,0.54,0.7825,0.295,0.05,0.085,0.1925,0.3925,0.75,0.38,0.5575
41-9022.00,0.675,0.6875,0.5625,0.925,0.96,0.3625,0.425,0.2225,0.0375,0.6125,0.25,0.3125,0.6,0.275,0.6125,0.1,0.075,0.1125,0.525,0.3625,0.4125,0.05,0.2775,0.525,0.8375,0.225,0.125,0.1375,0.1875,0.46,0.7375,0.4125,0.605
41-9031.00,0.6675,0.5525,0.475,0.835,0.885,0.4625,0.1725,0.3825,0.0275,0.4825,0.825,0.5925,0.1175,0.4975,0.6975,0.465,0.2025,0.0425,0.2275,0.0625,0.15,0.0225,0.0475,0.435,0.82,0.095,0.0075,0.0175,0.0675,0.1275,0.165,0.18,0.345
41-9041.00,0.53,0.4325,0.325,0.83,0.755,0.1525,0.2125,0.1325,0.0575,0.53,0.1125,0.0925,0.0125,0.0575,0.3325,0.115,0.0625,0.0275,0.2725,0.14,0.25,0.015,0.0775,0.3075,0.6925,0.1025,0.2125,0.1975,0.2475,0.2,0.3825,0.37,0.515
41-9091.00,0.5,0.51,0.2925,0.7925,0.845,0.375,0.26,0.155,0.095,0.3225,0.0525,0.02,0.02,0.01,0.3125,0.01,0.0525,0.01,0.355,0.1675,0.0825,0,0.0725,0.405,0.5725,0.095,0.02,0.01,0.095,0.135,0.135,0.3025,0.3325
43-1011.00,0.87,0.675,0.525,0.3275,0.8075,0.5425,0.17,0.3325,0.0375,0.57,0.1725,0.1025,0.0575,0.1125,0.4775,0.0925,0.0225,0.0225,0.2575,0.1225,0.0925,0.12,0.155,0.49,0.6775,0.075,0.01,0.0075,0.1,0.3875,0.4,0.305,0.3325
43-2011.00,0.4475,0.67,0.24,0.1175,0.835,0.38,0.04,0.0825,0.02,0.6225,0.1225,0,0.0025,0.1925,0.3625,0.0025,0.0125,0,0.3325,0.1175,0.075,0.0475,0.1925,0.235,0.7125,0.1225,0.0025,0.015,0.1225,0.385,0.235,0.585,0.4325
43-2021.00,0.3975,0.6475,0.15,0.1975,0.81,0.31,0.075,0.1975,0.0675,0.5275,0.11,0.0575,0.025,0.0425,0.175,0.04,0.055,0.0275,0.1625,0.135,0.14,0.1525,0.04,0.3275,0.55,0.18,0.045,0.0825,0.12,0.3575,0.1475,0.6875,0.2825
43-3011.00,0.5175,0.5175,0.565,0.285,0.6925,0.185,0.02,0.3375,0.015,0.53,0.0675,0.0325,0.035,0.02,0.5775,0,0,0,0.2125,0.1475,0.065,0.025,0.03,0.31,0.7725,0.26,0,0.005,0.02,0.1425,0.5625,0.2275,0.3075
43-3021.00,0.6025,0.8525,0.6325,0.3325,0.81,0.4475,0.2075,0.32,0.0825,0.605,0.175,0.1475,0.0425,0.065,0.6225,0.0625,0.05,0.1925,0.37,0.13,0.105,0.3325,0.135,0.36,0.68,0.095,0.0275,0.02,0.1025,0.3725,0.365,0.32,0.275
43-3031.00,0.4675,0.7225,0.5875,0.2125,0.795,0.2875,0.065,0.17,0.0475,0.5425,0.025,0.025,0.025,0.12,0.705,0.03,0.0275,0,0.195,0.0975,0.1425,0.0475,0.055,0.415,0.59,0.035,0,0,0.035,0.1775,0.2625,0.2525,0.185
43-3041.00,0.52,0.5125,0.455,0.2975,0.9325,0.2625,0.0375,0.0525,0,0.4025,0.05,0.0375,0.0075,0.1425,0.69,0.005,0,0,0.1875,0.1425,0.04,0.01,0.0325,0.2175,0.5475,0.09,0.0275,0.035,0.035,0.315,0.25,0.0775,0.25
43-3051.00,0.7075,0.8725,0.7675,0.095,0.5525,0.725,0.015,0.0975,0,0.5375,0.02,0.015,0,0.005,0.8025,0,0,0.0025,0.1925,0.1275,0.0625,0.02,0.0625,0.3,0.7975,0.115,0,0.095,0.09,0.1975,0.2325,0.11,0.3975
43-3061.00,0.61,0.695,0.6175,0.285,0.69,0.3475,0.5325,0.43,0.095,0.545,0.33,0.1625,0.1875,0.295,0.6075,0.1225,0.29,0.15,0.18,0.165,0.2925,0.14,0.165,0.43,0.7375,0.11,0.1,0.0925,0.1975,0.4975,0.365,0.405,0.3875
43-3071.00,0.4775,0.4625,0.5275,0.4625,0.72,0.255,0.1525,0.195,0.02,0.4075,0.12,0.0225,0.0125,0.04,0.6175,0.035,0.0425,0.0125,0.22,0.09,0.0825,0.06,0.1175,0.3375,0.6575,0.1475,0.0275,0.0275,0.035,0.5,0.3625,0.195,0.2375
43-4011.00,0.245,0.5175,0.55,0.4575,0.705,0.2675,0.14,0.1325,0,0.58,0.13,0.0775,0,0.0175,0.63,0.0275,0,0,0.23,0.0925,0.095,0.015,0.075,0.3075,0.7725,0.295,0,0.0925,0.035,0.27,0.415,0.29,0.3525
43-4021.00,0.48,0.8575,0.6575,0.2,0.6925,0.3475,0.2375,0.3475,0.035,0.5925,0.065,0.085,0.0375,0.095,0.6175,0.055,0.055,0.025,0.16,0.05,0.0825,0.0125,0.0575,0.3475,0.7375,0.17,0,0.0375,0.0475,0.4525,0.44,0.3,0.39
43-4031.00,0.615,0.825,0.42,0.0875,0.8675,0.4575,0.185,0.23,0.01,0.6,0.135,0.055,0.0375,0.05,0.4725,0.02,0.02,0.025,0.2675,0.1775,0.12,0.06,0.135,0.4075,0.7625,0.1675,0.015,0.1025,0.0725,0.4325,0.775,0.3425,0.33
43-4041.00,0.5325,0.585,0.5825,0.425,0.765,0.325,0.3375,0.2025,0.075,0.5475,0.1175,0.0675,0.12,0.135,0.6525,0.02,0.0025,0,0.3425,0.0725,0.1825,0.01,0.0525,0.34,0.6675,0.0325,0,0.025,0.02,0.2025,0.5925,0.28,0.3025
43-4051.00,0.6275,0.5725,0.4775,0.6125,0.925,0.365,0.2825,0.2525,0.035,0.57,0.15,0.0725,0.0775,0.085,0.585,0.0725,0.075,0.0625,0.305,0.1875,0.1575,0.1725,0.145,0.3875,0.73,0.1125,0.0175,0.02,0.11,0.455,0.2475,0.3475,0.2825
43-4061.00,0.71,0.6925,0.3725,0.1725,0.9775,0.6325,0.2825,0.3475,0.08,0.5875,0.145,0.045,0.0425,0.03,0.585,0.0225,0.025,0.01,0.365,0.37,0.0875,0.05,0.275,0.61,0.84,0.2875,0.0175,0.0375,0.1375,0.5025,0.525,0.2875,0.4425
43-4071.00,0.47,0.8775,0.3375,0.21,0.81,0.375,0.3,0.2875,0.125,0.5825,0.22,0.1675,0.1225,0.19,0.5525,0.125,0.125,0.125,0.265,0.175,0.265,0.15,0.1475,0.415,0.83,0.3,0.115,0.15,0.1475,0.53,0.59,0.57,0.3775
43-4081.00,0.545,0.66,0.455,0.4675,0.8375,0.3875,0.2875,0.265,0.22,0.5875,0.255,0.1025,0.1175,0.2575,0.5125,0.15,0.225,0.0675,0.29,0.1975,0.2225,0.18,0.1725,0.3825,0.7975,0.2575,0.06,0.0925,0.1525,0.6675,0.3275,0.3975,0.365
43-4111.00,0.52,0.6725,0.355,0.1475,0.87,0.385,0.125,0.1075,,0.6175,0.0425,0.04,,0.0225,0.565,,0.0375,,0.3025,0.23,0.0925,0.215,0.385,0.3625,0.68,0.2175,0.0825,0,0.15,0.375,0.3675,0.3225,0.4225
43-4121.00,0.335,0.675,0.1575,0.2975,0.685,0.17,0.1175,0.1825,0,0.4925,0.0625,0.0925,0.0225,0.08,0.3275,0.04,0.0775,0.015,0.4975,0.34,0.29,0.17,0.1625,0.5075,0.6425,0.2025,0.12,0.3425,0.2625,0.48,0.185,0.2675,0.33
43-4131.00,0.47,0.6775,0.4375,0.45,0.8475,0.2925,0.035,0.315,0,0.605,0.1325,0.065,0.0675,0.02,0.5925,0,0,0,0.1075,0.015,0.2,0,0,0.4625,0.8,0.065,0,0,0.0175,0.18,0.6025,0.295,0.2975
43-4141.00,0.49,0.78,0.585,0.85,0.945,0.255,0.0075,0.265,0,0.6325,0.0775,0.015,0,0.045,0.6175,0.015,0.0075,0,0.2825,0.135,0.0325,0,0.05,0.525,0.74,0.23,0,0.005,0.065,0.535,0.465,0.2075,0.2775
43-4151.00,0.545,0.685,0.415,0.6525,0.84,0.555,0.605,0.79,0.175,0.7625,0.525,0.2075,0.1225,0.295,0.6675,0.1375,0.065,0.005,0.19,0.1225,0.1,0.005,0.0075,0.73,0.7025,0.125,0.0075,0.0025,0.0025,0.5775,0.3025,0.1625,0.3375
43-4161.00,0.6175,0.7775,0.3,0.09,0.685,0.8525,0.09,0.0825,0.0075,0.4675,0.0225,0.035,0.0125,0.0025,0.36,0,0.0075,0,0.14,0.12,0.055,0.01,0.155,0.4125,0.61,0.0925,0.0025,0.01,0.075,0.335,0.3025,0.2225,0.31
43-4171.00,0.4175,0.7175,0.18,0.1625,0.8025,0.3875,0.12,0.23,0.05,0.6,0.1125,0.0625,0.0475,0.0475,0.4325,0.0825,0.06,0.0325,0.1975,0.21,0.0625,0.2525,0.065,0.3675,0.6825,0.2175,0.045,0.0475,0.065,0.43,0.33,0.415,0.375
43-4181.00,0.2825,0.395,0.195,0.4225,0.96,0.32,0.6375,0.2325,0.0025,0.6875,0.14,0.0225,0,0.1175,0.455,0.0425,0.13,0.085,0.5225,0.195,0.61,0.1075,0.2875,0.3875,0.7,0.4675,0.195,0.1775,0.225,0.685,0.3825,0.27,0.445
43-5011.00,0.7225,0.595,0.45,0.44,0.595,0.36,0.8925,0.4775,0.1575,0.365,0.3575,0.1,0.24,0.3975,0.43,0.025,0.0925,0.165,0.2375,0.1725,0.875,0.0675,0.1625,0.6175,0.73,0.2125,0.0675,0.16,0.025,0.7575,0.6125,0.6075,0.5
43-5011.01,0.8225,0.8975,0.6275,0.5175,0.8775,0.69,0.95,0.5325,0.0825,0.7575,0.26,0.2175,0.1125,0.1925,0.6475,0.1475,0.2175,0.145,0.365,0.26,0.7175,0.0725,0.1075,0.4825,0.8125,0.465,0.145,0.185,0.255,0.725,0.58,0.64,0.6175
43-5021.00,0.215,0.32,0.1075,0.1475,0.7025,0.12,0.7,0.16,0.0675,0.215,0,0.035,0.0275,0.115,0.215,0.055,0.15,0.0225,0.09,0,0.3075,0.2375,0.0225,0.15,0.6225,0.0025,0,0,0.0225,0.35,0.2775,0.1875,0.15
43-5031.00,0.53,0.7125,0.2025,0.105,0.85,0.565,0.345,0.4025,0.0025,0.7575,0.115,0.125,0.0675,0.1775,0.215,0.0775,0.1525,0.05,0.5925,0.4125,0.8125,0.36,0.5525,0.63,0.87,0.2525,0,0.115,0.2975,0.9825,0.8875,0.8625,0.7925
43-5032.00,0.715,0.685,0.2525,0.2275,0.835,0.5625,0.615,0.2425,0,0.5175,0.16,0.15,0.0775,0.185,0.3525,0.12,0.0875,0.0325,0.38,0.26,0.295,0.0175,0.0575,0.4425,0.6325,0.2025,0,0.0375,0.1075,0.755,0.2975,0.265,0.275
43-5041.00,0.395,0.3775,0.17,0.105,0.6775,0.2375,0.335,0.2375,0.0775,0.4625,0.2775,0.2775,0.335,0.48,0.5175,0.2975,0.255,0.1875,0.1175,0.025,0.1775,0.0975,0.0475,0.3,0.5875,0.185,0.0125,0.0025,0.045,0.6175,0.2975,0.2725,0.21
43-5051.00,0.485,0.505,0.3325,0.5075,0.74,0.3475,0.5,0.455,0.0425,0.5,0.21,0.15,0.085,0.3,0.5875,0.1275,0.11,0.03,0.3425,0.215,0.1875,0.1075,0.1375,0.415,0.6,0.11,0.0275,0.045,0.1325,0.48,0.2575,0.28,0.29
43-5052.00,0.465,0.3675,0.1425,0.5375,0.8125,0.295,0.49,0.4325,0.01,0.265,0.07,0.1,0.04,0.1525,0.3375,0.0525,0.1125,0.0075,0.2825,0.125,0.3175,0.06,0.0925,0.4125,0.5625,0.15,0.0025,0.0325,0.055,0.5525,0.285,0.2025,0.25
43-5053.00,0.2925,0.3125,0.1475,0.045,0.35,0.1775,0.2675,0.365,0.0325,0.2325,0.0675,0.02,0.0225,0.09,0.185,0.025,0.0275,0.0275,0.1125,0.1075,0.1125,0.0425,0.0775,0.195,0.51,0.03,0,0.0225,0.0575,0.2675,0.14,0.1625,0.17
43-5061.00,0.6275,0.64,0.2475,0.2525,0.69,0.2875,0.3925,0.8275,0,0.565,0.265,0.175,0.035,0.245,0.46,0.025,0.025,0.0125,0.1075,0.02,0.045,0.005,0.005,0.2825,0.6575,0.055,0,0,0.0125,0.3275,0.08,0.11,0.1175
43-5071.00,0.4975,0.61,0.3675,0.28,0.475,0.3075,0.46,0.52,0.1475,0.535,0.285,0.1575,0.17,0.38,0.51,0.135,0.1225,0.0825,0.2175,0.1875,0.2,0.12,0.1525,0.4725,0.5075,0.135,0.08,0.08,0.0775,0.425,0.1675,0.3475,0.275
43-5111.00,0.52,0.5175,0.38,0.165,0.465,0.305,0.245,0.7775,0.3625,0.4525,0.2425,0.075,0.155,0.28,0.675,0.11,0.315,0.06,0.0825,0.0975,0.13,0.1125,0.0825,0.3675,0.5375,0.255,0.0875,0.02,0.11,0.41,0.1925,0.2275,0.215
43-6011.00,0.545,0.88,0.2725,0.1275,0.615,0.4425,0.2525,0.0975,0.0225,0.575,0.0475,0.0475,0.0225,0.075,0.38,0.0325,0.035,0.0225,0.235,0.205,0.09,0.075,0.0825,0.2775,0.79,0.1,0.0475,0.0425,0.18,0.3275,0.2775,0.285,0.4175
43-6012.00,0.54,0.8625,0.4175,0.3775,0.7325,0.3975,0.1,0.3125,0,0.725,0,0.09,0,0.0375,0.3325,0.03,0.03,0.0325,0.225,0.21,0.15,0.16,0.295,0.4075,0.8425,0.1775,0,0.0775,0.065,0.5275,0.795,0.39,0.45
43-6013.00,0.5675,0.7325,0.5025,0.305,0.86,0.6025,0.135,0.24,0.1275,0.5975,0.1125,0.11,0.1025,0.155,0.4725,0.1075,0.1175,0.1725,0.2675,0.205,0.14,0.6525,0.1975,0.3075,0.8175,0.2925,0.1025,0.105,0.11,0.295,0.2175,0.315,0.33
43-6014.00,0.6075,0.88,0.4375,0.2225,0.69,0.4325,0.2775,0.1825,0.0875,0.71,0.0725,0.0825,0.0675,0.1025,0.4775,0.03,0.13,0.105,0.285,0.21,0.1225,0.2775,0.235,0.39,0.8225,0.1575,0.0425,0.1025,0.1325,0.425,0.36,0.37,0.44
43-9021.00,0.43,0.89,0.3675,0.2425,0.6475,0.255,0.2375,0.33,0.0275,0.45,0.1075,0.1075,0.0275,0.13,0.465,0.0775,0.0275,0.0275,0.175,0.145,0.13,0.0275,0.11,0.4175,0.9425,0.26,0.0275,0.13,0.0275,0.475,0.6375,0.2425,0.3425
43-9022.00,0.355,0.9525,0.1775,0.1125,0.7975,0.14,0.01,0.0775,0,0.6275,0,0.0025,0,0.0475,0.295,0,0,0.0025,0.2675,0.05,0.0975,0.0725,0.0375,0.1825,0.815,0.1,0,0.005,0,0.185,0.395,0.2025,0.2775
43-9031.00,0.2675,0.4575,0.045,0.205,0.2725,0.065,0.0425,0.44,0.0075,0.74,0.025,0.39,0.0075,0.025,0.375,0.0125,0.015,0.0075,0.1675,0.125,0.115,0.085,0.0475,0.3025,0.5975,0.0525,0.2875,0.075,0.0925,0.0925,0.11,0.1025,0.6525
43-9041.00,0.36,0.72,0.265,0.1875,0.805,0.21,0.0875,0.305,0.0025,0.5,0.0525,0.0225,0.07,0.0475,0.4775,0.0425,0.0025,0.0725,0.2,0.11,0.085,0.1825,0.115,0.2475,0.6475,0.055,0.01,0.025,0.0775,0.1625,0.29,0.23,0.3075
43-9051.00,0.355,0.3825,0.205,0.1675,0.7125,0.1,0.265,0.145,0.0025,0.25,0.0825,0.0675,0.0325,0.0325,0.4925,0.0225,0.0225,0.0025,0.12,0.0475,0.115,0.0275,0.015,0.385,0.59,0.1575,0.0075,0.005,0.0275,0.3175,0.3875,0.1625,0.205
43-9061.00,0.5025,0.7975,0.36,0.2625,0.61,0.3325,0.15,0.1975,0.04,0.4725,0.1325,0.1225,0.04,0.11,0.4275,0.08,0.0875,0.0075,0.2675,0.185,0.16,0.0825,0.1225,0.3125,0.7025,0.1075,0.0625,0.05,0.17,0.36,0.27,0.2375,0.3325
43-9071.00,0.2975,0.4175,0.18,0.155,0.6875,0.1725,0.0775,0.605,0,0.5075,0.1375,0.2975,0.0575,0.325,0.48,0.145,,0,0.2225,0.125,0.0625,0.0075,0.0625,0.225,0.7175,0.0525,0.145,0.0325,0.1075,0.2075,0.1225,0.285,0.3275
43-9081.00,0.3525,0.39,0.0625,0.1125,0.3025,0.0175,0.045,0.0775,0,0.5075,0.0725,0.2925,0.0025,0.0625,0.2625,0.01,0.01,0.0025,0.1875,0.1975,0.23,0.0025,0.0325,0.235,0.9875,0.1225,0.0375,0.14,0.2375,0.085,0.1875,0.12,0.59
43-9111.00,0.48,0.5,0.44,0.27,0.595,0.375,0.2325,0.3125,0.2125,0.7125,0.3425,0.2,0.1775,0.1125,0.745,0.0825,0.075,0.1075,0.22,0.26,0.1875,0.07,0.11,0.5375,0.7625,0.1325,0.0075,0.14,0.115,0.3725,0.4725,0.2025,0.3525
45-1011.00,0.7225,0.46,0.385,0.4075,0.63,0.455,0.475,0.675,0.505,0.405,0.395,0.2825,0.42,0.6025,0.505,0.3225,0.3825,0.5575,0.4275,0.235,0.315,0.1525,0.145,0.5775,0.605,0.2525,0.03,0.12,0.14,0.4925,0.37,0.2525,0.2375
45-2011.00,0.5875,0.5775,0.2325,0.1425,0.6275,0.41,0.4525,0.4575,0.4775,0.4725,0.3175,0.1775,0.1725,0.3225,0.5525,0.1025,0.29,0.3775,0.3225,0.19,0.2675,0.1125,0.1375,0.485,0.5375,0.19,0.0425,0.0575,0.105,0.5525,0.58,0.2725,0.3225
45-2021.00,0.6325,0.53,0.4275,0.7325,0.7925,0.2075,0.3825,0.4725,0.35,0.4075,0.2375,0.1925,0.2925,0.43,0.5425,0.1475,0.37,0.5775,0.195,0.1775,0.21,0.355,0.0725,0.3875,0.45,0.08,0.03,0.0625,0.0175,0.3075,0.31,0.2025,0.27
45-2041.00,0.32,0.155,0.0725,0.21,0.2825,0.235,0.2425,0.655,0.445,0.2525,0.2325,0.05,0.075,0.4975,0.27,0.1425,0.18,0.0975,0.1025,0.045,0.055,0.1675,0.0875,0.4325,0.5125,0.34,0.045,0.06,0.075,0.33,0.0875,0.06,0.12
45-2091.00,0.2825,0.295,0.2475,0.1875,0.41,0.2375,0.43,0.4225,0.1925,0.2925,0.2875,0.3425,0.2975,0.465,0.44,0.3325,0.4025,0.2775,0.195,0.16,0.255,0.1125,0.1625,0.335,0.595,0.1225,0.06,0.2225,0.0925,0.4475,0.3925,0.2725,0.2475
45-2092.00,0.42,0.2825,0.2725,0.23,0.295,0.25,0.29,0.3575,0.46,0.2525,0.2825,0.2425,0.23,0.4275,0.3975,0.2275,0.41,0.46,0.235,0.155,0.235,0.1675,0.09,0.2825,0.38,0.145,0.0625,0.1225,0.105,0.2875,0.24,0.18,0.195
45-2093.00,0.5375,0.43,0.4425,0.43,0.3225,0.34,0.4525,0.55,0.5125,0.315,0.2675,0.285,0.3525,0.53,0.5,0.2625,0.38,0.54,0.315,0.155,0.2725,0.2,0.13,0.405,0.535,0.1075,0.04,0.2225,0.1475,0.4925,0.3825,0.2675,0.27
45-3031.00,0.42,0.3675,0.445,0.5125,0.58,0.4475,0.4875,0.36,0.435,0.4875,0.3425,0.325,0.3,0.6,0.3875,0.35,0.1875,0.575,0.2375,0.1375,0.6125,0.2375,0.1175,0.5,0.5125,0.175,0.05,0.1875,0.0625,0.4875,0.58,0.375,0.28
45-4011.00,0.545,0.37,0.16,0.0575,0.5475,0.425,0.4625,0.165,0.0175,0.43,0.1925,0.2125,0.2275,0.4225,0.3425,0.2275,0.23,0.505,0.3175,0.09,0.51,0.1625,0.16,0.455,0.6175,0.0375,0.025,0.2275,0.035,0.62,0.43,0.285,0.47
45-4021.00,0.375,0.15,0.295,0.15,0.3375,0.1325,0.2675,0.4325,0.1075,0.0525,0.2675,0.21,0.0425,0.465,0.3075,0.215,0.1575,0.2075,0.13,0.095,0.2025,0.135,0.0925,0.2675,0.155,0.09,0,0.0075,0.0875,0.3575,0.275,0.045,0.1525
45-4022.00,0.325,0.0225,0.0225,0.045,0.27,0.12,0.415,0.595,0,0.1225,0.25,0.175,0.125,0.8025,0.23,0.23,0.0175,0.14,0.1475,0.0075,0.2025,0.13,0.04,0.225,0.225,0,0,0.0025,0,0.625,0.22,0.06,0.06
45-4023.00,0.5075,0.2775,0.3175,0.36,0.53,0.2725,0.41,0.6975,0.035,0.3325,0.245,0.175,0.165,0.425,0.5825,0.135,0.1475,0.2125,0.175,0.08,0.2325,0.0725,0.0825,0.4225,0.38,0.1075,0.0175,0.05,0.055,0.24,0.1675,0.125,0.1825
47-1011.00,0.775,0.4375,0.345,0.3825,0.6825,0.51,0.33,0.46,0.0225,0.3075,0.535,0.6125,0.775,0.7425,0.575,0.425,0.2525,0.16,0.4575,0.1725,0.3525,0.215,0.2275,0.455,0.68,0.0925,0.005,0.0775,0.06,0.595,0.405,0.27,0.24
47-2011.00,0.48,0.2825,0.1175,0.1625,0.34,0.2075,0.2725,0.29,0,0.4025,0.3725,0.37,0.455,0.7875,0.5475,0.375,0.25,0.0725,0.1525,0.0475,0.0725,0.145,0.105,0.28,0.57,0.115,0,0.075,0.11,0.2125,0.0825,0.155,0
47-2021.00,0.505,0.13,0.175,0.25,0.445,0.2975,0.2,0.53,,0.1225,0.44,0.5275,0.94,0.5025,0.615,0.23,0.3,0.0375,0.1175,0.135,0.1175,0.0975,0.025,0.41,0.565,0.12,,,,0.5375,0.24,0.18,0.1625
47-2022.00,0.5075,0.255,0.1725,0.455,0.5125,0.3075,0.21,0.4625,,0.0975,0.325,0.67,0.92,0.515,0.665,0.1775,0.2425,0.0275,0.17,0.045,0.0125,0.0325,0.0725,0.425,0.505,0.13,0.0325,0.01,0.005,0.4275,0.2075,0.1225,0.105
47-2031.00,0.7275,0.38,0.3325,0.3025,0.52,0.3825,0.425,0.475,0.12,0.385,0.65,0.715,0.915,0.575,0.7275,0.5125,0.2975,0.0925,0.2575,0.1575,0.2225,0.1625,0.1475,0.5575,0.4825,0.1875,0.075,0.115,0.15,0.62,0.2725,0.305,0.2625
47-2041.00,0.6,0.3025,0.2975,0.375,0.6675,0.3325,0.36,0.5175,0.02,0.1575,0.26,0.43,0.5725,0.485,0.605,0.19,0.245,0.0325,0.2325,0.08,0.0675,0.1025,0.085,0.4925,0.5775,0.0975,0.06,0.05,0.0675,0.3875,0.175,0.0925,0.1375
47-2042.00,0.3675,0.1525,0.185,0.2575,0.72,0.175,0.385,0.5825,0.04,0.0475,0.3325,0.5275,0.7325,0.605,0.7075,0.275,0.3,0.0525,0.24,0.0375,0.01,0.0275,0.0025,0.465,0.47,0.085,0.015,0.0275,0.0075,0.4375,0.2175,0.03,0.0325
47-2043.00,0.505,0.375,0.25,0.41,0.77,0.2175,0.365,0.5775,0,0.1425,0.37,0.46,0.7775,0.5,0.4775,0.13,0.335,0.0475,0.1875,0.0475,0.1075,0.08,0.06,0.3875,0.6625,0.1725,0.05,0.0075,0.0325,0.43,0.095,0.17,0.26
47-2044.00,0.3925,0.26,0.36,0.3425,0.51,0.2375,0.35,0.35,0.0925,0.08,0.27,0.5025,0.7425,0.3925,0.5875,0.2375,0.225,0.0475,0.11,0.0775,0.1,0.06,0.1225,0.3625,0.38,0.19,0.04,0.055,0.055,0.2875,0.15,0.1225,0.18
47-2051.00,0.4,0.13,0.1475,0.155,0.33,0.225,0.37,0.2925,0.105,0.27,0.12,0.295,0.63,0.41,0.5225,0.1975,0.2275,0.1025,0.1475,0.1025,0.1825,0.16,0.1675,0.3275,0.6725,0.305,0.06,0.1025,0.07,0.5225,0.205,0.235,0.1325
47-2053.00,0.5575,0.2925,0.155,0.2075,0.5575,0.31,0.31,0.49,0.1075,0.0475,0.325,0.645,0.7625,0.525,0.5975,0.335,0.5375,0.0075,0.175,0.02,0.0725,0.06,0.0625,0.41,0.565,0.1675,0.215,0,0.0175,0.505,0.2025,0.1175,0.1125
47-2061.00,0.32,0.16,0.105,0.0875,0.4475,0.125,0.21,0.2325,0.06,0.1275,0.27,0.3075,0.745,0.5075,0.3,0.145,0.12,0.0975,0.1275,0.11,0.12,0.1225,0.1075,0.34,0.2725,0.1075,0.095,0.1075,0.1825,0.5425,0.1075,0.1075,0.1425
47-2071.00,0.3575,0.1725,0.135,0.1675,0.4325,0.2125,0.265,0.295,0.1,0.2275,0.315,0.3575,0.6625,0.565,0.4425,0.435,0.3725,0.1925,0.2325,0.1375,0.3,0.1225,0.1675,0.3175,0.3425,0.1825,0.135,0.1575,0.1,0.435,0.3525,0.135,0.205
47-2072.00,0.4825,0.335,0.2275,0.1675,0.4475,0.2325,0.6175,0.4875,0.02,0.1975,0.6025,0.5375,0.78,0.6625,0.6475,0.4325,0.2725,0.0725,0.28,0.1775,0.315,0.1325,0.1375,0.395,0.455,0.05,0.01,0.03,0.0275,0.6,0.2825,0.15,0.2275
47-2073.00,0.445,0.07,0.125,0.1325,0.4325,0.24,0.385,0.255,0.165,0.105,0.3375,0.31,0.365,0.64,0.4525,0.1725,0.1475,0.1325,0.03,0.01,0.19,0.0125,0.01,0.3975,0.5825,0.05,0,0.165,0.0875,0.5325,0.29,0.1025,0.1725
47-2081.00,0.5225,0.265,0.32,0.35,0.4325,0.3025,0.3825,0.3825,0.055,0.195,0.435,0.4925,0.8675,0.5625,0.625,0.26,0.17,0.0375,0.21,0.09,0.175,0.1775,0.1475,0.355,0.49,0.255,0,0.0675,0.0225,0.545,0.245,0.13,0.0525
47-2082.00,0.3375,0.0725,0.14,0.1225,0.37,0.1075,0.2675,0.1175,0.035,0.04,0.1425,0.165,0.7575,0.345,0.3275,0.14,0.1275,0,0.11,0.085,0.04,0.045,0.07,0.3825,0.41,0.12,0,0.0225,0.0425,0.325,0.1525,0.1275,0.09
47-2111.00,0.645,0.3325,0.16,0.295,0.5425,0.2775,0.375,0.375,0.0225,0.245,0.2675,0.58,0.6675,0.605,0.6,0.3175,0.1525,0.04,0.42,0.185,0.1175,0.0475,0.1125,0.3025,0.41,0.0475,0.0225,0.0225,0.015,0.4675,0.3575,0.37,0.135
47-2121.00,0.615,0.265,0.135,0.1425,0.5875,0.28,0.2325,0.4,0.035,0.1425,0.4375,0.5975,0.825,0.625,0.6175,0.2325,0.2175,0.01,0.1975,0.04,0.0525,0.1,0.065,0.3875,0.4,0.17,0.0125,0,0,0.3975,0.185,0.0675,0.045
47-2131.00,0.445,0.1925,0.115,0.26,0.51,0.245,0.4025,0.29,0.0025,0.1625,0.2075,0.3225,0.5875,0.505,0.3775,0.28,0.125,0.0225,0.1525,0.0275,0.055,0.03,0.0275,0.32,0.4775,0.1025,0,0.02,0.025,0.37,0.2375,0.0975,0.0575
47-2132.00,0.755,0.425,0.465,0.585,0.7725,0.58,0.52,0.665,0.1875,0.3525,0.3925,0.6375,0.83,0.7675,0.7075,0.2925,0.2575,0.1075,0.445,0.185,0.1975,0.145,0.2075,0.7175,0.655,0.2025,0.0725,0.1125,0.07,0.665,0.31,0.2375,0.25
47-2141.00,0.4675,0.17,0.135,0.135,0.5425,0.2925,0.4125,0.4075,0.1025,0.11,0.25,0.2975,0.5075,0.3575,0.3825,0.205,0.4175,0.135,0.255,0.045,0.1625,0.1675,0.135,0.41,0.3575,0.0775,0.165,0.075,0.16,0.45,0.145,0.1725,0.1675
47-2142.00,0.505,0.3675,0.3825,0.4375,0.6825,0.385,0.2875,0.43,0,0.2875,0.3925,0.485,0.635,0.5125,0.5675,0.21,0.4125,0.0975,0.34,0.135,0.2325,0.2325,0.04,0.455,0.495,0.055,0.11,0.0625,0.115,0.505,0.2475,0.0775,0.1175
47-2151.00,0.48,0.265,0.16,0.1525,0.3775,0.3125,0.375,0.46,0.19,0.375,0.495,0.4475,0.675,0.495,0.4275,0.3425,0.375,0.1925,0.3375,0.195,0.2975,0.25,0.1675,0.4375,0.46,0.215,0.03,0.15,0.0575,0.5025,0.32,0.26,0.175
47-2152.00,0.5775,0.3025,0.285,0.2925,0.65,0.29,0.305,0.42,0.1775,0.2775,0.56,0.69,0.8375,0.8325,0.6875,0.5575,0.3775,0.085,0.225,0.075,0.1175,0.1725,0.1275,0.455,0.4775,0.095,0.0425,0.105,0.1175,0.56,0.3275,0.1475,0.2125
47-2161.00,0.5575,0.1925,0.2525,0.33,0.5125,0.3175,0.3325,0.3825,0.105,0.1125,0.2175,0.555,0.765,0.4575,0.475,0.1475,0.17,0.115,0.2175,0.165,0.145,0.185,0.135,0.36,0.5175,0.13,0.08,0.0525,0.105,0.49,0.21,0.1025,0.0825
47-2171.00,0.5925,0.165,0.165,0.165,0.365,0.3625,0.3375,0.33,0.0175,0.1375,0.51,0.5725,0.895,0.43,0.6075,0.265,0.295,0.02,0.3325,0.11,0.115,0.155,0.1575,0.4125,0.5675,0.145,0.01,0.0275,0.0475,0.4125,0.18,0.1325,0.0975
47-2181.00,0.5025,0.4,0.2475,0.2525,0.63,0.2775,0.4025,0.355,0.0975,0.1775,0.3925,0.5475,0.895,0.52,0.5525,0.2975,0.33,0.095,0.195,0.12,0.11,0.215,0.1125,0.555,0.5925,0.3725,0.045,0.045,0.0975,0.58,0.2875,0.17,0.1475
47-2211.00,0.525,0.3325,0.175,0.2625,0.4525,0.2125,0.3525,0.52,0.1625,0.465,0.51,0.6575,0.6925,0.795,0.69,0.4025,0.1975,0.04,0.135,0.0175,0.13,0.045,0.0775,0.525,0.6025,0,0.0425,0.0225,0,0.4375,0.2,0.11,0.0925
47-2221.00,0.5025,0.1625,0.0625,0.1225,0.4675,0.325,0.3625,0.2425,0,0.08,0.34,0.4575,0.895,0.6675,0.62,0.3225,0.2275,0.0425,0.265,0.0675,0.0475,0.13,0.0975,0.4375,0.4725,0.0975,0,0,0.035,0.5775,0.09,0.0925,0.1375
47-2231.00,0.7775,0.4375,0.185,0.3625,0.745,0.365,0.4775,0.605,0.0275,0.525,0.845,0.78,0.95,0.8225,0.7375,0.305,0.2475,0.075,0.285,0.1175,0.225,0.095,0.105,0.68,0.565,0.1775,0.04,0.0525,0.0725,0.69,0.3,0.4975,0.285
47-3011.00,0.31,0.1,0.0975,0.095,0.3025,0.1125,0.245,0.3525,0.0475,0.065,0.2975,0.53,0.805,0.55,0.505,0.1775,0.3125,0.0575,0.0975,0.0625,0.1,0.1025,0.07,0.2575,0.4975,0.105,0.075,0.0475,0.0475,0.43,0.1625,0.1075,0.0825
47-3012.00,0.535,0.25,0.2675,0.21,0.625,0.24,0.7375,0.5825,0.0275,0.1825,0.455,0.5675,0.8975,0.7725,0.7725,0.26,0.3925,0.1525,0.2125,0.11,0.165,0.175,0.1325,0.5175,0.73,0.185,0.0475,0.0975,0.06,0.5525,0.465,0.5025,0.32
47-3013.00,0.6825,0.4225,0.385,0.3125,0.6975,0.385,0.555,0.4375,0.1,0.445,0.5825,0.7,0.745,0.725,0.6325,0.5625,0.2975,0.1675,0.245,0.2175,0.3125,0.1875,0.21,0.6575,0.6425,0.19,0.1025,0.0925,0.0875,0.7225,0.34,0.4675,0.425
47-3014.00,0.315,0.1925,0.1425,0.17,0.295,0.215,0.2475,0.1825,0.035,0.0525,0.21,0.285,0.5325,0.2225,0.3,0.105,0.155,0.0225,0.1025,0.0275,0.0525,0.025,0.0225,0.255,0.525,0.19,0.0075,0.0075,0.0275,0.3025,0.0775,0.0375,0.02
47-3015.00,0.5325,0.335,0.285,0.25,0.6675,0.2975,0.43,0.3425,0,0.195,0.4675,0.48,0.865,0.66,0.625,0.23,0.205,0.0725,0.0675,0.0125,0.14,0.025,0.0375,0.4525,0.57,0.2775,0,0.0325,0.0075,0.4525,0.3325,0.1425,0.085
47-3016.00,0.655,0.2225,0.215,0.3325,0.625,0.41,0.5725,0.2525,0.045,0.075,0.1975,0.35,0.7125,0.57,0.5975,0.2725,0.28,0.08,0.2625,0.1775,0.13,0.4475,0.1475,0.5025,0.4625,0.2375,0.06,0.05,0.1725,0.6,0.135,0.2225,0.1275
47-4011.00,0.6,0.57,0.345,0.24,0.655,0.42,0.29,0.26,0.11,0.57,0.55,0.62,0.92,0.58,0.61,0.39,0.27,0.135,0.29,0.16,0.33,0.07,0.09,0.53,0.74,0.22,0.01,0.2,0.07,0.76,0.62,0.37,0.37
47-4021.00,0.515,0.4825,0.215,0.3725,0.6925,0.3625,0.4275,0.3275,0.095,0.6,0.5425,0.49,0.6625,0.8325,0.5625,0.455,0.355,0.0975,0.19,0.1125,0.195,0.2025,0.105,0.4775,0.53,0.115,0.0975,0.0975,0.125,0.6425,0.375,0.42,0.185
47-4031.00,0.695,0.2875,0.125,0.5575,0.755,0.3875,0.72,0.52,0.1375,0.3775,0.5175,0.68,0.75,0.565,0.6225,0.3625,0.13,0.14,0.23,0.1375,0.3975,0.0525,0.1375,0.585,0.5875,0.34,0.1975,0.1375,0.1875,0.5075,0.24,0.2625,0.2925
47-4041.00,0.615,0.395,0.26,0.3325,0.6,0.3825,0.6025,0.2925,0.2375,0.265,0.39,0.3775,0.56,0.525,0.46,0.3525,0.395,0.3075,0.265,0.1675,0.2,0.28,0.1725,0.38,0.5225,0.3175,0.185,0.1325,0.175,0.65,0.3925,0.315,0.1875
47-4051.00,0.5,0.2825,0.3175,0.1275,0.4875,0.3225,0.565,0.405,0.0825,0.2525,0.4675,0.395,0.5525,0.4975,0.45,0.27,0.3,0.2425,0.295,0.21,0.3825,0.145,0.155,0.5075,0.6275,0.16,0.08,0.085,0.1325,0.8075,0.3375,0.3175,0.3275
47-4061.00,0.51,0.3875,0.2475,0.2725,0.455,0.365,0.665,0.465,0.12,0.27,0.4975,0.3875,0.6275,0.6625,0.485,0.395,0.3175,0.185,0.285,0.155,0.325,0.17,0.12,0.48,0.41,0.1425,0.07,0.1325,0.1125,0.5625,0.3625,0.3475,0.2075
47-4071.00,0.51,0.345,0.2575,0.295,0.735,0.3675,0.63,0.385,0.0375,0.305,0.3925,0.3725,0.45,0.6225,0.5475,0.3475,0.3275,0.22,0.2125,0.095,0.2825,0.1525,0.0875,0.4525,0.5975,0.08,0,0.06,0.0375,0.595,0.4025,0.285,0.2175
47-4091.00,0.495,0.105,0.25,0.1975,0.4925,0.135,0.495,0.1875,0.0075,0.105,0.3725,0.38,0.5225,0.68,0.3625,0.195,0.275,0.12,0.17,0.055,0.1925,0.12,0.175,0.295,0.225,0.0925,0.0425,0.14,0.085,0.415,0.235,0.155,0.125
47-5011.00,0.42,0.2175,0.1875,0.1075,0.34,0.3425,0.4375,0.2875,0.0275,0.245,0.3075,0.2175,0.37,0.645,0.5775,0.3525,0.3525,0.13,0.3075,0.1975,0.3075,0.2125,0.1925,0.5075,0.5525,0.1175,0.0175,0.08,0.0325,0.46,0.35,0.07,0.155
47-5012.00,0.5825,0.3325,0.16,0.155,0.35,0.52,0.435,0.435,0.0025,0.1725,0.405,0.15,0.2925,0.7175,0.69,0.345,0.4375,0.0875,0.3825,0.0225,0.255,0.25,0.19,0.55,0.4025,0.09,0.0025,0.05,0.06,0.46,0.265,0.1525,0.285
47-5013.00,0.53,0.445,0.3325,0.535,0.67,0.4675,0.53,0.5175,0.0675,0.46,0.5925,0.44,0.3325,0.7625,0.7125,0.475,0.535,0.125,0.415,0.1525,0.21,0.205,0.045,0.5525,0.5375,0.2,0,0.08,0.0675,0.5625,0.215,0.1875,0.1925
47-5022.00,0.35,0.14,0.1225,0.1325,0.315,0.2125,0.3225,0.235,0.025,0.16,0.275,0.3525,0.5425,0.56,0.4075,0.23,0.205,0.075,0.1575,0.055,0.1125,0.0625,0.085,0.305,0.4125,0.0825,0.015,0.0225,0.065,0.4925,0.2025,0.15,0.11
47-5023.00,0.58,0.34,0.1875,0.15,0.4475,0.16,0.5775,0.4825,0,0.12,0.44,0.52,0.2475,0.625,0.495,0.315,0.2675,0.21,0.28,0.1025,0.3,0.2,0.11,0.42,0.4425,0.0975,0,0.075,0.075,0.575,0.4575,0.2525,0.165
47-5032.00,0.5425,0.4775,0.3375,0.3925,0.5425,0.4025,0.5425,0.5,0.01,0.315,0.5825,0.4575,0.4025,0.5,0.6775,0.345,0.345,0.0875,0.23,0.095,0.24,0.135,0.095,0.4175,0.5225,0.065,0.02,0.1075,0.0825,0.7825,0.74,0.1875,0.195
47-5041.00,0.4525,0.165,0.13,0.14,0.2925,0.335,0.425,0.6775,0.0525,0.2325,0.39,0.3925,0.3825,0.735,0.3875,0.265,0.21,0.1325,0.22,0.115,0.2275,0.175,0.09,0.5625,0.4575,0.025,0,0.1,0.025,0.4175,0.5925,0.36,0.2625
47-5043.00,0.4875,0.2125,0.155,0.2925,0.38,0.3775,0.37,0.6725,0.0225,0.27,0.365,0.32,0.255,0.6125,0.2975,0.18,0.1975,0.0675,0.1475,0.045,0.2375,0.0925,0.09,0.63,0.4075,0.045,0,0.02,0.0075,0.6125,0.4875,0.215,0.1625
47-5044.00,0.3775,0.1325,0.14,0.1175,0.145,0.24,0.3875,0.4425,0.0475,0.1425,0.33,0.295,0.25,0.57,0.2825,0.2775,0.2,0.0575,0.24,0.0925,0.25,0.24,0.1675,0.51,0.45,0.0725,0,0.0375,0.0625,0.3975,0.4525,0.185,0.14
47-5051.00,0.435,0.3125,0.31,0.315,0.3925,0.3975,0.385,0.49,0.16,0.2925,0.2675,0.3025,0.345,0.465,0.4525,0.2925,0.3,0.2025,0.2975,0.18,0.1675,0.3225,0.36,0.4375,0.4125,0.2875,0.115,0.1725,0.2375,0.4375,0.2775,0.25,0.265
47-5071.00,0.27,0.22,0.1275,0.15,0.5175,0.19,0.375,0.3825,0.0225,0.215,0.3325,0.29,0.3125,0.655,0.3725,0.3425,0.2575,0.065,0.1075,0.025,0.1675,0.0225,0.015,0.335,0.3525,0.025,0.015,0.015,0.025,0.2225,0.07,0.125,0.08
47-5081.00,0.4825,0.2825,0.2875,0.29,0.4425,0.37,0.585,0.4525,0.065,0.265,0.39,0.24,0.3075,0.76,0.5075,0.355,0.3375,0.14,0.135,0.05,0.2175,0.1425,0.0475,0.465,0.6325,0.0875,0,0.0075,0,0.4825,0.2925,0.23,0.1975
49-1011.00,0.7375,0.5825,0.475,0.4525,0.68,0.5475,0.36,0.4675,0.0025,0.4875,0.3825,0.345,0.2075,0.7075,0.525,0.2375,0.36,0.105,0.27,0.16,0.0575,0.0325,0.13,0.45,0.5475,0.12,0.0075,0.025,0.025,0.46,0.175,0.2125,0.245
49-2011.00,0.145,0.1975,0.08,0.19,0.7525,0.1325,0.3425,0.2625,0.005,0.835,0.5225,0.19,0.11,0.66,0.245,0.205,0.0325,0.0125,0.095,0.02,0.1175,0.0125,0.0025,0.35,0.51,0.0125,0.0025,0.0025,0.0025,0.205,0.035,0.3325,0.2175
49-2021.00,0.565,0.4525,0.375,0.32,0.72,0.37,0.315,0.375,0.02,0.77,0.5525,0.3675,0.375,0.59,0.505,0.35,0.145,0.0775,0.1825,0.08,0.3275,0.1425,0.08,0.4775,0.55,0.07,0.0325,0.08,0.1,0.5375,0.2525,0.7275,0.505
49-2022.00,0.4675,0.4725,0.19,0.4225,0.8575,0.3725,0.3475,0.4025,0.0325,0.8,0.5425,0.33,0.28,0.5525,0.6225,0.2725,0.1325,0.1325,0.2175,0.1375,0.295,0.065,0.1025,0.505,0.75,0.1075,0.045,0.0525,0.045,0.585,0.3275,0.845,0.45
49-2091.00,0.3725,0.4525,0.21,0.2025,0.625,0.27,0.4525,0.4925,0.0425,0.8425,0.69,0.605,0.12,0.805,0.6,0.4475,0.41,0.055,0.19,0.1025,0.1475,0.0925,0.0525,0.5375,0.8,0.15,0.0725,0.085,0.11,0.5275,0.4025,0.61,0.2825
49-2092.00,0.5075,0.3775,0.1725,0.245,0.5025,0.265,0.225,0.56,0.0925,0.3475,0.39,0.3725,0.3525,0.8075,0.4975,0.365,0.235,0,0.1375,0.0275,0.0875,0.1075,0.0775,0.465,0.555,0.03,0.0225,0.065,0.0275,0.405,0.2025,0.1825,0.1575
49-2093.00,0.45,0.47,0.3825,0.115,0.5925,0.3475,0.575,0.585,0.055,0.8125,0.84,0.6375,0.39,0.6575,0.72,0.515,0.305,0.0975,0.37,0.22,0.27,0.145,0.125,0.6,0.615,0.1725,0.1125,0.085,0.1575,0.705,0.45,0.6075,0.335
49-2094.00,0.6325,0.4175,0.185,0.1025,0.665,0.34,0.3525,0.73,0.0325,0.805,0.63,0.5675,0.325,0.7775,0.6425,0.4625,0.3375,0.125,0.3225,0.155,0.1025,0.1175,0.1225,0.5375,0.63,0.0975,0.025,0.1125,0.085,0.3775,0.245,0.44,0.36
49-2095.00,0.43,0.4125,0.145,0.0375,0.4525,0.39,0.2825,0.365,0,0.6825,0.7275,0.6825,0.6075,0.825,0.73,0.635,0.3925,0.1275,0.3925,0.23,0.175,0.1825,0.1675,0.56,0.7025,0.0425,0,0.0275,0.0325,0.7175,0.3975,0.485,0.1975
49-2096.00,0.47,0.2975,0.205,0.455,0.64,0.2525,0.355,0.18,0,0.7575,0.5525,0.4225,0.3475,0.77,0.64,0.285,0.2525,0.0025,0.085,0.0775,0.02,0.0975,0.035,0.5275,0.58,0.09,0.065,0.035,0.0375,0.385,0.1225,0.265,0.2925
49-2097.00,0.53,0.3375,0.105,0.475,0.7775,0.1475,0.1925,0.4875,0.005,0.815,0.55,0.41,0.5175,0.5675,0.4775,0.27,0.0425,0.0125,0.185,0.1725,0.2075,0.015,0.0825,0.3325,0.5575,0.125,0.085,0.0325,0.0575,0.285,0.0925,0.58,0.44
49-2098.00,0.385,0.2975,0.1625,0.2725,0.6575,0.1575,0.1175,0.4375,0.0025,0.675,0.5325,0.35,0.5775,0.525,0.475,0.2625,0.1,0,0.12,0.0075,0.07,0.0075,0.0025,0.5075,0.5275,0.065,0.0025,0,0.0025,0.7675,0.2925,0.645,0.275
49-3011.00,0.385,0.4025,0.115,0.1225,0.4925,0.3075,0.68,0.4675,0.0025,0.535,0.6875,0.5325,0.155,0.9225,0.5575,0.535,0.4725,0.02,0.2,0.085,0.2175,0.0625,0.0525,0.5775,0.685,0.04,0.0175,0.09,0.02,0.705,0.435,0.3175,0.18
49-3021.00,0.37,0.16,0.16,0.1925,0.5625,0.1375,0.4875,0.5325,,0.3425,0.4375,0.23,0.305,0.645,0.5,0.3275,0.2775,0.0125,0.1225,0.0275,0.04,,0.03,0.3825,0.49,0.115,0.115,,,0.39,0.295,0.1075,0.125
49-3022.00,0.495,0.4925,0.34,0.39,0.7725,0.4225,0.3725,0.33,0,0.325,0.325,0.2675,0.0875,0.675,0.33,0.23,0.165,0.005,0.18,0.015,0.2175,0.1125,0.1125,0.35,0.585,0.0425,0,0.0075,0.01,0.45,0.0625,0.2925,0.17
49-3023.00,0.3325,0.29,0.1425,0.2775,0.5725,0.1675,0.4525,0.3375,0.0225,0.565,0.505,0.335,0.2075,0.95,0.4125,0.375,0.32,0.03,0.0675,0.03,0.0925,0.0475,0.045,0.445,0.485,0.045,0.0075,0.015,0.0075,0.435,0.245,0.26,0.1225
49-3031.00,0.505,0.245,0.1675,0.195,0.475,0.35,0.72,0.4875,0.1525,0.5675,0.445,0.425,0.3725,0.935,0.57,0.455,0.435,0.275,0.3275,0.1,0.2475,0.0725,0.1675,0.635,0.6275,0.04,0.0825,0.1275,0.0725,0.605,0.385,0.37,0.3
49-3041.00,0.415,0.3675,0.0525,0.35,0.71,0.1175,0.305,0.51,0.175,0.67,0.635,0.42,0.23,0.9175,0.5975,0.6025,0.3425,0.04,0.135,0.0375,0.2225,0.0525,0.045,0.245,0.675,0.1875,0.005,0.0475,0.02,0.195,0.1375,0.1975,0.145
49-3042.00,0.2475,0.3675,0.085,0.1825,0.5725,0.14,0.41,0.365,0.05,0.515,0.395,0.36,0.4975,0.94,0.5675,0.3725,0.3375,0.075,0.125,0.04,0.1725,0.0225,0.02,0.3,0.4875,0.0175,0,0.03,0.0275,0.5025,0.265,0.135,0.11
49-3043.00,0.56,0.34,0.2775,0.135,0.4575,0.205,0.5325,0.6,0.075,0.26,0.55,0.5775,0.5525,0.87,0.505,0.365,0.14,0.0125,0.1225,0.07,0.0625,0.145,0.05,0.405,0.385,0.085,0.005,0.0075,0.0525,0.49,0.2575,0.1725,0.1225
49-3051.00,0.515,0.4325,0.2925,0.3575,0.7325,0.2625,0.52,0.3475,0.0475,0.625,0.565,0.43,0.365,0.9475,0.585,0.5075,0.38,0.165,0.23,0.1275,0.23,0.0475,0.0625,0.485,0.6225,0.0275,0.0275,0.0475,0.045,0.3975,0.35,0.23,0.23
49-3052.00,0.2225,0.3125,0.11,0.38,0.5925,0.24,0.3525,0.3425,0.025,0.5775,0.36,0.32,0.075,0.9525,0.5325,0.3525,0.2375,0.0625,0.0625,0.085,0.0975,0.015,0.015,0.52,0.6325,0.145,0.0125,0.0125,0.0525,0.34,0.34,0.1375,0.19
49-3053.00,0.4825,0.34,0.3375,0.525,0.615,0.3175,0.5375,0.46,0.1525,0.49,0.545,0.44,0.3225,0.8375,0.415,0.465,0.3675,0.165,0.275,0.2625,0.3675,0.1725,0.2725,0.5425,0.605,0.1225,0.075,0.155,0.125,0.4325,0.4025,0.3225,0.3
49-3091.00,0.62,0.4825,0.3725,0.7625,0.805,0.3075,0.4425,0.53,0.0875,0.3275,0.62,0.5575,0.4075,0.9925,0.5,0.3375,0.285,0,0.255,0.1625,0.2425,0,0.0025,0.465,0.66,0.2075,0.0475,0.125,0.0025,0.245,0.2425,0.25,0.2875
49-3092.00,0.6525,0.33,0.305,0.445,0.695,0.385,0.365,0.4725,0.005,0.4675,0.515,0.4275,0.7675,0.7825,0.505,0.2925,0.32,0.1275,0.2325,0.0975,0.16,0.0975,0.1875,0.65,0.54,0.01,0.0025,0.1025,0.095,0.34,0.265,0.3175,0.245
49-3093.00,0.545,0.325,0.285,0.505,0.645,0.3325,0.435,0.46,0.0425,0.3625,0.41,0.2375,0.1875,0.7525,0.425,0.1825,0.1725,0.035,0.1975,0.095,0.07,0.0475,0.0425,0.36,0.485,0.09,0.0325,0.06,0.0525,0.4675,0.37,0.2,0.17
49-9011.00,0.4275,0.2475,0.09,0.3925,0.71,0.19,0.275,0.355,0.005,0.48,0.5225,0.44,0.6825,0.73,0.4925,0.285,0.0825,0.005,0.0975,0.0275,0.115,0.0475,0.02,0.4,0.47,0.04,0.015,0.01,0.02,0.4375,0.235,0.125,0.09
49-9012.00,0.47,0.4275,0.2875,0.1725,0.5625,0.2675,0.2925,0.5125,0.0175,0.5625,0.6575,0.545,0.485,0.78,0.5475,0.455,0.41,0.1725,0.1875,0.0775,0.2225,0.105,0.08,0.455,0.475,0.095,0.005,0.0625,0.07,0.635,0.35,0.305,0.2225
49-9021.00,0.5275,0.36,0.2125,0.4125,0.7575,0.2475,0.465,0.3075,0.2225,0.5725,0.6225,0.5425,0.795,0.9175,0.535,0.5425,0.4425,0.145,0.22,0.05,0.14,0.11,0.1225,0.525,0.5675,0.1425,0,0.0825,0.06,0.56,0.345,0.36,0.225
49-9031.00,0.6025,0.6,0.3675,0.545,0.7675,0.355,0.3575,0.275,0.07,0.59,0.5,0.2925,0.15,0.75,0.4775,0.3025,0.27,0.1225,0.3275,0.13,0.3075,0.0325,0.0525,0.42,0.61,0.255,0,0,0.0475,0.27,0.1875,0.19,0.17
49-9041.00,0.3725,0.1875,0.175,0.12,0.33,0.1825,0.1525,0.605,0.2425,0.5,0.585,0.5675,0.2975,0.8175,0.515,0.42,0.3275,0.075,0.1825,0.0825,0.065,0.0975,0.09,0.4425,0.6275,0.09,0.0725,0.0725,0.0825,0.43,0.1525,0.21,0.145
49-9043.00,0.5575,0.2725,0.1625,0.0725,0.26,0.16,0.145,0.5925,0.02,0.385,0.475,0.51,0.245,0.885,0.4475,0.305,0.315,0.0875,0.195,0.06,0.095,0.025,0.0675,0.4975,0.5125,0.0525,0.0125,0.075,0.0475,0.345,0.24,0.1725,0.1775
49-9044.00,0.5225,0.33,0.215,0.3075,0.4425,0.4275,0.4775,0.545,0.3175,0.4325,0.62,0.5675,0.8075,0.9525,0.84,0.545,0.3975,0.1925,0.3075,0.1475,0.16,0.1125,0.16,0.6925,0.6025,0.205,0.0675,0.0675,0.125,0.6125,0.3175,0.3175,0.2975
49-9045.00,0.275,0.12,0.01,0.1225,0.22,0.16,0.225,0.495,0.05,0.1775,0.3075,0.355,0.315,0.6325,0.3975,0.1675,0.3675,0.0475,0.0425,0.035,0.09,0.0675,0.0025,0.3525,0.42,0.0025,0.0025,0.0275,0.0075,0.435,0.1525,0.07,0.2075
49-9051.00,0.4475,0.2825,0.205,0.1525,0.5325,0.3275,0.5775,0.29,0,0.2875,0.475,0.49,0.645,0.565,0.4625,0.34,0.1925,0.0925,0.2175,0.0775,0.37,0.16,0.1775,0.5825,0.6,0.0675,0.0375,0.0425,0.065,0.58,0.2725,0.4175,0.2725
49-9052.00,0.48,0.28,0.1925,0.42,0.8475,0.31,0.415,0.425,0.0175,0.565,0.465,0.4325,0.405,0.555,0.435,0.2075,0.1675,0.04,0.195,0.0325,0.22,0.055,0.11,0.5475,0.685,0.1175,0.0025,0.04,0.05,0.5975,0.2225,0.8725,0.535
49-9061.00,0.41,0.4475,0.345,0.4175,0.6525,0.36,0.14,0.3625,0.0225,0.675,0.5675,0.375,0.0825,0.7275,0.405,0.1625,0.19,,0.2325,0.11,0.12,0.0375,0.0225,0.4425,0.63,0.12,0.1625,0.08,0.09,0.215,0.2075,0.245,0.2425
49-9062.00,0.3075,0.355,0.18,0.275,0.7175,0.2025,0.3225,0.3625,0.03,0.735,0.5975,0.3275,0.27,0.7925,0.5075,0.3625,0.2575,0.155,0.115,0.12,0.1925,0.2425,0.0675,0.365,0.645,0.0725,0.0175,0.065,0.1025,0.3675,0.2575,0.325,0.1875
49-9063.00,0.4775,0.3975,0.3975,0.4775,0.8325,0.15,0.3925,0.34,0,0.375,0.455,0.3625,0.215,0.705,0.3575,0.4325,0.33,0.1025,0.295,0.125,0.1125,0.0675,0.045,0.4325,0.6025,0.09,0.625,0.1375,0.035,0.3525,0.1825,0.375,0.3075
49-9064.00,0.67,0.5175,0.4225,0.445,0.8075,0.3325,0.15,0.51,0,0.395,0.5125,0.37,0.1175,0.64,0.3575,0.3175,0.1825,0.0025,0.18,0.0925,0.13,0.02,0.0175,0.4425,0.4925,0.1075,0.0575,0.155,0.1475,0.1875,0.2475,0.1225,0.175
49-9071.00,0.325,0.285,0.175,0.1275,0.48,0.195,0.2625,0.5175,0.0775,0.315,0.38,0.3375,0.67,0.7575,0.5875,0.22,0.205,0.0875,0.1825,0.1025,0.0975,0.085,0.065,0.3425,0.6725,0.035,0.0175,0.0325,0.06,0.405,0.21,0.22,0.1575
49-9081.00,0.58,0.4925,0.345,0.1825,0.47,0.38,0.44,0.4075,0.1025,0.7875,0.6725,0.3975,0.5625,0.885,0.5625,0.5225,0.2375,0.0875,0.265,0.085,0.3125,0.2875,0.105,0.585,0.7425,0.175,0.0425,0.1025,0.075,0.6825,0.32,0.4625,0.2075
49-9091.00,0.345,0.38,0.27,0.3775,0.6175,0.2825,0.24,0.3225,0.205,0.745,0.3825,0.14,0.2375,0.625,0.35,0.2,0.21,0.08,0.2825,0.1275,0.09,0.1275,0.1225,0.2525,0.5,0.0525,0.0425,0.0525,0.115,0.3075,0.1375,0.1775,0.2175
49-9092.00,0.39,0.29,0.14,0.2125,0.55,0.2525,0.36,0.34,0,0.28,0.415,0.4425,0.69,0.7675,0.535,0.6375,0.3,0.2525,0.31,0.0425,0.3075,0.44,0.1475,0.5025,0.4975,0.0275,0,0.045,0.035,0.5325,0.3325,0.27,0.18
49-9094.00,0.615,0.51,0.5,0.5775,0.75,0.4325,0.395,0.355,0.0375,0.5475,0.4125,0.405,0.5,0.8075,0.55,0.355,0.2025,0.02,0.2125,0.0775,0.1725,0.0475,0.115,0.5675,0.62,0.135,0.01,0.09,0.07,0.69,0.595,0.385,0.355
49-9095.00,0.46,0.18,0.1825,0.38,0.76,0.4125,0.6825,0.51,0.1725,0.23,0.6475,0.7025,0.8425,0.6375,0.645,0.4425,0.37,0.2225,0.4325,0.245,0.32,0.275,0.325,0.535,0.5625,0.2225,0.17,0.17,0.1725,0.7875,0.585,0.315,0.2275
49-9096.00,0.6075,0.3625,0.285,0.475,0.6325,0.3075,0.45,0.655,0.0975,0.455,0.5475,0.585,0.5475,0.6775,0.5475,0.37,0.2225,0.14,0.2825,0.1775,0.2575,0.1525,0.145,0.5625,0.5825,0.085,0.0675,0.15,0.0675,0.6625,0.2,0.21,0.2475
49-9097.00,0.265,0.165,0.1325,0.0325,0.21,0.18,0.6825,0.1925,0.005,0.5125,0.5225,0.4325,0.475,0.675,0.45,0.155,0.1625,0,0.085,0.08,0.1375,0.07,0.0425,0.4075,0.6475,0,0,0.0225,0.0225,0.63,0.455,0.5225,0.1725
49-9098.00,0.4075,0.3475,0.2125,0.33,0.6675,0.37,0.305,0.5375,0.0975,0.5325,0.59,0.58,0.6875,0.7675,0.585,0.435,0.2475,0.15,0.1975,0.0675,0.0775,0.09,0.1875,0.4375,0.6175,0.0825,0,0.0525,0.02,0.62,0.1675,0.305,0.2375
51-1011.00,0.775,0.555,0.3,0.31,0.485,0.645,0.32,0.835,0.19,0.56,0.52,0.4675,0.385,0.5375,0.56,0.26,0.2825,0.1075,0.3875,0.2625,0.115,0.1075,0.165,0.5375,0.6275,0.11,0.02,0.0775,0.1975,0.485,0.245,0.145,0.2875
51-2011.00,0.46,0.285,0.2725,0.2025,0.4575,0.3425,0.355,0.5975,0.07,0.535,0.49,0.595,0.2775,0.61,0.62,0.355,0.415,0.08,0.2475,0.0825,0.315,0.1525,0.185,0.6175,0.61,0.1125,0.065,0.0725,0.07,0.5,0.38,0.2425,0.285
51-2021.00,0.6525,0.425,0.275,0.2275,0.4725,0.3225,0.4,0.6325,0.1125,0.525,0.4425,0.5725,0.265,0.6175,0.655,0.4375,0.35,0.12,0.3125,0.2025,0.165,0.275,0.2225,0.6725,0.6625,0.2125,0.1125,0.1125,0.115,0.28,0.3525,0.1225,0.2125
51-2022.00,0.255,0.1025,0.0175,0.0175,0.1475,0.09,0.1075,0.4675,0,0.31,0.1975,0.3725,0.075,0.4075,0.32,0.14,0.18,0,0.0175,0.015,0,0.06,0.015,0.2675,0.34,0,0,0,0.0025,0.18,0.025,0.0625,0.0175
51-2023.00,0.25,0.1725,0.09,0.09,0.2875,0.115,0.1275,0.5675,0.0525,0.52,0.4675,0.3925,0.165,0.5525,0.39,0.145,0.16,0.08,0.06,0.035,0.045,0.0525,0.08,0.3175,0.4975,0.115,0.055,0.04,0.035,0.345,0.0875,0.21,0.175
51-2031.00,0.465,0.2825,0.1825,0.1625,0.555,0.305,0.265,0.6025,0.0175,0.39,0.4975,0.4575,0.2875,0.7275,0.4725,0.275,0.2275,0.015,0.135,0.04,0.08,0.025,0.0375,0.4475,0.415,0.055,0,0.0025,0.12,0.4725,0.24,0.0625,0.125
51-2041.00,0.4675,0.32,0.2025,0.16,0.4075,0.27,0.2525,0.5775,0.035,0.315,0.3975,0.4425,0.335,0.575,0.5975,0.2375,0.1475,0.0175,0.0625,0.0125,0.0475,0.0425,0.0525,0.4525,0.51,0.1025,0.0225,0.0125,0.0125,0.4325,0.1125,0.07,0.1625
51-2051.00,0.725,0.495,0.2925,0.375,0.5025,0.2825,0.1775,0.705,0.0825,0.3075,0.4475,0.4775,0.4975,0.4825,0.4425,0.2675,0.5825,0.1275,0.18,0.225,0.1425,0.1525,0.14,0.65,0.55,0.15,0.08,0.12,0.0575,0.375,0.2775,0.1475,0.16
51-2061.00,0.255,0.1475,0.065,0.2225,0.3525,0.17,0.0875,0.45,0,0.3225,0.43,0.2075,0.175,0.6525,0.505,0.2425,0.09,0,0.215,0.07,0.01,0,0,0.405,0.2375,0.0375,0,0,0,0.155,0.0375,0.0775,0.0975
51-2092.00,0.5125,0.3225,0.1625,0.27,0.4725,0.3375,0.28,0.815,0.06,0.5875,0.58,0.5825,0.36,0.67,0.5225,0.345,0.215,0.0975,0.2725,0.1875,0.115,0.1325,0.11,0.605,0.6075,0.1275,0.05,0.0825,0.0875,0.6275,0.195,0.3,0.29
51-3011.00,0.4975,0.315,0.2975,0.4825,0.6925,0.3125,0.265,0.705,0.6025,0.3775,0.265,0.375,0.145,0.28,0.5225,0.2575,0.1925,0.075,0.1675,0.17,0.0725,0.055,0.175,0.3825,0.5625,0.2525,0.1375,0.175,0.1725,0.4125,0.2425,0.14,0.2025
51-3021.00,0.3725,0.235,0.1925,0.5275,0.7825,0.23,0.115,0.5925,0.72,0.2225,0.1375,0.14,0.0575,0.3125,0.365,0.0625,0.1,0.13,0.215,0.045,0.0625,0.0475,0.065,0.3175,0.44,0.085,0.0075,0.025,0.06,0.2075,0.155,0.08,0.14
51-3022.00,0.595,0.465,0.44,0.4475,0.475,0.5675,0.565,0.7575,0.75,0.395,0.36,0.265,0.375,0.57,0.64,0.2325,0.4675,0.3975,0.3,0.245,0.24,0.4325,0.36,0.5325,0.4925,0.3375,0.1975,0.215,0.1725,0.65,0.43,0.3,0.265
51-3023.00,0.3675,0.375,0.2025,0.3525,0.655,0.2575,0.1325,0.5725,0.6075,0.17,0.25,0.1725,0.16,0.24,0.4225,0.155,0.2125,0.2375,0.1075,0.1,0.11,0.12,0.0925,0.2,0.53,0.22,0,0.1325,0.0525,0.3475,0.4475,0.04,0.0325
51-3091.00,0.205,0.175,0.12,0.1975,0.265,0.1225,0.2125,0.645,0.51,0.2025,0.2175,0.135,0.075,0.3025,0.325,0.105,0.1225,0.115,0.095,0.08,0.15,0.07,0.095,0.3175,0.5725,0.055,0.0125,0.0025,0.01,0.5125,0.2425,0.1,0.1525
51-3092.00,0.5375,0.4775,0.34,0.2675,0.475,0.395,0.2925,0.8025,0.815,0.5225,0.4025,0.3325,0.2,0.5375,0.53,0.35,0.3725,0.3375,0.3675,0.2725,0.17,0.125,0.1475,0.6425,0.6175,0.1075,0.0325,0.065,0.1225,0.8225,0.355,0.2075,0.3
51-3093.00,0.5775,0.275,0.2225,0.2075,0.4,0.3825,0.1175,0.8375,0.7,0.41,0.155,0.12,0.12,0.5275,0.2975,0.0925,0.325,0.0625,0.2675,0.165,0,0.075,0,0.5325,0.4525,0.1375,0,0.035,0.035,0.2875,0.07,0.085,0.15
51-4021.00,0.44,0.22,0.16,0.1175,0.325,0.1725,0.185,0.76,0.02,0.3875,0.3,0.2725,0.04,0.375,0.625,0.0725,0.095,0.015,0.0175,0.055,0.0125,0.055,0.05,0.3025,0.6175,0.105,0.0525,0.0625,0.065,0.335,0.0775,0.1075,0.0675
51-4022.00,0.47,0.4275,0.1925,0.3475,0.4475,0.2675,0.4125,0.79,0.1825,0.475,0.56,0.5075,0.29,0.62,0.66,0.3625,0.3775,0.085,0.225,0.085,0.0675,0.1175,0.15,0.645,0.4775,0.1275,0.085,0.11,0.0675,0.3725,0.235,0.14,0.2625
51-4023.00,0.4675,0.185,0.11,0.1225,0.4,0.205,0.2425,0.625,0.12,0.3775,0.4,0.2275,0.19,0.7175,0.3975,0.2225,0.2925,0.025,0.0575,0.08,0.035,0.06,0.0625,0.5275,0.6,0.08,0,0.015,0.04,0.39,0.12,0.1975,0.1875
51-4031.00,0.16,0.1325,0.135,0.11,0.1675,0.115,0.21,0.5625,0.1025,0.2525,0.3475,0.285,0.125,0.49,0.35,0.1725,0.1875,0.0525,0.0575,0.0025,0,0.005,0,0.3125,0.4875,0.0125,0,0,0,0.185,0.035,0.0075,0.01
51-4032.00,0.5025,0.2525,0.125,0.1625,0.45,0.2325,0.285,0.845,0,0.49,0.63,0.5625,0.3725,0.83,0.85,0.4375,0.2725,0.0775,0.17,0.0475,0.0575,0.065,0.095,0.58,0.75,0.0675,0.005,0.0625,0.1225,0.4025,0.17,0.145,0.17
51-4033.00,0.455,0.2825,0.11,0.125,0.22,0.16,0.135,0.6225,0.035,0.3825,0.2775,0.3025,0.155,0.43,0.4925,0.135,0.2025,0.0325,0.1675,0.0475,0.0425,0.0725,0.0775,0.2675,0.4125,0.1525,0.0225,0.02,0.065,0.2625,0.08,0.04,0.12
51-4034.00,0.5675,0.4875,0.3,0.2575,0.565,0.4875,0.125,0.745,0.075,0.4575,0.65,0.4375,0.34,0.6575,0.5375,0.2925,0.2525,0.0975,0.2,0.0775,0.1225,0.19,0.22,0.58,0.5425,0.105,0.1,0.075,0.0775,0.435,0.2675,0.15,0.1
51-4035.00,0.4475,0.3475,0.285,0.285,0.355,0.3725,0.275,0.6425,0.05,0.545,0.4775,0.4875,0.3275,0.68,0.62,0.315,0.235,0.0825,0.1525,0.135,0.1475,0.095,0.1275,0.495,0.62,0.1725,0.085,0.085,0.0725,0.4225,0.115,0.1825,0.1975
51-4041.00,0.275,0.2625,0.115,0.0925,0.35,0.1975,0.17,0.565,0.0025,0.3425,0.425,0.5025,0.205,0.575,0.6175,0.3,0.16,0.075,0.075,0.0675,0.0075,0.0625,0.0075,0.305,0.425,0.08,0.055,0.0075,0.0575,0.155,0.07,0.1075,0.0875
51-4051.00,0.5425,0.3175,0.3125,0.395,0.4525,0.335,0.2625,0.7525,0.005,0.3225,0.4,0.295,0.12,0.665,0.435,0.365,0.44,0.105,0.1925,0.0925,0.105,0.05,0.105,0.5,0.4075,0.17,0.005,0.0725,0.0725,0.55,0.16,0.2725,0.235
51-4052.00,0.3,0.145,0.08,0.0675,0.18,0.1675,0.2825,0.4375,0,0.1675,0.1875,0.1575,0.11,0.365,0.29,0.1225,0.195,0.01,0.04,0.035,0.01,0.0075,0.01,0.4025,0.5275,0.07,0.01,0.0075,0.0175,0.2275,0.0875,0.0525,0.1275
51-4061.00,0.315,0.2725,0.125,0.4225,0.3925,0.2125,0.2275,0.73,0.0125,0.485,0.69,0.715,0.2825,0.835,0.7575,0.175,0.2075,0.005,0.07,0.005,0.015,0.0125,0.005,0.355,0.365,0.0125,0.065,0.0025,0.0025,0.115,0.0125,0.05,0.07
51-4062.00,0.4075,0.385,0.2325,0.155,0.4575,0.2425,0.205,0.645,0,0.3325,0.5175,0.58,0.0425,0.605,0.5875,0.225,0.185,0.0025,0.0575,0,0,0,0,0.3825,0.4025,0,0.005,0,0.0275,0.19,0.0675,0.0525,0.045
51-4071.00,0.56,0.4375,0.3875,0.395,0.3975,0.36,0.2875,0.5675,0.15,0.275,0.505,0.5175,0.455,0.5925,0.42,0.5375,0.495,0.1675,0.3425,0.3,0.1925,0.17,0.165,0.5675,0.5975,0.24,0.1625,0.1825,0.2425,0.4875,0.265,0.25,0.2025
51-4072.00,0.38,0.2175,0.0675,0.055,0.28,0.1475,0.065,0.635,0.0325,0.3425,0.3425,0.2525,0.035,0.62,0.5225,0.37,0.265,0.0225,0.235,0.045,0.0225,0.08,0.0625,0.3325,0.465,0.03,0.0025,0.0175,0.035,0.275,0.0775,0.0725,0.0925
51-4081.00,0.375,0.2875,0.1525,0.195,0.4475,0.245,0.1825,0.7775,0,0.3775,0.4225,0.5175,0.105,0.735,0.65,0.3,0.1825,0.055,0.3475,0.1375,0.0025,0.045,0.1,0.4775,0.5675,0.0775,0,0.0825,0.1,0.305,0.13,0.115,0.1175
51-4111.00,0.335,0.2975,0.14,0.0575,0.3575,0.1375,0.1375,0.62,0,0.405,0.4825,0.5975,0.1,0.87,0.63,0.2775,0.12,0.025,0.055,0.0375,0.0375,0.025,0.025,0.4475,0.5075,0.04,0,0,0.0125,0.2825,0.065,0.1075,0.0875
51-4121.00,0.36,0.25,0.11,0.1275,0.3725,0.2475,0.18,0.6225,0.035,0.2425,0.395,0.455,0.3475,0.525,0.485,0.285,0.235,0.04,0.2075,0.0775,0.0225,0.08,0.0325,0.3825,0.4675,0.0925,0.02,0.0175,0.04,0.3775,0.1775,0.0475,0.13
51-4122.00,0.63,0.3525,0.1525,0.2325,0.4225,0.34,0.1575,0.7,0.0525,0.295,0.4225,0.53,0.27,0.455,0.4,0.26,0.1675,0.0325,0.02,0.01,0.04,0.065,0.03,0.3725,0.46,0.1075,0.005,0.05,0.0175,0.4775,0.155,0.0775,0.115
51-4191.00,0.4375,0.21,0.13,0.2075,0.395,0.135,0.165,0.7325,0.055,0.335,0.39,0.365,0.14,0.3975,0.5625,0.355,0.4275,0.055,0.2325,0.1025,0.055,0.0825,0.055,0.4625,0.335,0.055,0.0025,0.0025,0.0525,0.3525,0.19,0.0825,0.2275
51-4192.00,0.57,0.2825,0.205,0.2225,0.4875,0.3475,0.3275,0.59,0.0675,0.52,0.5775,0.695,0.5725,0.6275,0.7675,0.3225,0.195,0.0725,0.2,0.1075,0.1625,0.045,0.025,0.5075,0.5775,0.025,0.0125,0.0125,0.0925,0.3575,0.175,0.1725,0.2175
51-4193.00,0.45,0.3525,0.335,0.4375,0.5275,0.4225,0.505,0.7925,0.145,0.3275,0.5675,0.5175,0.305,0.575,0.625,0.495,0.6075,0.1775,0.26,0.1925,0.21,0.21,0.2025,0.5575,0.5975,0.0975,0.04,0.23,0.05,0.5125,0.5325,0.2675,0.245
51-4194.00,0.37,0.2725,0.2575,0.2175,0.4225,0.2475,0.26,0.475,0.1,0.2925,0.3675,0.3525,0.1,0.6525,0.6225,0.22,0.265,0.105,0.1525,0.0925,0.1325,0.075,0.075,0.4325,0.5325,0.125,0.0575,0.0675,0.06,0.2625,0.2125,0.085,0.1475
51-5111.00,0.4,0.4825,0.145,0.3225,0.5575,0.135,0.085,0.5825,0,0.75,0.2725,0.6275,0.045,0.28,0.59,0.0575,0.1675,0.0075,0.1275,0.0475,0.0575,0.0225,0.0225,0.3675,0.6575,0.03,0.265,0.025,0.0175,0.205,0.1125,0.1775,0.4175
51-5112.00,0.27,0.125,0.0525,0.105,0.465,0.11,0.0225,0.665,0.015,0.4375,0.22,0.15,0.0425,0.7075,0.435,0.065,0.3675,0,0.0325,0.0025,0.0175,0.0025,0.0025,0.27,0.45,0.0025,0.05,0,0.0025,0.275,0.06,0.0175,0.08
51-5113.00,0.6275,0.4375,0.1625,0.29,0.52,0.2875,0.1325,0.595,0.0425,0.345,0.19,0.285,0.065,0.56,0.475,0.21,0.1525,0.005,0.235,0.06,0.06,0.0225,0.0425,0.4275,0.475,0.035,0.0375,0.0425,0.045,0.1675,0.075,0.105,0.1225
51-6011.00,0.4225,0.2375,0.2325,0.1075,0.55,0.3025,0.295,0.525,0.1625,0.33,0.245,0.135,0.03,0.2575,0.4525,0.14,0.3525,0.085,0.1775,0.255,0.06,0.07,0.1125,0.31,0.4925,0.24,0.0575,0.02,0.1125,0.485,0.345,0.1725,0.24
51-6021.00,0.3775,0.25,0.135,0.365,0.6525,0.335,0.325,0.5675,0.1075,0.27,0.19,0.015,0.1375,0.2975,0.3475,0.17,0.1475,0,0.1075,0.11,0.0675,0.095,0.165,0.3975,0.4775,0.14,0.065,0.1,0.045,0.4675,0.1975,0.0525,0.1975
51-6031.00,0.2475,0.12,0.045,0.13,0.29,0.1075,0.175,0.3825,0.025,0.1525,0.0525,0.135,0.065,0.265,0.32,0.0425,0.0575,0.0175,0.115,0.0825,0.035,0.05,0.05,0.305,0.43,0.0625,0.025,0.035,0.025,0.28,0.1,0.0575,0.0875
51-6041.00,0.35,0.0825,0.2325,0.395,0.495,0.17,0.1225,0.5575,0.0225,0.075,0.2525,0.2225,0.0725,0.475,0.155,0.0575,0.195,0.0475,0.1575,0.0225,0.0375,0.0175,0.01,0.2875,0.2175,0.0275,0,0,0.0925,0.15,0.135,0.08,0.0225
51-6042.00,0.5025,0.32,0.1675,0.315,0.3775,0.3525,0.1475,0.57,0.1025,0.17,0.345,0.26,0.1025,0.265,0.28,0.085,0.175,0.0775,0.19,0.105,0.1025,0.13,0.105,0.415,0.2825,0.1125,0.0775,0.1025,0.115,0.35,0.1825,0.1575,0.175
51-6051.00,0.5075,0.2075,0.2725,0.2675,0.595,0.195,0.0775,0.28,0.025,0.175,0.05,0.32,0.03,0.375,0.3225,0.015,0.1,0.04,0.105,0.0675,0.035,0.0575,0.035,0.355,0.4825,0.205,0.0575,0.02,0.0875,0.14,0.1,0.115,0.0825
51-6052.00,0.5475,0.4075,0.54,0.44,0.7625,0.4325,0.125,0.58,0.0775,0.1825,0.2225,0.49,0.0875,0.3375,0.4875,0.1175,0.0925,0.0525,0.225,0.12,0.0075,0.1,0.0725,0.3725,0.64,0.15,0.075,0.065,0.0975,0.25,0.0975,0.1575,0.245
51-6061.00,0.3725,0.1475,0.1,0.105,0.3675,0.205,0.0525,0.5875,0.01,0.23,0.145,0.14,0.0775,0.3125,0.34,0.075,0.22,0.0075,0.1425,0.04,0.0075,0,0,0.375,0.315,0.0125,0,0,0.0275,0.405,0.0425,0.0875,0.08
51-6062.00,0.3025,0.2325,0.14,0.1075,0.22,0.085,0.0925,0.57,0.025,0.2675,0.255,0.3625,0.225,0.455,0.4675,0.1425,0.1025,0.025,0.15,0.095,0.065,0.0475,0.095,0.305,0.4,0.1075,0,0.0025,0.0675,0.2575,0.1425,0.04,0.065
51-6063.00,0.2975,0.145,0.145,0.1475,0.325,0.1325,0.085,0.5975,0.0225,0.3675,0.2175,0.2475,0.0075,0.4975,0.2625,0.0575,0.1625,0,0.075,0.075,0.005,0.12,0.065,0.4075,0.5425,0.0375,0.005,0.0175,0.045,0.41,0.05,0.1025,0.12
51-6064.00,0.5325,0.3125,0.36,0.3525,0.4375,0.455,0.3275,0.6125,0.125,0.34,0.3275,0.215,0.1,0.5175,0.42,0.145,0.11,0.0025,0.35,0.1525,0.1,0.1,0.1425,0.2925,0.435,0.1925,0.0025,0.0025,0.1525,0.5125,0.16,0.02,0.1275
51-6091.00,0.44,0.3225,0.23,0.225,0.46,0.3325,0.2625,0.67,0.1525,0.4025,0.3525,0.2975,0.1775,0.5175,0.53,0.2525,0.1775,0.06,0.2525,0.155,0.06,0.21,0.2025,0.5275,0.5575,0.19,0.095,0.095,0.1625,0.425,0.2775,0.26,0.19
51-6092.00,0.4575,0.4125,0.09,0.2475,0.2775,0.19,0.1975,0.715,0,0.4725,0.475,0.8,0.0525,0.445,0.7425,0.125,0.1475,0.07,0.3075,0.1725,0.04,0,0.1025,0.595,0.7275,0.2525,0.22,0.095,0.05,0.1825,0.0925,0.18,0.1375
51-6093.00,0.2925,0.1675,0.0725,0.2175,0.465,0.3,0.1675,0.5175,0.0175,0.1425,0.1875,0.505,0.35,0.445,0.41,0.115,0.1325,0.0775,0.0725,0.015,0.0375,0.03,0.075,0.4325,0.2575,0.1275,0.015,0.03,0.0675,0.22,0.1225,0.1525,0.15
51-7011.00,0.295,0.125,0.12,0.255,0.215,0.25,0.1875,0.6675,0.055,0.2625,0.5125,0.6075,0.705,0.61,0.8025,0.1925,0.195,0.06,0.19,0.0425,0.135,0.1625,0.0625,0.36,0.3075,0.1,0.0175,0.0925,0.0425,0.275,0.255,0.0575,0.0625
51-7021.00,0.355,0.1975,0.1275,0.175,0.4325,0.2125,0.2675,0.565,0.1525,0.1375,0.23,0.4775,0.36,0.505,0.395,0.1525,0.315,0.0625,0.1575,0.0975,0.1125,0.0625,0.0925,0.455,0.445,0.18,0.085,0.04,0.0625,0.35,0.2575,0.1,0.155
51-7031.00,0.5875,0.31,0.215,0.22,0.4675,0.1625,0.2025,0.745,,0.375,0.6075,0.7,0.6525,0.56,0.6075,0.34,0.2025,0.0075,0.1125,0.1225,0.115,0.0475,0.005,0.345,0.495,0.1875,0.05,0.1625,0.0125,0.3275,0.0575,0.125,0.1325
51-7032.00,0.57,0.3025,0.2925,0.4375,0.525,0.375,0.4125,0.5475,0,0.3675,0.645,0.65,0.585,0.64,0.755,0.235,0.1925,0.0325,0.0875,0.0075,0.03,0.0375,0.0775,0.43,0.4775,0.0325,0.0025,0.015,0.0025,0.2975,0.2475,0.2225,0.205
51-7041.00,0.135,0.0375,0.03,0.045,0.1125,0.0275,0.17,0.56,0,0.1925,0.27,0.2775,0.2175,0.5525,0.3975,0.0375,0.05,0.025,0.195,0.1025,0.025,0.08,0,0.3225,0.305,0.0475,0,0,0.005,0.4125,0.07,0.1675,0.08
51-7042.00,0.245,0.095,0.065,0.165,0.2,0.1625,0.2375,0.4875,0.005,0.195,0.225,0.325,0.3425,0.565,0.48,0.14,0.1825,0.0475,0.09,0.0175,0.0075,0.1,0.0525,0.3375,0.32,0.03,0,0,0.0275,0.3775,0.025,0.0375,0.07
51-8011.00,0.34,0.22,0.065,0.0425,0.2425,0.21,0.12,0.3375,0,0.4625,0.635,0.505,0.2475,0.72,0.645,0.77,0.5925,0.225,0.295,0.0775,0.0425,0.09,0.065,0.45,0.4825,0.015,0.0075,0.025,0.02,0.665,0.445,0.235,0.225
51-8012.00,0.4375,0.49,0.25,0.1775,0.59,0.235,0.1775,0.325,0.015,0.62,0.6125,0.2675,0.32,0.5725,0.6325,0.5275,0.285,0.0025,0.34,0.1175,0.3825,0.04,0.08,0.5475,0.715,0.01,0,0.0425,0.0225,0.665,0.41,0.6175,0.3575
51-8013.00,0.4375,0.3325,0.08,0.08,0.1975,0.27,0.2525,0.6,0,0.36,0.5,0.46,0.255,0.745,0.335,0.5175,0.56,0.1375,0.215,0.0975,0.1125,0.1675,0.1475,0.4475,0.655,0.0625,0.0625,0.095,0.11,0.6725,0.3525,0.4,0.175
51-8021.00,0.48,0.3375,0.155,0.0475,0.1575,0.2475,0.2875,0.515,0.0575,0.52,0.54,0.405,0.4925,0.765,0.5175,0.545,0.6,0.1975,0.215,0.1125,0.175,0.0625,0.1225,0.4275,0.525,0.005,0,0.0325,0.07,0.58,0.41,0.3175,0.3525
51-8031.00,0.605,0.51,0.365,0.1775,0.5825,0.405,0.3225,0.5,0.145,0.5525,0.5425,0.395,0.375,0.645,0.605,0.4475,0.6075,0.52,0.145,0.105,0.26,0.115,0.0975,0.605,0.625,0.1075,0,0.095,0.0625,0.7925,0.5525,0.4175,0.375
51-8091.00,0.295,0.24,0.115,0.205,0.52,0.2825,0.235,0.675,0.01,0.385,0.325,0.215,0.11,0.655,0.465,0.3275,0.6725,0.1275,0.205,0.105,0.0475,0.11,0.0475,0.4,0.6275,0.01,0.0025,0.0375,0.13,0.585,0.2325,0.075,0.1625
51-8092.00,0.3775,0.5025,0.265,0.14,0.51,0.37,0.4375,0.5325,0.01,0.6,0.535,0.42,0.3525,0.6875,0.5425,0.4575,0.345,0.16,0.2975,0.16,0.4,0.1125,0.13,0.46,0.6475,0.09,0.0625,0.065,0.0925,0.735,0.4425,0.4175,0.345
51-8093.00,0.63,0.2975,0.1725,0.1075,0.35,0.2575,0.37,0.6525,0.0225,0.4975,0.4025,0.2875,0.255,0.6375,0.555,0.2475,0.4875,0.1275,0.3,0.09,0.1025,0.065,0.0575,0.4675,0.55,0.09,0,0.0525,0.0425,0.645,0.3925,0.26,0.0625
51-9011.00,0.56,0.5625,0.1875,0.1875,0.4375,0.47,0.485,0.885,0.1625,0.6725,0.5325,0.4925,0.215,0.7675,0.6175,0.355,0.845,0.1675,0.2225,0.08,0.045,0.0925,0.1575,0.5225,0.67,0.0625,0.0325,0.015,0.0325,0.6175,0.5825,0.3425,0.2175
51-9012.00,0.3075,0.2575,0.1225,0.1875,0.36,0.2775,0.245,0.6875,0.2775,0.39,0.365,0.1725,0.1925,0.5725,0.45,0.35,0.4075,0.24,0.225,0.135,0.0925,0.09,0.0675,0.44,0.5225,0.065,0.01,0.0575,0.0575,0.4675,0.19,0.24,0.2475
51-9021.00,0.6125,0.4125,0.3325,0.26,0.375,0.335,0.2375,0.6,0.2775,0.375,0.26,0.1425,0.2275,0.48,0.4925,0.2,0.17,0.1775,0.2475,0.1075,0.14,0.005,0.0025,0.54,0.55,0.195,,0.0175,0.0175,0.5075,0.27,0.0675,0.05
51-9022.00,0.3575,0.265,0.14,0.1775,0.4075,0.2425,0.23,0.6625,0.13,0.325,0.3725,0.3225,0.2175,0.6575,0.44,0.14,0.1475,0.005,0.185,0.0025,0.0025,0.005,0.035,0.415,0.5325,0.0025,0.1225,0.0325,0.0625,0.3275,0.1125,0.18,0.095
51-9023.00,0.3025,0.1725,0.1725,0.2075,0.205,0.255,0.0775,0.8275,0.195,0.215,0.2175,0.115,0.0525,0.4375,0.4075,0.2075,0.405,0.1325,0.16,0.07,0.13,0.13,0.055,0.3425,0.49,0.0975,0.0375,0.06,0.12,0.425,0.2675,0.0925,0.1225
51-9031.00,0.215,0.025,0.0175,0.0225,0.0825,0.16,0.155,0.5625,0.0125,0.2375,0.0975,0.195,0.085,0.14,0.355,0.11,0.04,0.0175,0.2025,0.195,0.0175,0.0275,0.02,0.2125,0.295,0.15,0.01,0.015,0.035,0.285,0.02,0.0575,0.04
51-9032.00,0.4175,0.2625,0.1275,0.1925,0.3825,0.225,0.155,0.6225,0.07,0.34,0.27,0.255,0.115,0.52,0.5525,0.175,0.1775,0.03,0.15,0.105,0.025,0.0525,0.045,0.3975,0.435,0.0575,0.0175,0.025,0.04,0.35,0.0475,0.08,0.0425
51-9041.00,0.4,0.36,0.2025,0.2275,0.325,0.265,0.2525,0.6675,0.46,0.5325,0.4625,0.3075,0.2275,0.6375,0.48,0.3325,0.3875,0.205,0.205,0.1675,0.165,0.2275,0.0825,0.4325,0.4575,0.195,0.1025,0.1175,0.1475,0.4475,0.15,0.27,0.26
51-9051.00,0.4075,0.2725,0.2275,0.2225,0.39,0.2475,0.275,0.5525,0.1775,0.4925,0.29,0.32,0.2425,0.63,0.42,0.2025,0.355,0.105,0.31,0.1775,0.0875,0.325,0.19,0.4425,0.46,0.2075,0.0475,0.0775,0.2075,0.5325,0.2075,0.3225,0.2525
51-9061.00,0.325,0.3875,0.1725,0.2175,0.59,0.3175,0.2425,0.82,0.0775,0.4725,0.39,0.36,0.1675,0.555,0.5375,0.3125,0.3725,0.09,0.2475,0.0825,0.12,0.0225,0.14,0.4075,0.64,0.18,0.0025,0.09,0.09,0.3775,0.1475,0.2225,0.1575
51-9071.00,0.6825,0.5425,0.515,0.705,0.82,0.4425,0.2025,0.7125,0.035,0.4875,0.5425,0.7625,0.2825,0.595,0.5425,0.3775,0.4175,0.085,0.2975,0.185,0.105,0.04,0.0575,0.5025,0.4675,0.115,0.525,0.16,0.075,0.4,0.2875,0.2275,0.42
51-9071.06,0.44,0.32,0.3525,0.4975,0.6425,0.21,0.2,0.5525,0,0.3275,0.1825,0.3475,0.0725,0.2425,0.5025,0.075,0.12,0,0.1825,0.07,0.16,0.0175,0.0425,0.42,0.5125,0.095,0.02,0.02,0.025,0.2175,0.1875,0.31,0.2575
51-9081.00,0.695,0.36,0.24,0.35,0.595,0.3675,0.1725,0.6275,0.0275,0.5025,0.455,0.695,0.1775,0.5425,0.2925,0.2275,0.395,0.205,0.1575,0.065,0.035,0.6525,0.0475,0.615,0.66,0.0425,0.245,0.0625,0.03,0.2025,0.095,0.225,0.1975
51-9082.00,0.4875,0.4725,0.2875,0.3725,0.67,0.365,0.245,0.7225,0.0875,0.4075,0.4725,0.57,0.44,0.6075,0.5,0.4675,0.3925,0.295,0.295,0.165,0.125,0.4325,0.35,0.5175,0.6175,0.265,0.1725,0.1225,0.135,0.4125,0.3025,0.2025,0.3
51-9083.00,0.5,0.3225,0.1925,0.2975,0.5275,0.2775,0.185,0.715,0.03,0.4475,0.4275,0.26,0.17,0.5875,0.585,0.1825,0.1725,0.1225,0.17,0.1375,0.0625,0.2875,0.1375,0.43,0.49,0.16,0.1025,0.05,0.0375,0.2875,0.1875,0.2525,0.16
51-9111.00,0.435,0.34,0.28,0.3425,0.515,0.3975,0.3,0.69,0.345,0.38,0.2875,0.3,0.23,0.6325,0.515,0.2725,0.3075,0.13,0.2975,0.1725,0.1375,0.2,0.1575,0.55,0.5475,0.175,0.095,0.09,0.1825,0.5575,0.27,0.2125,0.2575
51-9123.00,0.33,0.1225,0.0725,0.1775,0.4425,0.195,0.13,0.5275,0.0075,0.205,0.085,0.3525,0.01,0.1875,0.285,0.135,0.3425,0.12,0.175,0.0375,0.01,0.0925,0.0175,0.385,0.4925,0.0875,0.1875,0.0175,0.0175,0.31,0.08,0.125,0.085
51-9124.00,0.215,0.1525,0.04,0.0425,0.26,0.0725,0.1125,0.395,0.005,0.235,0.2225,0.1075,0.06,0.4975,0.1475,0.0975,0.2675,0.0075,0.0875,0.035,0.025,0.01,0.0125,0.3075,0.4075,0.0425,0.01,0.01,0.0225,0.26,0.085,0.0925,0.09
51-9141.00,0.3525,0.205,0.1725,0.155,0.4925,0.2225,0.185,0.725,0.0775,0.5925,0.4175,0.1725,0.0925,0.3525,0.4675,0.115,0.56,0.05,0.135,0.0675,0.0775,0.2725,0.2425,0.565,0.695,0.1275,0.07,0.035,0.19,0.6,0.15,0.2575,0.315
51-9151.00,0.255,0.1875,0.18,0.3825,0.7325,0.185,0.0975,0.535,0.005,0.675,0.22,0.215,0.0225,0.4,0.3125,0.1175,0.395,0.005,0.0775,0.05,0.0225,0.045,0.005,0.315,0.5325,0.0775,0.2475,0,0.01,0.1975,0.26,0.1175,0.18
51-9161.00,0.5025,0.3575,0.24,0.2075,0.32,0.3475,0.205,0.7625,0.03,0.49,0.5725,0.5225,0.17,0.7025,0.79,0.39,0.31,0.0725,0.2375,0.1125,0.085,0.0625,0.0775,0.5275,0.575,0.0925,0.0425,0.0875,0.1125,0.2825,0.1825,0.1625,0.22
51-9162.00,0.4075,0.4575,0.2225,0.2525,0.3725,0.265,0.2,0.8125,0.0625,0.7,0.765,0.7275,0.305,0.58,0.7425,0.405,0.2175,0.03,0.1425,0.09,0.065,0.1175,0.0425,0.5925,0.655,0.1325,0.03,0,0.06,0.3275,0.085,0.275,0.2375
51-9191.00,0.435,0.275,0.195,0.3,0.4875,0.3175,0.2,0.76,0.05,0.44,0.3275,0.2,0.115,0.67,0.4925,0.2375,0.365,0.0525,0.3525,0.1575,0.0775,0.1125,0.1225,0.48,0.6,0.055,0.0225,0.0075,0.075,0.465,0.1625,0.195,0.1175
51-9192.00,0.3,0.0975,0.0825,0.0675,0.2725,0.1675,0.105,0.7325,0.23,0.1375,0.2425,0.0775,0.1025,0.34,0.25,0.1625,0.35,0.14,0.43,0.095,0.07,0.0825,0.0525,0.37,0.5025,0.1225,0.0125,0.0325,0.0275,0.4425,0.0725,0.0475,0.06
51-9193.00,0.5725,0.245,0.1375,0.075,0.3525,0.1825,0.1375,0.7125,0.5825,0.36,0.4325,0.4375,0.2875,0.6025,0.52,0.38,0.3825,0.1375,0.3,0.14,0.0775,0.0225,0.045,0.5,0.595,0.1925,0,0.0725,0.045,0.5175,0.28,0.18,0.19
51-9194.00,0.4875,0.3425,0.1325,0.2975,0.61,0.23,0.1525,0.7875,0,0.4425,0.4325,0.505,0.0375,0.5075,0.4575,0.075,0.34,0.0175,0.0575,0.0125,0.04,0,0.0125,0.3175,0.42,0.1475,0.3275,0.04,0.0475,0.205,0.215,0.155,0.225
51-9195.00,0.4725,0.2975,0.2375,0.2375,0.3425,0.2575,0.3125,0.5675,0.05,0.25,0.3875,0.2925,0.2,0.505,0.405,0.285,0.2625,0,0.115,0.155,0.055,0.0775,0.035,0.36,0.4125,0.0375,0.0475,0.0075,0.0875,0.34,0.1,0.1,0.1525
51-9195.03,0.5325,0.295,0.2875,0.3925,0.4175,0.39,0.4025,0.64,0.025,0.38,0.3075,0.52,0.4175,0.56,0.6625,0.2725,0.335,0.0475,0.155,0.0875,0.155,0.1925,0.13,0.5,0.5375,0.1725,0.2575,0.1575,0.07,0.4525,0.2075,0.075,0.23
51-9195.04,0.375,0.335,0.27,0.3825,0.5375,0.4275,0.095,0.705,0.185,0.4225,0.5375,0.68,0.465,0.555,0.5225,0.395,0.37,0.0925,0.1475,0.1225,0.015,0.1125,0.0425,0.4975,0.51,0.015,0.19,0.0575,0.0225,0.4025,0.045,0.1,0.1125
51-9195.05,0.535,0.4175,0.385,0.52,0.5975,0.2025,0.3225,0.735,0.0375,0.34,0.4975,0.65,0.1,0.4775,0.49,0.2725,0.55,0.03,0.315,0.1,0.1175,0.095,0.075,0.3725,0.455,0.0625,0.7525,0.1675,0.1325,0.46,0.155,0.1825,0.395
51-9196.00,0.3175,0.2475,0.115,0.1675,0.5575,0.2025,0.2825,0.6725,0.1625,0.33,0.3425,0.2725,0.065,0.6525,0.63,0.1525,0.1575,0.03,0.1325,0.0975,0.07,0.0675,0.0325,0.425,0.5575,0.075,0.0025,0.0275,0.05,0.415,0.1525,0.1275,0.2025
51-9197.00,0.5975,0.26,0.215,0.22,0.3925,0.29,0.27,0.6825,0,0.185,0.4575,0.315,0.24,0.5575,0.3375,0.2875,0.2275,0.08,0.175,0.0275,0.08,0.0575,0.065,0.425,0.4625,0.11,0.005,0.075,0.075,0.4425,0.1475,0.15,0.2
51-9198.00,0.285,0.13,0.0875,0.1475,0.23,0.19,0.245,0.435,0.135,0.255,0.23,0.22,0.2125,0.5125,0.435,0.15,0.2,0.0525,0.175,0.1125,0.07,0.13,0.105,0.3375,0.4225,0.09,0.055,0.0725,0.0575,0.395,0.1825,0.1475,0.1975
53-1041.00,0.69,0.68,0.38,0.2925,0.9125,0.6225,0.8275,0.5475,0.19,0.605,0.2925,0.1825,0.1575,0.34,0.6125,0.3175,0.255,0.225,0.45,0.1375,0.5425,0.1575,0.2475,0.6075,0.8225,0.3025,0.065,0.1,0.065,0.85,0.475,0.6,0.4275
53-1042.00,0.6025,0.4,0.215,0.2325,0.6275,0.37,0.4325,0.6225,0.02,0.5575,0.3925,0.3425,0.095,0.5625,0.525,0.26,0.3125,0.12,0.4175,0.05,0.1975,0.0125,0.1125,0.5125,0.55,0.155,0.0575,0.005,0.07,0.525,0.245,0.36,0.4275
53-1043.00,0.82,0.68,0.565,0.385,0.79,0.7325,0.69,0.7625,0.1575,0.71,0.3825,0.2675,0.2725,0.39,0.78,0.33,0.4225,0.265,0.6475,0.3775,0.4975,0.26,0.38,0.63,0.7625,0.4175,0.1275,0,0.275,0.725,0.585,0.2975,0.29
53-2011.00,0.5325,0.1725,0.075,0.04,0.5325,0.215,0.945,0.0775,0,0.5875,0.47,0.1925,0.0475,0.675,0.5975,0.58,0.2025,0.07,0.46,0.1525,0.675,0.0875,0.1025,0.405,0.73,0.08,0,0.0225,0.1,0.6775,0.5675,0.37,0.21
53-2012.00,0.3875,0.295,0.1175,0.0925,0.7875,0.3975,0.745,0.125,0.0075,0.5425,0.445,0.185,0.0025,0.59,0.49,0.5325,0.1425,0.135,0.3575,0.0825,0.65,0.0575,0.0575,0.475,0.7525,0.0875,0,0.0875,0.045,0.645,0.5775,0.3625,0.1775
53-2021.00,0.385,0.295,0.12,0.045,0.65,0.315,0.795,0.2475,0,0.4975,0.275,0.23,0.0425,0.1575,0.57,0.3475,0.0525,0.0325,0.39,0.1,0.615,0.05,0.1275,0.6875,0.7325,0.0675,0.0375,0.055,0.09,0.69,0.445,0.605,0.3725
53-2022.00,0.6475,0.59,0.29,0.2925,0.7575,0.485,0.8125,0.335,0.005,0.5725,0.36,0.2425,0.31,0.4025,0.52,0.265,0.2775,0.295,0.3,0.1025,0.41,0.195,0.17,0.685,0.795,0.1875,0.0025,0.0975,0.065,0.8625,0.5925,0.6625,0.5175
53-2031.00,0.4725,0.3125,0.255,0.44,0.8775,0.51,0.6225,0.2225,0.295,0.55,0.2775,0.2325,0.1025,0.205,0.265,0.22,0.135,0.08,0.585,0.42,0.575,0.455,0.47,0.47,0.8625,0.49,0.1075,0.145,0.245,0.87,0.475,0.31,0.4625
53-3011.00,0.5875,0.4725,0.22,0.17,0.7375,0.3325,0.5625,0.2025,0.125,0.3975,0.2075,0.095,0.075,0.355,0.3775,0.155,0.23,0.2775,0.3975,0.1475,0.345,0.52,0.3075,0.56,0.7175,0.345,0.0625,0.105,0.155,0.68,0.5725,0.49,0.4125
53-3031.00,0.5075,0.2775,0.2875,0.4875,0.7875,0.2825,0.615,0.475,0.6625,0.3725,0.22,0.07,0.07,0.2475,0.4775,0.0825,0.0075,0.0075,0.1225,0.05,0.2425,0.0075,0.05,0.24,0.6225,0.1,0.0075,0.0075,0.0075,0.5525,0.3325,0.1925,0.195
53-3032.00,0.435,0.32,0.225,0.1925,0.6725,0.2875,0.755,0.2675,0.1175,0.3525,0.2,0.1375,0.2025,0.455,0.415,0.2375,0.13,0.0825,0.14,0.08,0.385,0.1125,0.09,0.44,0.64,0.12,0.03,0.0625,0.11,0.7175,0.5125,0.4425,0.23
53-3033.00,0.3575,0.4075,0.1525,0.2775,0.595,0.1675,0.6025,0.34,0.155,0.275,0.1275,0.11,0.1775,0.37,0.3475,0.2375,0.195,0.0975,0.1475,0.1325,0.265,0.11,0.0825,0.3375,0.7,0.295,0.025,0.0275,0.0175,0.465,0.2925,0.335,0.2425
53-3051.00,0.3725,0.145,0.0475,0.085,0.735,0.4175,0.8875,0.1025,0,0.245,0.0525,0.02,0,0.555,0.2725,0.0925,0.085,0.0375,0.4125,0.2875,0.5025,0.26,0.23,0.3725,0.67,0.12,0,0.085,0.1675,0.7425,0.535,0.285,0.3225
53-3052.00,0.4575,0.35,0.23,0.3025,0.8375,0.2675,0.8775,0.1625,0.0525,0.4225,0.2325,0.17,0.1225,0.34,0.345,0.145,0.1125,0.0375,0.345,0.1475,0.3275,0.1475,0.1575,0.375,0.6025,0.225,0.05,0.1025,0.1275,0.7575,0.515,0.45,0.3075
53-3053.00,0.6775,0.68,0.55,0.5025,0.9075,0.71,0.8825,0.6425,0.19,0.405,0.3425,0.3775,0.3725,0.485,0.5275,0.3325,0.305,0.245,0.6225,0.3275,0.3425,0.29,0.345,0.65,0.7275,0.39,0.2375,0.2375,0.3,0.86,0.63,0.4025,0.5375
53-4011.00,0.4475,0.2675,0.155,0.06,0.505,0.3075,0.865,0.1925,0.025,0.3275,0.2775,0.1075,0.13,0.4975,0.2975,0.2375,0.1925,0.07,0.2075,0.07,0.315,0.1425,0.1525,0.58,0.5825,0.0575,0.0125,0.095,0.0925,0.655,0.36,0.3525,0.235
53-4013.00,0.555,0.4875,0.215,0.255,0.5025,0.2725,0.7875,0.2125,0.0475,0.325,0.3125,0.1225,0.1525,0.535,0.3425,0.2175,0.0675,0.0325,0.1575,0.055,0.2925,0.08,0.0625,0.49,0.525,0.035,0.0025,0.025,0.045,0.66,0.41,0.3275,0.255
53-4022.00,0.2825,0.235,0.08,0.1075,0.4425,0.23,0.7125,0.15,0.015,0.2525,0.2375,0.08,0.0875,0.575,0.2925,0.255,0.1275,0.04,0.3225,0.0775,0.2125,0.0825,0.0825,0.39,0.54,0.035,0.01,0.035,0.02,0.615,0.4,0.3425,0.22
53-4031.00,0.41,0.335,0.1575,0.225,0.485,0.3,0.7375,0.25,0.1075,0.4475,0.28,0.145,0.1225,0.4675,0.42,0.355,0.3725,0.1675,0.3275,0.2225,0.35,0.2125,0.265,0.5275,0.615,0.0775,0.0725,0.14,0.1375,0.745,0.5025,0.4725,0.32
53-4041.00,0.3775,0.1975,0.0975,0.06,0.665,0.2475,0.845,0.14,0,0.2975,0.255,0.1,0.105,0.3925,0.2275,0.17,0.115,0.0575,0.31,0.185,0.1725,0.0425,0.07,0.445,0.5475,0.19,0.025,0.06,0.0725,0.7275,0.33,0.4,0.28
53-5011.00,0.485,0.375,0.08,0.07,0.4075,0.2175,0.515,0.37,0.28,0.1875,0.2925,0.1425,0.1875,0.5,0.4425,0.31,0.3375,0.14,0.2075,0.0925,0.3275,0.34,0.0975,0.4875,0.4625,0.0075,0.0025,0.09,0.065,0.56,0.3575,0.2875,0.3525
53-5021.00,0.5475,0.375,0.205,0.1975,0.54,0.4225,0.7825,0.3425,0.17,0.445,0.3925,0.265,0.3,0.6075,0.4775,0.39,0.32,0.2075,0.425,0.175,0.5675,0.315,0.18,0.53,0.5775,0.095,0.0325,0.155,0.115,0.705,0.5925,0.4675,0.325
53-5022.00,0.4825,0.3925,0.14,0.285,0.84,0.485,0.6925,0.3375,0.22,0.4125,0.435,0.2425,0.36,0.615,0.3825,0.29,0.1475,0.2175,0.34,0.2375,0.4925,0.2175,0.08,0.7275,0.775,0.15,0.005,0.0925,0.0275,0.705,0.415,0.48,0.3575
53-5031.00,0.485,0.3875,0.16,0.0625,0.3875,0.3175,0.57,0.3375,0.07,0.55,0.6275,0.3225,0.4925,0.8775,0.5625,0.3975,0.44,0.15,0.3325,0.1075,0.4025,0.295,0.16,0.4325,0.6375,0.0625,0.05,0.095,0.07,0.615,0.3125,0.3775,0.1725
53-6011.00,0.3825,0.4025,0.2225,0.07,0.435,0.25,0.46,0.2775,0.04,0.3675,0.25,0.2375,0.29,0.3825,0.355,0.185,0.0925,0.0525,0.0925,0.055,0.21,0.0925,0.0975,0.4725,0.565,0.0525,0,0.065,0.07,0.605,0.265,0.4875,0.355
53-6021.00,0.295,0.3125,0.2125,0.29,0.62,0.27,0.505,0.345,0.1175,0.2575,0.14,0.12,0.085,0.235,0.375,0.1425,0.0775,0.09,0.2175,0.1475,0.1825,0.1,0.1025,0.3225,0.52,0.11,0.04,0.095,0.055,0.4325,0.2125,0.2525,0.275
53-6031.00,0.69,0.5,0.3675,0.7475,0.91,0.3925,0.2125,0.3525,0,0.4725,0.495,0.225,0.06,0.85,0.5675,0.315,0.4825,0.0325,0.265,0.17,0.105,0.0125,0.0475,0.495,0.455,0.06,0,0.005,0.085,0.3875,0.2825,0.235,0.14
53-6041.00,0.4975,0.57,0.235,0.0925,0.5725,0.4,0.725,0.3225,0.03,0.725,0.625,0.525,0.5125,0.5275,0.58,0.3625,0.1825,0.08,0.1925,0.09,0.4125,0.0475,0.0725,0.5375,0.655,0.08,0.0225,0.0975,0.0575,0.7275,0.585,0.4175,0.355
53-6051.00,0.5125,0.38,0.3275,0.3425,0.63,0.3025,0.7275,0.4075,0.165,0.425,0.4375,0.2575,0.235,0.505,0.5525,0.3325,0.345,0.1875,0.1125,0.095,0.35,0.005,0.005,0.4125,0.71,0.17,0.01,0.0425,0.0275,0.545,0.505,0.4225,0.3075
53-6051.01,0.6675,0.5975,0.4725,0.415,0.855,0.4575,0.8525,0.715,0.105,0.61,0.7025,0.6075,0.295,0.8975,0.6875,0.6075,0.3925,0.22,0.4925,0.1375,0.3125,0.22,0.2975,0.77,0.9,0.15,0.0125,0.245,0.0725,0.865,0.62,0.5175,0.46
53-6051.07,0.4875,0.3975,0.165,0.155,0.345,0.3,0.5725,0.425,0,0.46,0.4075,0.2425,0.165,0.76,0.32,0.245,0.305,0.03,0.2875,0.1275,0.15,0.0375,0.0575,0.42,0.5575,0.0575,0,0,0.0025,0.5,0.32,0.275,0.145
53-6061.00,0.3425,0.3175,0.1575,0.1675,0.5575,0.2925,0.6775,0.195,0.0975,0.23,0.0575,0.0925,0.1075,0.16,0.24,0.0975,0.1075,0.125,0.3775,0.185,0.26,0.21,0.1725,0.24,0.63,0.31,0.0325,0.075,0.16,0.5575,0.2375,0.34,0.2375
53-7011.00,0.17,0.2175,0.0175,0.0075,0.225,0.1275,0.4425,0.5025,0.0425,0.115,0.045,0.025,0.0425,0.5225,0.1525,0.09,0.0625,0.02,0.1225,0.0075,0.0175,0.0025,0.01,0.405,0.74,0.125,0.0025,0,0.0025,0.51,0.235,0.0425,0.105
53-7021.00,0.365,0.23,0.12,0.13,0.3025,0.2625,0.4825,0.3875,0.035,0.3375,0.35,0.33,0.4275,0.6375,0.5,0.33,0.1275,0.0575,0.1775,0.07,0.12,0.105,0.1425,0.4,0.4775,0.085,0.025,0.0475,0.0625,0.4425,0.17,0.29,0.2125
53-7031.00,0.5375,0.105,0.0725,0.1625,0.1075,0.235,0.24,0.485,0.015,0.2875,0.31,0.12,0.2925,0.765,0.4525,0.3625,0.0825,0.055,0.085,0.04,0.1425,0.2225,0.0375,0.405,0.6075,0.045,0.02,0.0375,0.0325,0.545,0.2575,0.18,0.1425
53-7041.00,0.3725,0.0675,0.04,0.0675,0.47,0.1725,0.3925,0.2825,0.02,0.16,0.3675,0.25,0.2375,0.5225,0.315,0.28,0.145,0.0275,0.04,0.0325,0.0375,0.0875,0.065,0.365,0.4075,0.0275,0.015,0.0225,0.015,0.4025,0.0925,0.15,0.0425
53-7051.00,0.3725,0.335,0.0975,0.1725,0.3825,0.21,0.4375,0.45,0.08,0.215,0.1975,0.1325,0.265,0.2925,0.5025,0.0625,0.09,0.0925,0.065,0.06,0.07,0.0025,0.06,0.3175,0.455,0.0025,0,0,0.0275,0.33,0.2775,0.1475,0.1875
53-7061.00,0.475,0.34,0.3425,0.305,0.635,0.35,0.535,0.4575,0.095,0.3075,0.1975,0.1725,0.205,0.41,0.365,0.2125,0.3525,0.1675,0.2925,0.1025,0.17,0.165,0.1025,0.3875,0.5825,0.2675,0.035,0.0375,0.0475,0.465,0.28,0.195,0.3175
53-7062.00,0.605,0.435,0.3025,0.18,0.5975,0.4375,0.5375,0.525,0.13,0.255,0.1475,0.0825,0.11,0.185,0.5125,0.215,0.135,0.055,0.18,0.035,0.1,0.04,0.0525,0.425,0.485,0.09,0,0.0125,0.04,0.55,0.17,0.0825,0.0575
53-7063.00,0.3775,0.3925,0.255,0.1825,0.305,0.32,0.3175,0.61,0.17,0.3475,0.2975,0.28,0.1275,0.525,0.505,0.1325,0.1725,0.065,0.1775,0.1075,0.1075,0.12,0.105,0.4225,0.475,0.0775,0.045,0.0475,0.1125,0.4325,0.2175,0.1675,0.24
53-7064.00,0.27,0.4475,0.195,0.22,0.55,0.2625,0.34,0.7425,0.235,0.39,0.315,0.275,0.3275,0.4075,0.4325,0.18,0.3625,0.1025,0.2225,0.17,0.1275,0.1575,0.1175,0.2875,0.495,0.185,0.12,0.165,0.1275,0.425,0.22,0.21,0.1825
53-7065.00,0.2675,0.3625,0.165,0.3,0.555,0.14,0.4375,0.2875,0.0825,0.315,0.075,0.0775,0.095,0.155,0.395,0.1325,0.1775,0.0625,0.1775,0.185,0.195,0.0975,0.105,0.3325,0.525,0.155,0.0475,0.0825,0.1025,0.4375,0.2075,0.2725,0.29
53-7071.00,0.7075,0.4075,0.185,0.12,0.5075,0.3775,0.295,0.9,0.0525,0.59,0.5275,0.4225,0.39,0.82,0.595,0.5375,0.6775,0.145,0.1975,0.025,0.285,0.135,0.125,0.615,0.6425,0.1575,0.02,0.0625,0.065,0.7125,0.28,0.2025,0.1625
53-7072.00,0.4925,0.415,0.2975,0.2025,0.365,0.3725,0.3175,0.61,0.0775,0.4875,0.4775,0.1925,0.2075,0.57,0.5075,0.3075,0.355,0.0925,0.135,0.08,0.22,0.095,0.0625,0.3975,0.57,0.1125,0.0275,0.0575,0.0075,0.4225,0.28,0.3025,0.14
53-7073.00,0.3725,0.4625,0.1175,0.0825,0.2225,0.3525,0.3225,0.4475,0.0375,0.3875,0.3275,0.355,0.3525,0.6725,0.505,0.335,0.455,0.22,0.1425,0.065,0.1175,0.18,0.065,0.3425,0.43,0.04,0.0075,0.0375,0.035,0.3925,0.3525,0.1675,0.0775
53-7081.00,0.28,0.22,0.1875,0.185,0.3875,0.1575,0.4,0.2225,0,0.255,0.1175,0.045,0.015,0.555,0.2525,0.14,0.08,0.015,0.03,0,0.1925,0.015,0.015,0.24,0.45,0.1375,0,0.0125,0.0125,0.3875,0.205,0.2575,0.14
53-7121.00,0.275,0.3575,0.1425,0.085,0.3175,0.2525,0.6325,0.575,0.04,0.3675,0.1525,0.1375,0.115,0.485,0.3175,0.205,0.345,0.115,0.1075,0.075,0.18,0.13,0.085,0.375,0.5675,0.045,0.02,0.045,0.0475,0.5375,0.2025,0.2825,0.1675
