onetsoc_code,1.B.3.a,1.B.3.aa,1.B.3.ab,1.B.3.ac,1.B.3.ad,1.B.3.ae,1.B.3.af,1.B.3.ag,1.B.3.ah,1.B.3.ai,1.B.3.aj,1.B.3.ak,1.B.3.al,1.B.3.am,1.B.3.an,1.B.3.ao,1.B.3.b,1.B.3.c,1.B.3.d,1.B.3.e,1.B.3.f,1.B.3.g,1.B.3.h,1.B.3.i,1.B.3.j,1.B.3.k,1.B.3.l,1.B.3.m,1.B.3.n,1.B.3.o,1.B.3.p,1.B.3.q,1.B.3.r,1.B.3.s,1.B.3.t,1.B.3.u,1.B.3.v,1.B.3.w,1.B.3.x,1.B.3.y,1.B.3.z
11-1011.00,0.028333,0.131667,0.015,0.093333,0.13,0.97,0.311667,0.418333,0.751667,0.503333,0.476667,0.166667,0.976667,0.69,0.46,0.348333,0.01,0.016667,0,0.053333,0.01,0.018333,0.003333,0.028333,0.09,0.016667,0.038333,0.046667,0.135,0.063333,0.161667,0.228333,0.021667,0.031667,0.021667,0.011667,0.068333,0.218333,0.038333,0.186667,0.105
11-1021.00,0.038333,0.115,0.006667,0.206667,0.161667,0.838333,0.39,0.283333,0.458333,0.471667,0.476667,0.29,0.976667,0.428333,0.181667,0.115,0.041667,0.06,0.016667,0.04,0.05,0.021667,0.036667,0.028333,0.053333,0.011667,0.025,0.013333,0.081667,0.031667,0.151667,0.158333,0.011667,0.026667,0.003333,0.011667,0.023333,0.055,0.141667,0.125,0.051667
11-2011.00,0,0.01,0,0.135,0.11,0.828333,0.665,0.976667,0.223333,0.236667,0.13,0.266667,0.865,0.496667,0.145,0.073333,0,0,0,0,0,0,0,0.028333,0,0,0,0,0.17,0.15,0.121667,0.138333,0.321667,0.391667,0.133333,0.086667,0.441667,0.666667,0.045,0.11,0.031667
11-2021.00,0.005,0.021667,0,0.093333,0.13,0.903333,0.656667,0.936667,0.33,0.326667,0.275,0.313333,0.925,0.561667,0.133333,0.158333,0,0,0,0,0.001667,0,0,0.023333,0.023333,0.005,0.013333,0.013333,0.25,0.053333,0.268333,0.185,0.12,0.171667,0.046667,0.011667,0.126667,0.3,0.038333,0.085,0.035
11-2022.00,0.023333,0.021667,0,0.161667,0.226667,0.875,0.928333,0.58,0.278333,0.393333,0.396667,0.363333,0.895,0.628333,0.071667,0.066667,0.01,0.026667,0,0,0.006667,0,0,0.01,0.023333,0,0.005,0.008333,0.081667,0.026667,0.121667,0.108333,0.006667,0.016667,0.01,0,0.026667,0.076667,0.038333,0.196667,0.035
11-2033.00,0,0.038333,0.056667,0.206667,0.186667,0.785,0.743333,0.62,0.39,0.398333,0.268333,0.35,0.888333,0.811667,0.263333,0.121667,0,0,0,0,0,0.021667,0.011667,0.043333,0,0,0,0.013333,0.17,0.073333,0.108333,0.093333,0.061667,0.086667,0.061667,0.023333,0.14,0.395,0.038333,0.155,0.263333
11-3012.00,0.033333,0.121667,0,0.168333,0.161667,0.356667,0.071667,0.058333,0.203333,0.416667,0.476667,0.79,0.955,0.286667,0.083333,0.085,0,0.021667,0.02,0.06,0.001667,0,0,0,0.023333,0,0.005,0.013333,0.096667,0.026667,0.108333,0.18,0,0.005,0,0,0.011667,0.02,0.031667,0.263333,0.108333
11-3013.00,0.386667,0.098333,0,0.2,0.105,0.275,0.066667,0.043333,0.208333,0.315,0.3,0.29,0.865,0.263333,0.108333,0.078333,0.343333,0.166667,0.175,0.19,0.023333,0.1,0.008333,0.083333,0.396667,0.065,0.03,0.013333,0.058333,0.01,0.111667,0.216667,0.015,0.053333,0.006667,0,0.015,0.02,0.038333,0.181667,0.073333
11-3013.01,0.118333,0.06,0,0.081667,0.09,0.275,0.045,0.025,0.121667,0.225,0.353333,0.223333,0.865,0.296667,0.133333,0.366667,0.015,0.043333,0.066667,0.736667,0,0.01,0.008333,0.015,0.085,0.016667,0.005,0.026667,0.12,0.031667,0.131667,0.255,0,0,0,0,0.023333,0.036667,0,0.113333,0.055
11-3021.00,0.155,0.07,0,0.103333,0.135,0.576667,0.096667,0.09,0.218333,0.201667,0.33,0.166667,0.895,0.326667,0.076667,0.073333,0,0,0,0.046667,0,0,0,0,0.273333,0.058333,0.035,0.041667,0.058333,0.031667,0.306667,0.853333,0.018333,0.026667,0,0,0.023333,0.045,0,0.155,0.031667
11-3031.00,0.01,0.021667,0,0.218333,0.243333,0.828333,0.413333,0.18,0.975,0.686667,0.378333,0.576667,0.933333,0.343333,0.118333,0.225,0,0,0,0.02,0,0,0,0,0,0,0,0,0.1,0.005,0.285,0.18,0,0,0,0,0.023333,0.028333,0,0.095,0.058333
11-3031.01,0,0.01,0,0.03,0.125,0.621667,0.051667,0.04,0.975,0.821667,0.245,0.523333,0.918333,0.246667,0.073333,0.158333,0,0,0,0.02,0,0,0,0,0,0,0,0,0.063333,0,0.555,0.088333,0,0,0,0,0.011667,0.008333,0,0.085,0.018333
11-3031.03,0.005,0,0,0.081667,0.143333,0.838333,0.453333,0.18,0.951667,0.478333,0.1,0.325,0.851667,0.428333,0.165,0.311667,0,0,0,0.02,0,0,0,0,0.01,0.016667,0.005,0,0.14,0.031667,0.535,0.255,0,0,0,0,0.023333,0.063333,0,0.06,0.013333
11-3051.00,0.356667,0.005,0,0.03,0.078333,0.481667,0.1,0.058333,0.24,0.301667,0.39,0.191667,0.91,0.186667,0.053333,0.036667,0.198333,0.166667,0.113333,0.038333,0.056667,0.003333,0,0.01,0.396667,0.07,0.056667,0.031667,0.04,0.01,0.235,0.148333,0.006667,0.016667,0,0,0.018333,0.016667,0.083333,0.075,0.01
11-3051.01,0.193333,0.081667,0,0.03,0.055,0.28,0.06,0.053333,0.098333,0.236667,0.208333,0.228333,0.821667,0.186667,0.028333,0.085,0.073333,0.021667,0.035,0.026667,0.05,0,0,0,0.36,0.271667,0.236667,0.275,0.048333,0.005,0.426667,0.295,0.018333,0.016667,0,0,0.018333,0.016667,0.031667,0.155,0.018333
11-3061.00,0.043333,0.031667,0,0.076667,0.101667,0.598333,0.183333,0.071667,0.353333,0.345,0.3,0.493333,0.91,0.22,0.093333,0.201667,0.03,0.016667,0.006667,0.006667,0.018333,0,0,0,0.038333,0.011667,0.005,0.005,0.04,0.02,0.116667,0.153333,0,0.016667,0,0,0.023333,0.008333,0.051667,0.07,0.016667
11-3071.00,0.225,0.016667,0,0.076667,0.078333,0.591667,0.188333,0.053333,0.306667,0.338333,0.33,0.338333,0.925,0.203333,0.098333,0.25,0.03,0.295,0.1,0.105,0.05,0.021667,0.008333,0,0.168333,0.026667,0.005,0.008333,0.04,0,0.24,0.25,0,0,0,0,0.011667,0.02,0.02,0.07,0.025
11-3071.04,0.098333,0.031667,0,0.05,0.071667,0.676667,0.178333,0.09,0.261667,0.356667,0.233333,0.301667,0.888333,0.28,0.043333,0.078333,0.03,0.15,0.05,0.02,0.043333,0.01,0,0,0.11,0.03,0.03,0.008333,0.048333,0.01,0.29,0.25,0.003333,0,0,0,0.003333,0.016667,0.038333,0.075,0.016667
11-3111.00,0,0.053333,0,0.113333,0.288333,0.428333,0.071667,0.058333,0.483333,0.61,0.943333,0.388333,0.903333,0.291667,0.143333,0.433333,0,0,0,0,0,0,0,0,0,0,0,0,0.213333,0.026667,0.273333,0.078333,0.003333,0,0,0,0.035,0.036667,0,0.14,0.151667
11-3121.00,0,0.086667,0.006667,0.173333,0.501667,0.51,0.113333,0.138333,0.161667,0.255,0.981667,0.561667,0.955,0.465,0.253333,0.391667,0,0,0,0.111667,0,0,0,0.015,0,0,0,0.013333,0.273333,0.058333,0.156667,0.143333,0.006667,0.008333,0.011667,0,0.043333,0.08,0,0.273333,0.241667
11-3131.00,0.033333,0.115,0.021667,0.223333,0.785,0.376667,0.158333,0.17,0.088333,0.115,0.808333,0.313333,0.858333,0.788333,0.098333,0.103333,0,0,0.003333,0.038333,0,0.01,0,0.033333,0.043333,0.011667,0.035,0.031667,0.318333,0.08,0.111667,0.216667,0.058333,0.063333,0.05,0.023333,0.06,0.196667,0.031667,0.703333,0.315
11-9013.00,0.236667,0.016667,0,0.076667,0.081667,0.503333,0.3,0.19,0.283333,0.345,0.281667,0.145,0.843333,0.155,0.16,0.055,0.17,0.378333,0.466667,0.02,1,0.743333,0.365,0.033333,0.173333,0.158333,0.381667,0.09,0.043333,0.015,0.156667,0.093333,0,0.016667,0,0,0.011667,0.016667,0.076667,0.118333,0.016667
11-9021.00,0.265,0,0,0.056667,0.081667,0.448333,0.173333,0.061667,0.245,0.356667,0.318333,0.163333,0.865,0.296667,0.108333,0.28,0.611667,0.208333,0.155,0.08,0.013333,0.086667,0,0.01,0.495,0.073333,0.013333,0,0.043333,0.01,0.203333,0.175,0.021667,0.048333,0,0,0.018333,0.028333,0,0.06,0.016667
11-9031.00,0.005,0.093333,0.066667,0.416667,0.555,0.275,0.113333,0.175,0.208333,0.313333,0.581667,0.39,0.888333,0.458333,0.118333,0.121667,0,0,0.02,0.053333,0,0.01,0,0.023333,0,0.005,0.025,0.023333,0.29,0.118333,0.116667,0.098333,0.05,0.053333,0.028333,0.046667,0.103333,0.118333,0.031667,0.606667,0.755
11-9032.00,0.018333,0.076667,0.056667,0.23,0.67,0.34,0.083333,0.155,0.181667,0.236667,0.533333,0.331667,0.888333,0.601667,0.286667,0.151667,0,0,0.003333,0.105,0,0.003333,0,0.171667,0.02,0.016667,0.025,0.026667,0.273333,0.206667,0.161667,0.138333,0.033333,0.053333,0.025,0.031667,0.085,0.141667,0,0.586667,0.705
11-9033.00,0.01,0.048333,0.036667,0.333333,0.643333,0.538333,0.178333,0.271667,0.295,0.393333,0.606667,0.401667,0.888333,0.595,0.286667,0.165,0,0,0,0.038333,0,0.01,0,0.063333,0.01,0.061667,0.1,0.085,0.318333,0.263333,0.213333,0.168333,0.021667,0.04,0.028333,0.023333,0.055,0.181667,0.006667,0.421667,0.44
11-9041.00,0.236667,0.031667,0,0.071667,0.116667,0.71,0.183333,0.115,0.261667,0.255,0.263333,0.313333,0.888333,0.471667,0.128333,0.158333,0.226667,0.05,0.028333,0.026667,0.013333,0.095,0,0,0.658333,0.238333,0.09,0.075,0.081667,0.046667,0.39,0.311667,0.101667,0.161667,0.006667,0,0.035,0.063333,0.006667,0.095,0.025
11-9051.00,0.043333,0.016667,0,0.478333,0.13,0.333333,0.261667,0.143333,0.261667,0.435,0.488333,0.201667,0.888333,0.166667,0.033333,0.06,0.01,0.031667,0.188333,0.04,0.036667,0,0,0.018333,0.028333,0.023333,0.038333,0.005,0.053333,0.02,0.108333,0.021667,0.006667,0.04,0.006667,0.006667,0.015,0.023333,0.5,0.16,0.058333
11-9071.00,0.028333,0.005,0,0.321667,0.085,0.583333,0.408333,0.293333,0.318333,0.485,0.471667,0.25,0.903333,0.235,0.083333,0.243333,0,0,0.02,0.26,0,0,0,0,0.015,0,0,0,0.081667,0.015,0.141667,0.118333,0,0,0,0,0.011667,0.023333,0.006667,0.108333,0.041667
11-9072.00,0.073333,0.081667,0,0.555,0.125,0.363333,0.266667,0.321667,0.24,0.361667,0.433333,0.24,0.858333,0.428333,0.078333,0.036667,0.03,0.083333,0.118333,0.098333,0.015,0.273333,0.025,0.443333,0.043333,0,0.005,0.013333,0.15,0.063333,0.108333,0.123333,0.075,0.106667,0.146667,0.086667,0.071667,0.146667,0.083333,0.235,0.151667
11-9081.00,0.028333,0.01,0,0.793333,0.138333,0.598333,0.486667,0.288333,0.376667,0.441667,0.513333,0.436667,0.918333,0.308333,0.048333,0.041667,0.015,0,0.055,0.085,0,0.021667,0,0.005,0.01,0,0,0,0.081667,0.031667,0.093333,0.098333,0.006667,0.04,0.006667,0.011667,0.023333,0.063333,0.135,0.213333,0.13
11-9111.00,0.053333,0.663333,0.006667,0.173333,0.271667,0.66,0.14,0.19,0.445,0.503333,0.606667,0.478333,0.963333,0.496667,0.22,0.195,0,0,0.016667,0.08,0,0,0.011667,0.028333,0.048333,0.061667,0.215,0.22,0.228333,0.068333,0.24,0.311667,0.006667,0.008333,0,0,0.03,0.058333,0.013333,0.268333,0.381667
11-9121.00,0.135,0.138333,0,0.076667,0.181667,0.538333,0.14,0.125,0.191667,0.255,0.371667,0.228333,0.873333,0.548333,0.133333,0.115,0.01,0.01,0.02,0.026667,0.078333,0.145,0.041667,0,0.313333,0.64,0.695,0.575,0.145,0.041667,0.496667,0.278333,0.033333,0.016667,0.006667,0,0.046667,0.076667,0.013333,0.145,0.038333
11-9121.01,0.018333,0.58,0,0.178333,0.143333,0.135,0.083333,0.128333,0.083333,0.143333,0.178333,0.43,0.525,0.246667,0.028333,0.11,0,0,0.013333,0.02,0,0,0.008333,0,0.043333,0.123333,0.571667,0.74,0.358333,0.063333,0.301667,0.158333,0,0,0,0,0.043333,0.033333,0,0.213333,0.148333
11-9131.00,0.028333,0,0,0.19,0.108333,0.231667,0.1,0.048333,0.166667,0.331667,0.563333,0.616667,0.888333,0.203333,0.088333,0.158333,0,0.066667,0.043333,0.078333,0,0,0,0,0.01,0,0,0,0.04,0,0.065,0.123333,0,0,0,0,0.006667,0.016667,0,0.095,0.108333
11-9141.00,0.113333,0,0,0.246667,0.13,0.645,0.52,0.283333,0.575,0.528333,0.318333,0.493333,0.918333,0.331667,0.123333,0.336667,0.226667,0.031667,0.055,0.071667,0.006667,0.033333,0,0.01,0.075,0.005,0,0,0.081667,0.031667,0.156667,0.158333,0.021667,0.035,0,0,0.023333,0.041667,0,0.065,0.073333
11-9151.00,0,0.275,0.083333,0.441667,0.531667,0.415,0.153333,0.17,0.228333,0.308333,0.595,0.356667,0.903333,0.555,0.326667,0.323333,0,0,0.003333,0.17,0,0.018333,0,0.028333,0,0,0.021667,0.07,0.438333,0.133333,0.108333,0.113333,0.021667,0.016667,0.015,0.006667,0.068333,0.085,0,0.285,0.85
11-9161.00,0.118333,0.235,0.003333,0.113333,0.201667,0.21,0.071667,0.148333,0.103333,0.195,0.238333,0.25,0.85,0.548333,0.321667,0.318333,0.02,0.1,0.046667,0.361667,0.03,0.111667,0.02,0.028333,0.12,0.118333,0.095,0.14,0.288333,0.073333,0.208333,0.245,0.021667,0.021667,0.003333,0,0.046667,0.146667,0,0.343333,0.27
11-9171.00,0.023333,0.098333,0.176667,0.793333,0.306667,0.531667,0.555,0.328333,0.348333,0.405,0.465,0.436667,0.888333,0.403333,0.053333,0.286667,0.015,0.05,0.05,0.033333,0,0,0,0,0,0.008333,0.025,0.026667,0.165,0.145,0.103333,0.098333,0.021667,0.045,0.018333,0.018333,0.043333,0.08,0,0.155,0.326667
11-9179.01,0.033333,0.425,0.006667,0.586667,0.525,0.448333,0.283333,0.358333,0.116667,0.178333,0.385,0.223333,0.801667,0.541667,0.033333,0.011667,0,0,0.126667,0.026667,0,0.04,0,0.843333,0.015,0.016667,0.138333,0.125,0.191667,0.026667,0.075,0.098333,0.021667,0.026667,0.046667,0.018333,0.046667,0.191667,0.051667,0.555,0.46
11-9179.02,0.013333,0.138333,0,0.745,0.196667,0.591667,0.533333,0.351667,0.29,0.441667,0.545,0.478333,0.873333,0.191667,0,0.023333,0,0,0.025,0.02,0,0,0,0.023333,0.005,0,0.005,0,0.048333,0.01,0.07,0.04,0.003333,0.045,0.006667,0,0.018333,0.036667,0.013333,0.191667,0.13
11-9199.01,0.005,0.176667,0,0.03,0.121667,0.345,0.055,0.053333,0.098333,0.16,0.173333,0.608333,0.888333,0.421667,0.375,0.626667,0,0,0,0.06,0.013333,0.025,0.011667,0,0.095,0.123333,0.215,0.315,0.155,0.051667,0.098333,0.103333,0,0,0,0,0.023333,0.023333,0.006667,0.113333,0.041667
11-9199.08,0.113333,0,0,0.061667,0.116667,0.205,0.071667,0.026667,0.201667,0.301667,0.275,0.223333,0.836667,0.296667,0.076667,0.355,0,0.033333,0.043333,0.621667,0,0,0,0,0.038333,0.005,0,0,0.115,0.015,0.131667,0.158333,0,0,0,0,0.006667,0.023333,0,0.186667,0.041667
13-1011.00,0,0,0,0.393333,0.785,0.751667,0.735,0.696667,0.33,0.248333,0.286667,0.356667,0.71,0.421667,0.128333,0.293333,0,0,0,0,0,0,0,0.215,0,0,0,0,0.1,0.178333,0.025,0.036667,0.161667,0.208333,0.386667,0.31,0.111667,0.413333,0.02,0.125,0.143333
13-1021.00,0.038333,0,0,0.066667,0.02,0.388333,0.295,0.143333,0.295,0.441667,0.1,0.363333,0.473333,0.13,0.098333,0.176667,0.025,0.178333,0.086667,0.038333,0.58,0.068333,0.063333,0,0.033333,0.026667,0.061667,0,0.04,0.01,0.103333,0.098333,0,0,0,0,0.011667,0.023333,0.063333,0.023333,0.01
13-1022.00,0.048333,0.01,0,0.108333,0.075,0.838333,0.453333,0.25,0.29,0.361667,0.095,0.37,0.518333,0.263333,0.018333,0.06,0.01,0.031667,0.046667,0,0.015,0.018333,0,0,0.043333,0.008333,0,0,0.048333,0.026667,0.198333,0.113333,0.021667,0.053333,0.006667,0.003333,0.023333,0.036667,0.07,0.046667,0.021667
13-1023.00,0.135,0.086667,0,0.061667,0.028333,0.356667,0.253333,0.066667,0.29,0.345,0.125,0.278333,0.601667,0.16,0.103333,0.261667,0.051667,0.026667,0.025,0.02,0.015,0.015,0.008333,0,0.105,0.016667,0.025,0.018333,0.04,0.02,0.131667,0.133333,0,0.008333,0,0,0.023333,0.016667,0.051667,0.031667,0.016667
13-1031.00,0.013333,0.081667,0,0.086667,0.061667,0.138333,0.08,0.04,0.306667,0.393333,0.155,0.683333,0.335,0.181667,0.033333,0.476667,0.01,0.01,0.006667,0.176667,0.005,0.003333,0,0.005,0.01,0.015,0.013333,0.065,0.12,0.031667,0.166667,0.128333,0,0,0,0,0.023333,0.023333,0,0.041667,0.073333
13-1032.00,0.416667,0,0,0.093333,0.033333,0.07,0.086667,0.021667,0.295,0.26,0.071667,0.29,0.155,0.055,0.01,0.146667,0.051667,0.201667,0.078333,0.053333,0,0.006667,0,0,0.083333,0.02,0,0,0.008333,0,0.126667,0.103333,0.003333,0,0,0,0.015,0.016667,0,0.026667,0.016667
13-1041.00,0.018333,0.043333,0,0.12,0.113333,0.07,0.051667,0.025,0.181667,0.248333,0.166667,0.708333,0.316667,0.171667,0.118333,0.551667,0.005,0.043333,0.006667,0.246667,0.006667,0.01,0.011667,0,0.023333,0,0.013333,0.005,0.095,0.02,0.043333,0.113333,0,0,0,0,0.006667,0.023333,0,0.09,0.065
13-1041.04,0.128333,0,0,0.045,0.023333,0.07,0.03,0.021667,0.098333,0.19,0.1,0.356667,0.26,0.198333,0.103333,0.396667,0.198333,0.083333,0.078333,0.228333,0.015,0.028333,0.003333,0,0.083333,0.05,0.008333,0.008333,0.081667,0.02,0.103333,0.168333,0.003333,0.016667,0,0,0.011667,0.011667,0,0.046667,0.045
13-1041.06,0.068333,0.293333,0.006667,0.081667,0.051667,0.048333,0.013333,0,0.038333,0.148333,0.113333,0.181667,0.473333,0.181667,0.113333,0.453333,0,0.083333,0.225,0.491667,0,0.006667,0,0,0.068333,0.238333,0.416667,0.471667,0.24,0.085,0.126667,0.098333,0.018333,0,0,0,0.018333,0.045,0,0.11,0.13
13-1041.07,0.023333,0.115,0,0.03,0.138333,0.171667,0.036667,0.043333,0.093333,0.183333,0.19,0.7,0.405,0.16,0.17,0.533333,0,0,0,0.046667,0.005,0,0.008333,0,0.11,0.11,0.09,0.32,0.11,0.041667,0.108333,0.148333,0,0,0,0,0.011667,0.011667,0,0.09,0.035
13-1041.08,0.018333,0.005,0,0.081667,0.13,0.2,0.188333,0.025,0.256667,0.46,0.065,0.761667,0.321667,0.135,0.083333,0.483333,0,0.06,0.02,0.143333,0.006667,0,0,0,0.01,0.003333,0,0,0.043333,0.031667,0.146667,0.113333,0.003333,0,0,0,0.003333,0.008333,0,0.056667,0.016667
13-1051.00,0.103333,0,0,0.055,0.04,0.258333,0.198333,0.035,0.413333,0.596667,0.058333,0.666667,0.363333,0.155,0.033333,0.06,0.331667,0.038333,0.031667,0,0.006667,0.033333,0,0,0.09,0.026667,0.008333,0,0.04,0.01,0.395,0.238333,0.006667,0.021667,0,0,0.011667,0.011667,0,0.031667,0.01
13-1071.00,0,0.098333,0.003333,0.156667,0.48,0.241667,0.163333,0.118333,0.093333,0.178333,0.968333,0.683333,0.628333,0.315,0.073333,0.36,0,0,0,0.033333,0,0,0,0,0,0,0,0,0.191667,0.036667,0.07,0.055,0.003333,0.013333,0.003333,0,0.035,0.036667,0,0.246667,0.215
13-1074.00,0.013333,0.016667,0,0.125,0.061667,0.166667,0.126667,0.03,0.093333,0.178333,0.551667,0.126667,0.703333,0.15,0.078333,0.201667,0.025,0.278333,0.205,0.053333,0.518333,0.251667,0.066667,0,0.01,0,0.038333,0,0.053333,0.031667,0.088333,0.005,0,0,0,0,0,0,0.07,0.07,0.091667
13-1075.00,0,0.021667,0,0.093333,0.41,0.236667,0.1,0.048333,0.106667,0.166667,0.631667,0.383333,0.635,0.575,0.291667,0.638333,0,0,0,0.053333,0,0,0,0,0,0,0,0,0.25,0.058333,0.06,0.026667,0,0,0.011667,0,0.038333,0.045,0,0.108333,0.363333
13-1081.00,0.083333,0.048333,0,0.098333,0.078333,0.383333,0.213333,0.105,0.223333,0.29,0.196667,0.458333,0.745,0.275,0.083333,0.14,0.03,0.1,0.031667,0.038333,0.023333,0.015,0,0,0.136667,0.033333,0.038333,0.031667,0.091667,0.02,0.313333,0.266667,0.003333,0,0,0,0.023333,0.023333,0.013333,0.09,0.025
13-1081.01,0.27,0.016667,0,0.025,0.031667,0.263333,0.063333,0.021667,0.141667,0.296667,0.058333,0.186667,0.333333,0.11,0.043333,0.055,0.046667,0.23,0.035,0.02,0.023333,0.036667,0,0,0.585,0.093333,0.03,0.013333,0.063333,0.005,0.678333,0.346667,0.006667,0.013333,0,0,0.011667,0.016667,0,0.051667,0.005
13-1081.02,0.058333,0.016667,0,0.03,0.026667,0.315,0.051667,0.035,0.201667,0.315,0.071667,0.65,0.381667,0.07,0.028333,0.11,0,0.161667,0.02,0.026667,0.005,0,0,0,0.11,0.016667,0,0,0.043333,0,0.496667,0.346667,0,0,0,0,0.015,0.011667,0.006667,0.041667,0.008333
13-1111.00,0.028333,0.126667,0,0.076667,0.166667,0.621667,0.213333,0.155,0.388333,0.43,0.355,0.43,0.696667,0.303333,0.16,0.25,0.005,0,0,0.026667,0.001667,0.003333,0,0.005,0.053333,0.026667,0.021667,0.041667,0.29,0.073333,0.336667,0.295,0.018333,0.008333,0.01,0,0.043333,0.063333,0.02,0.145,0.051667
13-1121.00,0.005,0.031667,0.075,0.766667,0.143333,0.298333,0.341667,0.271667,0.235,0.285,0.245,0.403333,0.808333,0.355,0.181667,0.11,0,0.01,0.02,0.033333,0,0.021667,0,0.048333,0,0,0,0.008333,0.081667,0.058333,0.025,0.123333,0.058333,0.121667,0.093333,0.06,0.055,0.156667,0.256667,0.15,0.113333
13-1131.00,0,0.081667,0.07,0.258333,0.156667,0.583333,0.718333,0.606667,0.301667,0.278333,0.19,0.35,0.615,0.846667,0.23,0.11,0,0,0.006667,0,0,0.021667,0.011667,0.038333,0,0,0.005,0.008333,0.17,0.128333,0.065,0.103333,0.146667,0.141667,0.073333,0.015,0.236667,0.413333,0.025,0.191667,0.333333
13-1141.00,0,0.07,0,0.045,0.32,0.221667,0.066667,0.048333,0.341667,0.471667,0.955,0.771667,0.556667,0.275,0.113333,0.378333,0,0,0,0.026667,0,0,0,0,0,0,0.005,0.013333,0.213333,0.026667,0.278333,0.118333,0,0,0,0,0.023333,0.028333,0,0.246667,0.138333
13-1151.00,0.023333,0.131667,0.018333,0.263333,0.873333,0.195,0.108333,0.143333,0.098333,0.12,0.776667,0.266667,0.43,0.71,0.088333,0.091667,0.005,0.005,0.006667,0.02,0.006667,0.021667,0.02,0.043333,0.033333,0.015,0.066667,0.07,0.4,0.145,0.121667,0.153333,0.11,0.121667,0.12,0.018333,0.046667,0.218333,0.038333,0.788333,0.351667
13-1161.00,0.01,0.031667,0,0.081667,0.105,0.676667,0.261667,0.92,0.25,0.273333,0.148333,0.32,0.388333,0.275,0.128333,0.053333,0,0,0,0,0.01,0,0,0.015,0.015,0.026667,0.021667,0.026667,0.425,0.128333,0.561667,0.305,0.096667,0.068333,0.015,0.006667,0.098333,0.218333,0.038333,0.085,0.031667
13-1161.01,0.018333,0.01,0,0.076667,0.093333,0.875,0.395,0.881667,0.196667,0.183333,0.095,0.283333,0.393333,0.171667,0.033333,0.041667,0,0,0,0,0,0,0,0,0.043333,0.023333,0.005,0,0.218333,0.111667,0.438333,0.565,0.161667,0.146667,0.021667,0.003333,0.175,0.413333,0,0.06,0.016667
13-1199.04,0.068333,0.053333,0,0.076667,0.13,0.381667,0.071667,0.043333,0.218333,0.248333,0.208333,0.39,0.73,0.355,0.133333,0.183333,0,0.016667,0,0.17,0.001667,0.006667,0,0,0.068333,0.026667,0.021667,0.031667,0.125,0.031667,0.306667,0.443333,0.006667,0.005,0.006667,0,0.038333,0.108333,0,0.16,0.051667
13-1199.06,0.018333,0,0,0.14,0.023333,0.685,0.408333,0.436667,0.266667,0.51,0.095,0.666667,0.608333,0.105,0.01,0.023333,0,0.021667,0.07,0,0,0,0,0,0.015,0,0,0,0.043333,0.005,0.141667,0.233333,0.123333,0.081667,0.006667,0,0.085,0.166667,0.006667,0.026667,0.016667
13-1199.07,0.241667,0.031667,0,0.061667,0.075,0.156667,0.048333,0.025,0.078333,0.108333,0.143333,0.166667,0.386667,0.16,0.098333,0.318333,0.031667,0.031667,0.058333,0.67,0.005,0.01,0,0.01,0.285,0.03,0.013333,0,0.135,0.026667,0.176667,0.52,0.006667,0.026667,0,0,0.023333,0.023333,0,0.085,0.031667
13-2011.00,0.01,0.031667,0,0.055,0.101667,0.27,0.055,0.025,0.736667,1,0.136667,0.726667,0.418333,0.176667,0.098333,0.378333,0,0,0,0.111667,0.001667,0,0,0,0,0.008333,0,0,0.063333,0.01,0.438333,0.306667,0,0,0,0,0.011667,0.023333,0,0.055,0.031667
13-2022.00,0.063333,0,0,0.098333,0.031667,0.138333,0.135,0.048333,0.42,0.326667,0.053333,0.486667,0.248333,0.14,0.033333,0.293333,0.073333,0.016667,0.055,0.038333,0.01,0.01,0,0,0.043333,0.026667,0,0,0.043333,0.078333,0.268333,0.143333,0.12,0.096667,0.018333,0.011667,0.071667,0.036667,0.02,0.041667,0.016667
13-2023.00,0.028333,0,0,0.086667,0.031667,0.148333,0.108333,0.043333,0.426667,0.356667,0.053333,0.403333,0.203333,0.166667,0.068333,0.293333,0.1,0.033333,0.04,0.033333,0.013333,0.033333,0,0,0.053333,0.023333,0,0,0.11,0.041667,0.273333,0.113333,0.033333,0.021667,0,0,0.023333,0.028333,0,0.051667,0.025
13-2031.00,0,0.016667,0,0.04,0.121667,0.241667,0.041667,0.026667,0.743333,0.913333,0.118333,0.78,0.53,0.16,0.22,0.115,0,0,0,0,0,0,0,0,0,0,0,0.005,0.125,0,0.36,0.18,0,0,0,0,0.018333,0.011667,0,0.036667,0.028333
13-2041.00,0,0,0,0.05,0.055,0.216667,0.105,0.021667,0.865,0.736667,0.1,0.743333,0.288333,0.12,0.033333,0.213333,0,0,0,0.02,0,0,0,0,0,0,0,0,0.125,0.01,0.451667,0.2,0,0,0,0,0.011667,0.008333,0,0.041667,0.028333
13-2052.00,0,0.016667,0,0.416667,0.748333,0.351667,0.791667,0.165,0.96,0.59,0.148333,0.43,0.351667,0.435,0.068333,0.201667,0,0,0,0.006667,0,0,0,0,0.005,0.003333,0,0,0.213333,0.031667,0.378333,0.123333,0.006667,0.021667,0.003333,0,0.026667,0.045,0,0.225,0.18
13-2053.00,0,0.06,0,0.081667,0.058333,0.156667,0.178333,0.066667,0.548333,0.393333,0.118333,0.735,0.215,0.075,0.028333,0.188333,0,0,0,0.026667,0,0,0,0,0.01,0.003333,0.025,0.08,0.1,0.026667,0.325,0.098333,0,0,0,0,0.018333,0.011667,0,0.036667,0.045
13-2061.00,0,0.005,0,0.035,0.156667,0.231667,0.04,0.021667,0.936667,0.795,0.16,0.568333,0.635,0.343333,0.15,0.608333,0,0,0,0.215,0,0,0,0,0.01,0.003333,0,0,0.15,0.031667,0.29,0.168333,0,0,0,0,0.018333,0.011667,0,0.155,0.041667
13-2071.00,0,0.031667,0.003333,0.466667,0.813333,0.121667,0.188333,0.076667,0.588333,0.535,0.251667,0.658333,0.236667,0.286667,0.048333,0.275,0,0,0,0.006667,0,0,0,0,0,0,0,0,0.261667,0.031667,0.213333,0.05,0,0,0.006667,0,0.023333,0.041667,0,0.396667,0.545
13-2072.00,0,0,0,0.315,0.396667,0.333333,0.541667,0.228333,0.803333,0.578333,0.16,0.716667,0.473333,0.303333,0.053333,0.3,0,0,0,0.013333,0.001667,0,0,0,0,0,0,0,0.091667,0.015,0.223333,0.098333,0,0,0,0,0,0.016667,0,0.165,0.171667
13-2081.00,0,0,0,0.13,0.151667,0.121667,0.075,0.025,0.623333,0.88,0.148333,0.788333,0.236667,0.13,0.113333,0.453333,0,0,0,0.085,0,0,0,0,0,0,0,0,0.086667,0.015,0.203333,0.078333,0,0,0,0,0.011667,0.023333,0,0.065,0.051667
13-2082.00,0.005,0,0,0.206667,0.221667,0.093333,0.145,0.038333,0.581667,0.94,0.095,0.836667,0.193333,0.155,0.058333,0.318333,0,0,0,0.02,0,0,0,0,0,0,0,0,0.04,0,0.285,0.148333,0,0,0,0,0.003333,0.008333,0,0.135,0.058333
13-2099.01,0.018333,0,0,0.01,0.026667,0.241667,0.055,0.021667,0.856667,0.448333,0.046667,0.223333,0.166667,0.105,0.043333,0.066667,0,0,0,0.006667,0,0,0,0,0.053333,0.085,0.016667,0.005,0.16,0.026667,0.888333,0.436667,0.021667,0,0,0,0.018333,0.02,0,0.051667,0.003333
13-2099.04,0.028333,0.031667,0,0.03,0.09,0.161667,0.033333,0.021667,0.581667,0.743333,0.106667,0.515,0.37,0.343333,0.108333,0.483333,0,0.01,0.006667,0.493333,0,0,0,0,0.02,0.015,0.005,0.026667,0.191667,0.031667,0.371667,0.25,0.006667,0,0.003333,0,0.023333,0.028333,0,0.1,0.025
15-1211.00,0.225,0.065,0,0.081667,0.09,0.2,0.045,0.035,0.131667,0.218333,0.113333,0.255,0.305,0.095,0.023333,0.023333,0,0,0.003333,0.026667,0,0,0,0,0.308333,0.093333,0.043333,0.041667,0.048333,0.031667,0.535,0.93,0.021667,0.026667,0,0,0.018333,0.033333,0,0.125,0.016667
15-1211.01,0.098333,0.468333,0,0.125,0.255,0.125,0.036667,0.053333,0.056667,0.108333,0.178333,0.266667,0.333333,0.28,0.108333,0.096667,0,0,0,0.038333,0,0,0,0,0.156667,0.085,0.445,0.385,0.288333,0.073333,0.408333,0.795,0.021667,0.035,0,0,0.038333,0.066667,0,0.343333,0.216667
15-1212.00,0.321667,0.043333,0,0.055,0.096667,0.121667,0.026667,0.021667,0.093333,0.166667,0.136667,0.313333,0.281667,0.145,0.063333,0.151667,0,0,0,0.361667,0,0,0,0,0.278333,0.055,0,0.008333,0.04,0.031667,0.29,0.976667,0,0,0,0,0.023333,0.023333,0,0.135,0.025
15-1221.00,0.293333,0.048333,0,0.02,0.045,0.13,0.023333,0.025,0.065,0.108333,0.076667,0.123333,0.335,0.13,0.033333,0.036667,0,0.016667,0,0.02,0,0,0,0,0.585,0.168333,0.066667,0.1,0.1,0.046667,0.736667,0.906667,0.058333,0.073333,0.01,0.003333,0.035,0.045,0,0.08,0.013333
15-1231.00,0.441667,0.031667,0,0.103333,0.051667,0.058333,0.033333,0.005,0.03,0.073333,0.058333,0.191667,0.176667,0.075,0,0.018333,0.015,0.01,0.083333,0.091667,0,0,0,0,0.463333,0.073333,0,0,0.035,0,0.213333,0.93,0,0.005,0,0,0.018333,0.02,0,0.135,0.021667
15-1232.00,0.505,0.065,0,0.235,0.151667,0.033333,0.06,0.025,0.033333,0.103333,0.136667,0.436667,0.198333,0.125,0,0,0.015,0.021667,0.105,0.02,0,0,0,0,0.266667,0.055,0.005,0.005,0.043333,0.031667,0.131667,0.883333,0.018333,0.021667,0.003333,0,0.026667,0.041667,0,0.256667,0.08
15-1241.00,0.405,0.026667,0,0.076667,0.035,0.161667,0.113333,0.053333,0.083333,0.108333,0.053333,0.123333,0.321667,0.16,0.033333,0.041667,0,0.005,0.025,0.066667,0,0,0,0,0.651667,0.093333,0,0,0.04,0.015,0.433333,0.93,0.021667,0.035,0,0,0.018333,0.028333,0,0.145,0.013333
15-1241.01,0.655,0.016667,0,0.076667,0.09,0.166667,0.071667,0.04,0.093333,0.131667,0.088333,0.163333,0.328333,0.14,0.028333,0.023333,0.046667,0.038333,0.145,0.033333,0,0.01,0,0,0.831667,0.15,0.013333,0.008333,0.04,0.026667,0.413333,0.838333,0.021667,0.026667,0,0,0.015,0.058333,0,0.125,0.018333
15-1242.00,0.135,0.043333,0,0.061667,0.058333,0.085,0.02,0.021667,0.075,0.155,0.106667,0.255,0.441667,0.08,0.01,0.036667,0,0,0,0.058333,0,0,0,0,0.146667,0.05,0.016667,0.041667,0.03,0,0.365,0.945,0,0,0,0,0.011667,0.023333,0,0.13,0.013333
15-1243.00,0.073333,0.031667,0,0.015,0.021667,0.108333,0.013333,0.021667,0.075,0.166667,0.046667,0.098333,0.298333,0.07,0.005,0.018333,0,0,0,0.006667,0,0,0,0,0.195,0.058333,0.025,0.018333,0.021667,0.005,0.503333,0.938333,0.021667,0.016667,0,0,0.018333,0.02,0,0.056667,0.005
15-1243.01,0.078333,0.048333,0,0.015,0.021667,0.148333,0.02,0.016667,0.136667,0.218333,0.058333,0.25,0.298333,0.085,0.005,0,0,0,0,0.013333,0,0,0,0,0.195,0.043333,0.021667,0.036667,0.04,0.01,0.42,0.93,0.018333,0.016667,0,0,0.023333,0.023333,0,0.046667,0.013333
15-1244.00,0.491667,0.031667,0,0.103333,0.058333,0.093333,0.051667,0.025,0.07,0.103333,0.1,0.163333,0.333333,0.1,0.005,0.036667,0.005,0.01,0.051667,0.08,0,0,0,0,0.36,0.061667,0,0.013333,0.035,0.005,0.235,0.93,0,0,0,0,0.018333,0.028333,0,0.105,0.021667
15-1251.00,0.135,0.031667,0,0.03,0.023333,0.055,0.013333,0.035,0.07,0.143333,0.046667,0.206667,0.171667,0.065,0.01,0.006667,0,0,0,0.02,0,0,0,0,0.273333,0.07,0.066667,0.07,0.04,0.026667,0.528333,0.976667,0.05,0.04,0.003333,0.003333,0.046667,0.045,0,0.09,0.008333
15-1252.00,0.298333,0.021667,0,0.04,0.021667,0.066667,0.033333,0.035,0.07,0.148333,0.041667,0.131667,0.22,0.1,0.013333,0.023333,0,0.01,0,0.02,0,0,0,0,0.605,0.118333,0.035,0.041667,0.04,0.02,0.678333,0.938333,0.033333,0.058333,0.006667,0.011667,0.051667,0.05,0,0.07,0.016667
15-1253.00,0.225,0.016667,0,0.015,0.021667,0.035,0.01,0.013333,0.033333,0.12,0.058333,0.168333,0.203333,0.065,0,0.023333,0,0,0.003333,0.026667,0,0,0,0,0.483333,0.061667,0,0.013333,0.03,0.015,0.371667,0.915,0.021667,0.021667,0,0,0.023333,0.023333,0,0.056667,0.005
15-1254.00,0.118333,0.016667,0,0.055,0.023333,0.073333,0.051667,0.13,0.046667,0.085,0.046667,0.101667,0.198333,0.085,0.023333,0.023333,0,0,0,0.013333,0,0,0,0,0.168333,0.046667,0.005,0.008333,0.043333,0.046667,0.278333,0.93,0.243333,0.258333,0.015,0.015,0.085,0.228333,0,0.07,0.013333
15-1255.01,0.068333,0,0,0.025,0.065,0.143333,0.06,0.233333,0.025,0.04,0.083333,0.11,0.34,0.235,0.033333,0.018333,0,0,0,0,0,0.003333,0,0.028333,0.168333,0.046667,0.025,0.005,0.16,0.123333,0.256667,0.598333,0.8,0.883333,0.253333,0.16,0.89,0.77,0.045,0.103333,0.016667
15-1299.01,0.215,0.031667,0,0.061667,0.04,0.216667,0.121667,0.211667,0.078333,0.115,0.106667,0.14,0.436667,0.09,0.028333,0.036667,0,0,0,0.118333,0,0,0,0,0.163333,0.05,0.008333,0.008333,0.048333,0.051667,0.198333,0.923333,0.075,0.111667,0.01,0.003333,0.06,0.213333,0,0.056667,0.018333
15-1299.02,0.253333,0.043333,0,0.055,0.071667,0.055,0.026667,0.048333,0.033333,0.091667,0.046667,0.245,0.15,0.12,0.028333,0.023333,0.01,0.005,0.02,0.053333,0.081667,0.168333,0.008333,0,0.421667,0.255,0.138333,0.085,0.12,0.111667,0.575,0.861667,0.138333,0.131667,0.006667,0,0.035,0.071667,0,0.135,0.016667
15-1299.03,0.043333,0.103333,0,0.055,0.028333,0.07,0.03,0.038333,0.078333,0.178333,0.148333,0.798333,0.358333,0.08,0.058333,0.311667,0,0,0.006667,0.033333,0,0,0,0,0.048333,0.011667,0.025,0.065,0.081667,0.08,0.108333,0.773333,0.015,0.026667,0,0,0.035,0.05,0,0.08,0.018333
15-1299.05,0.398333,0.031667,0,0.035,0.035,0.073333,0.03,0.021667,0.093333,0.091667,0.058333,0.153333,0.276667,0.11,0.028333,0.115,0,0,0.006667,0.341667,0,0,0,0,0.515,0.05,0.008333,0.005,0.04,0.01,0.285,0.93,0.006667,0,0,0,0.023333,0.02,0,0.103333,0.016667
15-1299.08,0.46,0.038333,0,0.061667,0.071667,0.116667,0.051667,0.025,0.093333,0.091667,0.058333,0.158333,0.34,0.186667,0.028333,0.041667,0.01,0,0.02,0.053333,0,0,0,0,0.711667,0.105,0.025,0.031667,0.026667,0.031667,0.433333,0.93,0.021667,0.035,0.003333,0,0.03,0.036667,0,0.135,0.016667
15-1299.09,0.103333,0.055,0,0.086667,0.125,0.621667,0.153333,0.081667,0.295,0.303333,0.281667,0.401667,0.88,0.343333,0.088333,0.078333,0,0,0,0.026667,0,0,0,0,0.195,0.046667,0.025,0.023333,0.091667,0.031667,0.251667,0.611667,0.015,0.021667,0.003333,0,0.026667,0.063333,0,0.135,0.028333
15-2011.00,0.01,0.043333,0,0.03,0.09,0.27,0.095,0.053333,0.728333,0.578333,0.136667,0.166667,0.328333,0.308333,0.165,0.268333,0,0,0,0.006667,0,0,0,0,0.028333,0.058333,0.04,0.085,0.12,0.015,0.92,0.316667,0,0,0,0,0.015,0.02,0,0.095,0.018333
15-2021.00,0.063333,0.038333,0,0.01,0.061667,0.035,0.02,0.025,0.166667,0.178333,0.023333,0.106667,0.078333,0.181667,0.018333,0.036667,0,0,0,0.02,0.005,0.003333,0,0,0.336667,0.346667,0.168333,0.23,0.096667,0.058333,1,0.475,0.03,0.035,0.01,0.003333,0.06,0.063333,0,0.176667,0.013333
15-2031.00,0.038333,0.103333,0,0.025,0.055,0.286667,0.03,0.038333,0.273333,0.296667,0.065,0.266667,0.3,0.241667,0.088333,0.041667,0,0,0,0.026667,0.005,0.006667,0,0.005,0.185,0.096667,0.053333,0.08,0.115,0.026667,0.903333,0.425,0.021667,0.016667,0,0,0.018333,0.033333,0,0.14,0.016667
15-2041.00,0.033333,0.188333,0,0.015,0.023333,0.125,0.01,0.053333,0.295,0.285,0.065,0.25,0.166667,0.23,0.058333,0.048333,0,0,0,0.02,0.05,0.025,0.003333,0.018333,0.131667,0.058333,0.243333,0.35,0.24,0.036667,1,0.513333,0.015,0.013333,0.003333,0,0.023333,0.071667,0,0.16,0.021667
15-2041.01,0.028333,0.473333,0,0.02,0.048333,0.033333,0.01,0.021667,0.056667,0.166667,0.046667,0.196667,0.155,0.213333,0.033333,0.023333,0,0,0,0.006667,0.013333,0.01,0,0,0.063333,0.168333,0.653333,0.725,0.25,0.046667,0.991667,0.52,0.021667,0,0.006667,0,0.046667,0.063333,0,0.23,0.035
15-2051.01,0.028333,0.048333,0,0.051667,0.058333,0.495,0.15,0.228333,0.575,0.553333,0.125,0.508333,0.351667,0.186667,0.098333,0.073333,0,0,0,0.026667,0.005,0,0,0,0.048333,0.033333,0.025,0.026667,0.25,0.058333,0.686667,0.743333,0.03,0.026667,0.003333,0,0.06,0.066667,0,0.046667,0.013333
15-2051.02,0.018333,0.498333,0,0.04,0.031667,0.116667,0.023333,0.013333,0.078333,0.225,0.125,0.735,0.441667,0.095,0.013333,0.041667,0,0,0,0.006667,0,0,0.003333,0,0.058333,0.093333,0.356667,0.478333,0.15,0.031667,0.708333,0.673333,0,0,0,0,0.018333,0.023333,0,0.09,0.041667
15-2099.01,0.145,0.333333,0,0.015,0.016667,0.006667,0,0,0.008333,0.131667,0.046667,0.266667,0.068333,0.046667,0,0,0,0,0,0,0.015,0,0.003333,0,0.29,0.3,0.688333,0.661667,0.081667,0.046667,0.743333,0.838333,0.021667,0.013333,0,0,0.035,0.016667,0,0.055,0.01
17-1011.00,0.186667,0.016667,0.01,0.103333,0.116667,0.181667,0.145,0.211667,0.103333,0.143333,0.118333,0.126667,0.34,0.32,0.138333,0.213333,0.385,0.031667,0.031667,0.046667,0.013333,0.1,0,0,0.658333,0.173333,0.043333,0.026667,0.091667,0.15,0.301667,0.283333,0.543333,0.698333,0.078333,0.023333,0.14,0.136667,0.013333,0.095,0.028333
17-1012.00,0.088333,0.016667,0,0.135,0.085,0.143333,0.135,0.155,0.098333,0.085,0.058333,0.115,0.34,0.291667,0.176667,0.146667,0.25,0.071667,0.108333,0.038333,0.186667,0.766667,0.003333,0.028333,0.371667,0.163333,0.21,0.031667,0.096667,0.111667,0.218333,0.206667,0.488333,0.608333,0.028333,0,0.093333,0.176667,0.02,0.1,0.035
17-1021.00,0.203333,0.005,0,0.01,0.005,0.03,0.003333,0.025,0.011667,0.068333,0,0.245,0.113333,0.046667,0.073333,0.11,0.01,0.038333,0.035,0.02,0.043333,0.198333,0,0,0.313333,0.266667,0.043333,0.013333,0.086667,0.116667,0.63,0.585,0.223333,0.198333,0.003333,0,0.023333,0.08,0,0.026667,0.013333
17-1022.00,0.198333,0,0,0.045,0.011667,0.03,0.016667,0,0.025,0.096667,0.046667,0.186667,0.198333,0.08,0.038333,0.318333,0.193333,0.1,0.205,0.026667,0.066667,0.36,0,0.01,0.476667,0.168333,0.025,0,0.081667,0.031667,0.503333,0.168333,0.015,0.016667,0,0,0.015,0.011667,0,0.065,0.016667
17-1022.01,0.276667,0,0,0.03,0.023333,0.018333,0.006667,0.005,0.016667,0.085,0.046667,0.163333,0.198333,0.08,0.018333,0.03,0.036667,0.128333,0.16,0.006667,0.026667,0.285,0,0,0.611667,0.448333,0.03,0,0.04,0.02,0.758333,0.351667,0.021667,0.021667,0,0,0.011667,0.011667,0,0.08,0.003333
17-2011.00,0.595,0.005,0,0.015,0.023333,0.066667,0.023333,0.013333,0.051667,0.096667,0.053333,0.123333,0.293333,0.11,0.048333,0.055,0.041667,0.116667,0.058333,0.02,0,0.018333,0,0,0.978333,0.751667,0.053333,0.046667,0.021667,0.01,0.751667,0.468333,0.041667,0.058333,0,0,0.043333,0.023333,0,0.036667,0.003333
17-2021.00,0.621667,0.021667,0,0.045,0.065,0.073333,0.048333,0.048333,0.065,0.155,0.053333,0.118333,0.288333,0.208333,0.073333,0.03,0.266667,0.26,0.136667,0.026667,0.718333,0.638333,0.09,0,0.903333,0.501667,0.486667,0.1,0.053333,0.031667,0.408333,0.295,0.041667,0.053333,0,0,0.018333,0.05,0.038333,0.165,0.025
17-2031.00,0.455,0.516667,0,0.045,0.065,0.063333,0.03,0.038333,0.046667,0.091667,0.083333,0.115,0.27,0.186667,0.028333,0.061667,0.025,0.021667,0.046667,0.006667,0.06,0.025,0.063333,0.015,0.903333,0.58,0.865,0.946667,0.1,0.031667,0.686667,0.531667,0.046667,0.078333,0,0,0.035,0.053333,0,0.165,0.048333
17-2041.00,0.416667,0.043333,0,0,0.011667,0.063333,0.02,0.005,0.051667,0.108333,0.023333,0.11,0.198333,0.08,0.018333,0.023333,0.025,0.105,0.066667,0.033333,0.026667,0.021667,0,0,0.933333,0.871667,0.205,0.155,0.016667,0,0.671667,0.288333,0.021667,0.026667,0,0,0.023333,0.016667,0.006667,0.041667,0.003333
17-2051.00,0.248333,0.016667,0,0.045,0.035,0.121667,0.041667,0.04,0.106667,0.178333,0.053333,0.145,0.436667,0.241667,0.16,0.225,0.445,0.213333,0.131667,0.111667,0.066667,0.273333,0.003333,0,0.97,0.371667,0.061667,0.026667,0.053333,0.031667,0.575,0.306667,0.058333,0.068333,0,0,0.038333,0.036667,0,0.07,0.021667
17-2051.01,0.288333,0.005,0,0.045,0.023333,0.1,0.036667,0.043333,0.098333,0.195,0.065,0.148333,0.328333,0.251667,0.186667,0.176667,0.193333,0.19,0.046667,0.08,0.015,0.16,0,0.005,0.888333,0.208333,0.021667,0.008333,0.066667,0.031667,0.49,0.278333,0.046667,0.068333,0,0,0.018333,0.041667,0,0.075,0.025
17-2061.00,0.738333,0.021667,0,0.015,0.023333,0.058333,0.036667,0.038333,0.046667,0.068333,0.053333,0.101667,0.186667,0.085,0.013333,0.018333,0.01,0.026667,0.055,0.013333,0,0,0,0,0.926667,0.383333,0.03,0.041667,0.013333,0.01,0.463333,0.883333,0.041667,0.048333,0.003333,0,0.023333,0.028333,0,0.08,0.016667
17-2071.00,0.786667,0.026667,0,0.03,0.028333,0.116667,0.066667,0.035,0.093333,0.143333,0.053333,0.148333,0.328333,0.12,0.023333,0.055,0.11,0.06,0.066667,0.033333,0.01,0.021667,0,0,0.933333,0.475,0.048333,0.041667,0.026667,0.02,0.568333,0.288333,0.046667,0.068333,0,0.003333,0.023333,0.023333,0,0.07,0.008333
17-2072.00,0.786667,0.053333,0,0.015,0.028333,0.076667,0.033333,0.025,0.033333,0.068333,0.035,0.131667,0.236667,0.115,0.018333,0.018333,0.025,0.05,0.046667,0.013333,0.006667,0.003333,0,0,0.941667,0.408333,0.066667,0.12,0.016667,0.015,0.476667,0.52,0.041667,0.058333,0,0.015,0.023333,0.023333,0,0.07,0.008333
17-2072.01,0.641667,0.016667,0,0.03,0.011667,0.063333,0.041667,0.025,0.051667,0.096667,0.053333,0.158333,0.181667,0.07,0,0,0.02,0.043333,0.07,0.02,0.006667,0,0,0,0.766667,0.163333,0.025,0.023333,0.013333,0.005,0.36,0.861667,0.011667,0.026667,0,0,0.011667,0.011667,0,0.07,0.008333
17-2081.00,0.31,0.07,0,0.045,0.121667,0.096667,0.045,0.058333,0.093333,0.195,0.083333,0.131667,0.37,0.251667,0.253333,0.311667,0.148333,0.126667,0.063333,0.111667,0.131667,0.473333,0.011667,0,0.845,0.686667,0.423333,0.176667,0.145,0.041667,0.541667,0.395,0.026667,0.026667,0.003333,0,0.046667,0.095,0,0.135,0.048333
17-2111.00,0.43,0.176667,0,0.055,0.211667,0.081667,0.045,0.038333,0.078333,0.136667,0.233333,0.191667,0.288333,0.28,0.133333,0.323333,0.245,0.178333,0.095,0.26,0.036667,0.036667,0.003333,0.023333,0.685,0.461667,0.195,0.315,0.196667,0.026667,0.378333,0.283333,0.018333,0.021667,0,0,0.018333,0.05,0.02,0.213333,0.08
17-2111.02,0.423333,0.053333,0,0.076667,0.135,0.076667,0.048333,0.035,0.038333,0.08,0.113333,0.131667,0.276667,0.308333,0.113333,0.3,0.243333,0.065,0.066667,0.505,0.005,0.045,0,0,0.866667,0.523333,0.085,0.085,0.09,0.026667,0.301667,0.261667,0.021667,0.031667,0,0,0.023333,0.045,0,0.208333,0.055
17-2112.00,0.418333,0.021667,0,0.035,0.031667,0.21,0.071667,0.04,0.166667,0.285,0.136667,0.223333,0.381667,0.166667,0.038333,0.023333,0.186667,0.138333,0.046667,0.038333,0.01,0,0,0,0.766667,0.168333,0.061667,0.07,0.096667,0.01,0.608333,0.283333,0.021667,0.045,0,0,0.015,0.02,0.013333,0.09,0.008333
17-2112.01,0.37,0.205,0,0.071667,0.125,0.081667,0.036667,0.053333,0.033333,0.068333,0.155,0.135,0.231667,0.203333,0.038333,0.048333,0.095,0.133333,0.075,0.053333,0.015,0.025,0,0.063333,0.678333,0.178333,0.148333,0.191667,0.52,0.085,0.561667,0.405,0.066667,0.136667,0.015,0.011667,0.055,0.055,0.006667,0.165,0.051667
17-2112.02,0.393333,0.121667,0,0.03,0.02,0.058333,0.016667,0.005,0.043333,0.166667,0.053333,0.186667,0.22,0.09,0.01,0.085,0.036667,0.05,0.066667,0.033333,0.015,0,0,0,0.691667,0.293333,0.253333,0.1,0.04,0.01,0.445,0.318333,0.006667,0.005,0,0,0.015,0.011667,0.013333,0.08,0.01
17-2112.03,0.595,0.016667,0,0.01,0.026667,0.143333,0.041667,0.025,0.103333,0.19,0.125,0.135,0.281667,0.145,0.023333,0.023333,0.21,0.15,0.126667,0.02,0.015,0.018333,0,0,0.888333,0.228333,0.085,0.041667,0.035,0.01,0.413333,0.278333,0.033333,0.073333,0,0,0.023333,0.02,0.006667,0.09,0.003333
17-2121.00,0.595,0.01,0,0.025,0.023333,0.121667,0.036667,0.013333,0.093333,0.16,0.053333,0.123333,0.316667,0.085,0.038333,0.103333,0.21,0.225,0.1,0.033333,0,0.081667,0,0.01,0.933333,0.421667,0.048333,0.031667,0.03,0.031667,0.588333,0.216667,0.058333,0.063333,0,0,0.018333,0.023333,0,0.046667,0.005
17-2131.00,0.473333,0.016667,0,0.025,0.026667,0.088333,0.051667,0.04,0.078333,0.085,0.046667,0.123333,0.321667,0.198333,0.028333,0.018333,0.181667,0.083333,0.105,0.006667,0.006667,0.033333,0,0,0.903333,0.835,0.1,0.115,0.026667,0.026667,0.528333,0.228333,0.046667,0.058333,0.003333,0,0.043333,0.063333,0,0.1,0.005
17-2141.00,0.821667,0.026667,0,0.03,0.031667,0.07,0.051667,0.021667,0.056667,0.085,0.053333,0.148333,0.236667,0.11,0.023333,0.025,0.226667,0.208333,0.095,0.026667,0.036667,0.033333,0.008333,0.015,0.963333,0.365,0.038333,0.08,0.013333,0.02,0.433333,0.278333,0.05,0.073333,0,0,0.018333,0.023333,0.006667,0.07,0.01
17-2141.01,0.688333,0,0,0.01,0.015,0.085,0.026667,0.016667,0.025,0.051667,0.011667,0.095,0.155,0.08,0.028333,0.006667,0.025,0.105,0.118333,0,0,0,0,0,0.941667,0.785,0.105,0.07,0,0,0.651667,0.243333,0.011667,0.031667,0,0,0.011667,0.023333,0,0.031667,0.003333
17-2141.02,0.786667,0,0,0.005,0.013333,0.066667,0.03,0.025,0.025,0.051667,0.053333,0.11,0.281667,0.105,0.038333,0.018333,0.056667,0.243333,0.038333,0.006667,0.001667,0.01,0,0,0.978333,0.421667,0.043333,0.031667,0.03,0.02,0.476667,0.443333,0.021667,0.106667,0,0,0.03,0.033333,0,0.046667,0.005
17-2151.00,0.351667,0.021667,0,0.015,0.028333,0.091667,0.026667,0.021667,0.065,0.236667,0.106667,0.126667,0.375,0.12,0.073333,0.061667,0.095,0.253333,0.17,0.246667,0.018333,0.268333,0,0.018333,0.83,0.678333,0.056667,0.023333,0.04,0.005,0.483333,0.255,0.021667,0.021667,0,0,0.018333,0.02,0,0.07,0.013333
17-2161.00,0.576667,0.031667,0,0.01,0.026667,0.063333,0.013333,0.021667,0.06,0.085,0.053333,0.14,0.293333,0.186667,0.113333,0.261667,0.041667,0.055,0.058333,0.195,0.001667,0.028333,0,0,0.941667,0.88,0.128333,0.135,0.063333,0.02,0.693333,0.3,0.018333,0.021667,0,0,0.023333,0.023333,0,0.1,0.008333
17-2171.00,0.375,0,0,0.01,0.04,0.138333,0.033333,0.008333,0.176667,0.213333,0.071667,0.126667,0.358333,0.135,0.073333,0.115,0.02,0.161667,0.096667,0.026667,0.006667,0.126667,0,0,0.903333,0.718333,0.061667,0.023333,0.04,0.01,0.651667,0.278333,0.018333,0.016667,0,0,0.015,0.023333,0,0.056667,0.005
17-2199.03,0.473333,0.026667,0,0.076667,0.113333,0.2,0.116667,0.061667,0.196667,0.296667,0.088333,0.158333,0.281667,0.11,0.128333,0.066667,0.278333,0.071667,0.063333,0.013333,0.023333,0.086667,0,0,0.866667,0.39,0.08,0.031667,0.066667,0.015,0.555,0.34,0.026667,0.045,0,0,0.023333,0.036667,0,0.125,0.025
17-2199.05,0.815,0.021667,0,0.015,0.033333,0.048333,0.02,0.021667,0.038333,0.085,0.041667,0.115,0.225,0.085,0,0.018333,0.083333,0.19,0.07,0.006667,0.036667,0,0.008333,0,0.933333,0.435,0.071667,0.08,0.008333,0,0.496667,0.538333,0.05,0.081667,0.003333,0.003333,0.018333,0.016667,0,0.07,0.003333
17-2199.06,0.601667,0.01,0,0.01,0.015,0.041667,0.01,0.013333,0.025,0.063333,0.018333,0.11,0.135,0.105,0,0.006667,0.01,0.026667,0.028333,0,0,0,0,0,0.926667,0.603333,0.075,0.095,0,0,0.651667,0.558333,0.021667,0.053333,0,0,0.023333,0.011667,0,0.056667,0.003333
17-2199.07,0.615,0.021667,0,0.005,0.02,0.03,0.02,0.016667,0.021667,0.028333,0.03,0.11,0.108333,0.08,0.01,0.006667,0.005,0.043333,0.055,0,0.001667,0,0,0,0.933333,0.835,0.085,0.105,0,0.005,0.596667,0.425,0.045,0.068333,0,0.003333,0.023333,0.023333,0,0.07,0.003333
17-2199.08,0.8,0.055,0,0.01,0.016667,0.055,0.02,0.016667,0.033333,0.04,0.053333,0.078333,0.155,0.08,0.013333,0.018333,0.051667,0.145,0.083333,0.02,0.006667,0.006667,0.003333,0,0.941667,0.328333,0.105,0.095,0.026667,0.005,0.63,0.695,0.03,0.053333,0,0,0.023333,0.008333,0.006667,0.06,0.008333
17-2199.09,0.536667,0.086667,0,0.015,0.043333,0.108333,0.051667,0.048333,0.046667,0.068333,0.046667,0.11,0.293333,0.225,0.028333,0.018333,0.02,0.026667,0.043333,0,0.006667,0,0,0,0.933333,0.853333,0.423333,0.208333,0.035,0.005,0.636667,0.358333,0.045,0.073333,0,0,0.023333,0.041667,0,0.123333,0.008333
17-3011.00,0.231667,0.005,0,0.045,0.02,0.026667,0.013333,0.025,0.025,0.091667,0.035,0.181667,0.16,0.08,0.028333,0.041667,0.313333,0.031667,0.063333,0.02,0.015,0.108333,0,0,0.766667,0.135,0.008333,0,0.035,0.046667,0.42,0.436667,0.425,0.471667,0.015,0,0.046667,0.076667,0.006667,0.065,0.008333
17-3012.00,0.478333,0.016667,0,0.015,0.01,0.023333,0.013333,0.005,0.011667,0.05,0.023333,0.181667,0.083333,0.041667,0,0.018333,0.068333,0.01,0.02,0.013333,0,0.003333,0,0,0.795,0.153333,0,0.008333,0,0.015,0.268333,0.376667,0.096667,0.116667,0,0,0.023333,0.011667,0,0.041667,0
17-3013.00,0.441667,0.005,0,0.02,0.01,0.01,0.013333,0.013333,0.003333,0.073333,0.018333,0.115,0.073333,0.041667,0,0,0.198333,0.043333,0.016667,0,0.015,0.006667,0,0,0.831667,0.188333,0.013333,0.013333,0.005,0.005,0.295,0.358333,0.186667,0.193333,0.003333,0,0.018333,0.036667,0,0.046667,0
17-3021.00,0.865,0,0,0.015,0.011667,0.018333,0.013333,0,0.008333,0.08,0.035,0.098333,0.078333,0.041667,0,0,0.046667,0.196667,0.261667,0.033333,0,0.01,0,0,0.896667,0.475,0.021667,0.018333,0,0,0.445,0.538333,0.006667,0.005,0,0,0.006667,0.016667,0,0.055,0
17-3022.00,0.265,0,0,0.03,0.015,0.033333,0.02,0.008333,0.038333,0.155,0.035,0.228333,0.181667,0.07,0.023333,0.036667,0.336667,0.22,0.141667,0.038333,0.043333,0.173333,0,0,0.888333,0.3,0.043333,0.026667,0.04,0.005,0.528333,0.295,0.061667,0.068333,0,0,0.023333,0.028333,0,0.046667,0.013333
17-3023.00,0.865,0.031667,0,0.04,0.02,0.03,0.02,0.013333,0.025,0.108333,0.053333,0.126667,0.135,0.075,0.01,0.018333,0.056667,0.043333,0.198333,0.026667,0.005,0.003333,0,0,0.963333,0.403333,0.038333,0.041667,0.016667,0.005,0.401667,0.45,0.03,0.04,0,0.015,0.015,0.02,0,0.07,0.016667
17-3024.00,0.933333,0.016667,0,0,0.001667,0.006667,0,0,0,0.04,0.011667,0.09,0.063333,0.026667,0,0,0.051667,0.213333,0.273333,0.038333,0.063333,0.081667,0.011667,0,0.888333,0.173333,0.066667,0.075,0,0,0.306667,0.381667,0.038333,0.04,0,0,0.006667,0.011667,0,0.031667,0
17-3024.01,0.97,0.01,0,0.015,0.01,0.018333,0.013333,0,0,0.033333,0.035,0.04,0.058333,0.041667,0,0,0.051667,0.126667,0.313333,0,0.006667,0,0,0,0.866667,0.173333,0.03,0.026667,0,0,0.263333,0.578333,0.003333,0.016667,0,0,0.006667,0.008333,0,0.08,0.003333
17-3025.00,0.466667,0.038333,0,0.03,0.006667,0.015,0.013333,0.005,0.038333,0.155,0.03,0.196667,0.088333,0.055,0.043333,0.091667,0.061667,0.173333,0.341667,0.111667,0.131667,0.46,0.011667,0,0.816667,0.671667,0.288333,0.135,0.048333,0.02,0.445,0.245,0.033333,0.021667,0,0,0.018333,0.016667,0,0.026667,0.016667
17-3026.00,0.448333,0.026667,0,0.03,0.026667,0.066667,0.02,0.013333,0.07,0.155,0.076667,0.135,0.181667,0.075,0.005,0.011667,0.121667,0.161667,0.108333,0.038333,0.01,0.006667,0,0,0.795,0.193333,0.043333,0.041667,0.043333,0.01,0.433333,0.33,0.021667,0.026667,0,0,0.006667,0.016667,0.013333,0.036667,0.016667
17-3026.01,0.615,0.031667,0,0.015,0.013333,0.03,0.01,0.016667,0.03,0.08,0.03,0.083333,0.078333,0.115,0,0.018333,0.01,0.055,0.165,0.02,0,0,0,0,0.896667,0.81,0.216667,0.181667,0.005,0.005,0.396667,0.238333,0.021667,0.026667,0,0,0.018333,0.023333,0,0.08,0
17-3027.00,0.865,0.016667,0,0.01,0.01,0.018333,0.016667,0,0.025,0.061667,0.03,0.131667,0.078333,0.046667,0,0,0.203333,0.168333,0.23,0,0.023333,0.01,0,0,0.963333,0.41,0.035,0.07,0.005,0,0.42,0.243333,0.058333,0.063333,0,0,0.023333,0.02,0,0.036667,0
17-3027.01,0.873333,0,0,0.01,0.006667,0.026667,0.013333,0,0,0.04,0.006667,0.11,0.058333,0.026667,0,0,0.036667,0.266667,0.241667,0.013333,0,0,0,0,0.911667,0.39,0.043333,0.046667,0.013333,0,0.33,0.3,0.018333,0.026667,0,0,0,0.011667,0,0.036667,0
17-3029.01,0.681667,0.026667,0,0.025,0.016667,0.006667,0.003333,0,0.011667,0.05,0.041667,0.075,0.073333,0.046667,0.005,0.011667,0.148333,0.173333,0.268333,0.111667,0.001667,0.036667,0,0,0.803333,0.51,0.03,0.085,0.016667,0,0.313333,0.221667,0.021667,0.013333,0,0,0.006667,0.02,0,0.075,0.008333
17-3029.08,0.843333,0.01,0,0.015,0.006667,0.01,0.01,0,0,0.045,0.006667,0.098333,0.048333,0.026667,0,0,0.02,0.038333,0.2,0,0,0,0,0,0.873333,0.663333,0.075,0.08,0,0,0.353333,0.323333,0.018333,0.008333,0,0,0.011667,0,0,0.05,0
17-3031.00,0.281667,0,0,0.015,0,0.011667,0,0,0.011667,0.085,0.006667,0.176667,0.063333,0.026667,0.028333,0.018333,0.126667,0.133333,0.22,0.006667,0.06,0.306667,0,0,0.465,0.173333,0.038333,0,0.058333,0.046667,0.408333,0.406667,0.083333,0.048333,0,0,0.011667,0.023333,0,0.023333,0
19-1011.00,0.093333,0.071667,0,0.045,0.116667,0.063333,0.075,0.066667,0.016667,0.061667,0.071667,0.075,0.145,0.303333,0.033333,0.018333,0.01,0.066667,0.118333,0,0.718333,0.215,0.261667,0.005,0.1,0.218333,0.905,0.485,0.1,0.036667,0.521667,0.113333,0.011667,0.005,0.006667,0,0.038333,0.076667,0.045,0.191667,0.018333
19-1012.00,0.176667,0.115,0,0.045,0.023333,0.085,0.06,0.1,0.041667,0.085,0.053333,0.11,0.226667,0.15,0.088333,0.145,0,0.031667,0.086667,0.058333,0.238333,0.033333,0.025,0.01,0.438333,0.718333,0.783333,0.263333,0.095,0.036667,0.365,0.148333,0.03,0.063333,0.01,0,0.023333,0.033333,0.286667,0.08,0.018333
19-1013.00,0.135,0.016667,0,0.03,0.13,0.033333,0.02,0.021667,0.011667,0.028333,0.023333,0.058333,0.155,0.286667,0.073333,0.023333,0.025,0.083333,0.193333,0,0.83,0.813333,0.025,0,0.285,0.871667,0.896667,0.181667,0.048333,0.046667,0.508333,0.163333,0.021667,0.016667,0,0,0.035,0.058333,0.038333,0.235,0.018333
19-1021.00,0.3,0.235,0,0.01,0.075,0.023333,0.01,0.025,0.008333,0.028333,0.046667,0.055,0.181667,0.23,0.033333,0.018333,0.01,0.01,0.063333,0.013333,0.07,0.06,0.05,0.005,0.313333,0.81,0.936667,0.878333,0.076667,0.026667,0.693333,0.168333,0.03,0.013333,0.006667,0,0.051667,0.071667,0.02,0.285,0.016667
19-1022.00,0.176667,0.493333,0,0.015,0.021667,0.023333,0.006667,0.005,0.003333,0.051667,0.053333,0.098333,0.108333,0.08,0.028333,0.03,0,0.016667,0.095,0.04,0.118333,0.081667,0.058333,0,0.173333,0.316667,1,0.915,0.048333,0.026667,0.313333,0.18,0.018333,0.005,0,0,0.023333,0.023333,0.045,0.125,0.031667
19-1023.00,0.088333,0.06,0,0.081667,0.081667,0.038333,0.026667,0.08,0.038333,0.085,0.076667,0.106667,0.276667,0.373333,0.181667,0.183333,0.03,0.161667,0.268333,0.111667,0.36,0.923333,0.413333,0.028333,0.131667,0.153333,0.968333,0.315,0.145,0.068333,0.496667,0.168333,0.041667,0.026667,0.011667,0,0.071667,0.191667,0.006667,0.268333,0.061667
19-1029.01,0.176667,0.335,0,0.01,0.021667,0.023333,0.003333,0.013333,0.011667,0.113333,0.035,0.131667,0.14,0.208333,0.013333,0.011667,0,0,0,0,0.018333,0.006667,0.003333,0,0.301667,0.365,0.798333,0.781667,0.076667,0.036667,0.88,0.845,0.038333,0.016667,0.006667,0,0.043333,0.063333,0,0.095,0.013333
19-1029.02,0.22,0.246667,0,0.01,0.058333,0.055,0.006667,0.021667,0.038333,0.113333,0.058333,0.135,0.253333,0.213333,0.028333,0.018333,0,0.016667,0.095,0.02,0.07,0.01,0.025,0,0.183333,0.455,0.951667,0.931667,0.048333,0.015,0.508333,0.243333,0.015,0.013333,0,0,0.038333,0.045,0,0.258333,0.016667
19-1029.03,0.16,0.425,0,0.015,0.065,0.023333,0.01,0.016667,0.025,0.08,0.065,0.126667,0.21,0.246667,0.028333,0.018333,0,0,0.046667,0.006667,0.09,0.036667,0.036667,0,0.141667,0.508333,0.976667,0.931667,0.095,0.031667,0.7,0.376667,0.018333,0.021667,0.01,0,0.043333,0.066667,0,0.258333,0.048333
19-1029.04,0.103333,0.086667,0,0.04,0.065,0.058333,0.016667,0.038333,0.03,0.056667,0.088333,0.176667,0.281667,0.343333,0.145,0.078333,0,0.05,0.136667,0.04,0.293333,0.653333,0.313333,0.01,0.156667,0.271667,0.976667,0.615,0.13,0.051667,0.541667,0.266667,0.03,0.013333,0.01,0,0.063333,0.118333,0.013333,0.28,0.041667
19-1031.00,0.14,0.005,0,0.066667,0.171667,0.073333,0.051667,0.04,0.056667,0.091667,0.095,0.121667,0.281667,0.28,0.208333,0.195,0.073333,0.116667,0.16,0.073333,0.63,0.923333,0.086667,0.01,0.261667,0.461667,0.565,0.09,0.17,0.063333,0.348333,0.206667,0.026667,0.035,0.003333,0,0.023333,0.041667,0,0.256667,0.058333
19-1031.02,0.073333,0,0,0.055,0.153333,0.156667,0.06,0.035,0.056667,0.08,0.065,0.083333,0.418333,0.263333,0.213333,0.183333,0.148333,0.133333,0.256667,0.098333,0.941667,0.905,0.183333,0,0.151667,0.193333,0.578333,0.07,0.12,0.058333,0.225,0.098333,0.015,0.008333,0,0,0.023333,0.02,0,0.13,0.051667
19-1031.03,0.058333,0.038333,0.003333,0.566667,0.216667,0.051667,0.063333,0.211667,0.011667,0.033333,0.16,0.083333,0.293333,0.676667,0.088333,0.121667,0.121667,0.088333,0.21,0.311667,0.115,0.871667,0.143333,0.058333,0.068333,0.198333,0.375,0.075,0.228333,0.418333,0.078333,0.031667,0.288333,0.246667,0.141667,0.018333,0.23,0.388333,0.013333,0.683333,0.263333
19-1032.00,0.098333,0.005,0,0.045,0.093333,0.181667,0.15,0.035,0.126667,0.131667,0.095,0.148333,0.375,0.14,0.143333,0.213333,0.255,0.266667,0.235,0.118333,0.6,0.973333,0.055,0.01,0.195,0.183333,0.345,0.046667,0.086667,0.058333,0.246667,0.138333,0.015,0.005,0,0,0.018333,0.016667,0,0.108333,0.051667
19-1041.00,0.028333,0.468333,0,0.05,0.186667,0.073333,0.02,0.061667,0.041667,0.08,0.136667,0.145,0.34,0.503333,0.22,0.091667,0,0,0.006667,0.085,0.043333,0.045,0.09,0,0.048333,0.25,0.858333,0.946667,0.718333,0.106667,0.758333,0.295,0.015,0.005,0.006667,0,0.071667,0.136667,0.013333,0.421667,0.291667
19-1042.00,0.123333,0.511667,0,0.025,0.093333,0.02,0.013333,0.038333,0.03,0.08,0.076667,0.098333,0.15,0.263333,0.063333,0.03,0,0.01,0.075,0.033333,0.036667,0.018333,0.1,0.005,0.168333,0.53,0.936667,0.976667,0.175,0.058333,0.588333,0.185,0.021667,0.016667,0.006667,0,0.023333,0.076667,0,0.336667,0.085
19-2011.00,0.345,0,0,0.045,0.121667,0.03,0.02,0.071667,0.008333,0.056667,0.053333,0.09,0.155,0.373333,0.043333,0.011667,0.005,0.031667,0.051667,0.006667,0,0.048333,0,0,0.458333,1,0.071667,0.031667,0.086667,0.063333,0.871667,0.436667,0.075,0.058333,0.021667,0,0.085,0.208333,0,0.408333,0.035
19-2012.00,0.253333,0.093333,0,0.01,0.051667,0.023333,0.02,0.021667,0.025,0.056667,0.035,0.098333,0.073333,0.251667,0.058333,0.023333,0.01,0.01,0.031667,0.013333,0.005,0.033333,0,0,0.533333,0.971667,0.153333,0.15,0.053333,0.026667,0.896667,0.456667,0.046667,0.031667,0.015,0.003333,0.055,0.08,0,0.268333,0.016667
19-2021.00,0.198333,0.005,0,0.081667,0.061667,0.051667,0.03,0.08,0.038333,0.056667,0.065,0.126667,0.176667,0.391667,0.083333,0.018333,0,0.05,0.035,0.06,0.036667,0.173333,0,0.01,0.488333,0.971667,0.143333,0.08,0.09,0.041667,0.811667,0.52,0.053333,0.035,0.021667,0,0.093333,0.33,0,0.235,0.035
19-2031.00,0.236667,0.076667,0,0.01,0.015,0.026667,0.016667,0.013333,0.025,0.091667,0.035,0.11,0.118333,0.08,0.023333,0.023333,0,0.026667,0.145,0.02,0.036667,0.028333,0.008333,0,0.343333,0.971667,0.466667,0.485,0.026667,0.005,0.568333,0.238333,0.015,0.013333,0,0,0.018333,0.016667,0.025,0.095,0.008333
19-2032.00,0.31,0.031667,0,0.015,0.021667,0.035,0.03,0.021667,0.008333,0.051667,0.03,0.086667,0.13,0.135,0.013333,0.018333,0.056667,0.038333,0.083333,0,0.005,0.025,0,0,0.86,0.925,0.153333,0.135,0.021667,0.02,0.623333,0.25,0.03,0.053333,0,0,0.046667,0.033333,0,0.07,0.005
19-2041.00,0.155,0.211667,0,0.056667,0.156667,0.07,0.036667,0.066667,0.041667,0.108333,0.083333,0.158333,0.27,0.428333,0.258333,0.28,0.03,0.06,0.118333,0.19,0.223333,0.653333,0.058333,0,0.29,0.71,0.653333,0.258333,0.181667,0.031667,0.521667,0.255,0.026667,0.008333,0.006667,0,0.03,0.118333,0.02,0.251667,0.085
19-2042.00,0.26,0,0,0.015,0.036667,0.035,0.02,0.025,0.051667,0.068333,0.035,0.145,0.145,0.23,0.068333,0.041667,0.041667,0.161667,0.256667,0.02,0.081667,0.595,0,0,0.508333,0.916667,0.205,0.095,0.086667,0.106667,0.665,0.3,0.075,0.035,0,0,0.051667,0.076667,0,0.23,0.013333
19-2043.00,0.281667,0.016667,0,0.02,0.036667,0.03,0.02,0.021667,0.033333,0.068333,0.041667,0.168333,0.27,0.251667,0.108333,0.085,0.02,0.093333,0.17,0.046667,0.191667,0.668333,0.003333,0,0.476667,0.835,0.31,0.11,0.105,0.046667,0.73,0.3,0.038333,0.013333,0,0,0.046667,0.063333,0,0.105,0.025
19-2099.01,0.363333,0.021667,0,0.015,0.015,0.035,0.01,0.013333,0.025,0.051667,0.035,0.131667,0.215,0.14,0.048333,0.018333,0,0.076667,0.05,0.176667,0.201667,0.353333,0.011667,0,0.638333,0.71,0.2,0.1,0.105,0.046667,0.73,0.68,0.058333,0.04,0,0,0.023333,0.05,0,0.08,0.016667
19-3011.00,0.005,0.016667,0,0.025,0.166667,0.37,0.075,0.085,0.445,0.386667,0.058333,0.245,0.281667,0.471667,0.478333,0.275,0,0,0,0.026667,0.053333,0.006667,0,0,0.023333,0.093333,0.035,0.036667,0.945,0.128333,0.848333,0.255,0.015,0.008333,0.015,0,0.055,0.146667,0,0.235,0.038333
19-3022.00,0.005,0.048333,0.006667,0.076667,0.061667,0.125,0.051667,0.125,0.093333,0.155,0.148333,0.37,0.31,0.186667,0.155,0.06,0,0,0,0.006667,0.01,0.01,0,0,0.015,0.046667,0.08,0.11,0.711667,0.14,0.706667,0.26,0.026667,0.021667,0,0,0.038333,0.118333,0,0.105,0.055
19-3032.00,0.01,0.093333,0.003333,0.14,0.74,0.496667,0.24,0.19,0.111667,0.103333,0.751667,0.126667,0.601667,0.588333,0.16,0.28,0,0,0,0.038333,0,0,0,0.023333,0.015,0.033333,0.048333,0.085,0.828333,0.166667,0.521667,0.216667,0.018333,0.053333,0.018333,0,0.135,0.161667,0,0.355,0.236667
19-3033.00,0,0.788333,0.041667,0.268333,0.805,0.035,0.026667,0.048333,0.008333,0.04,0.131667,0.135,0.231667,0.326667,0.053333,0.11,0,0,0,0.078333,0,0,0.003333,0.018333,0,0.023333,0.153333,0.331667,0.953333,0.216667,0.225,0.031667,0.018333,0.026667,0.03,0.011667,0.076667,0.058333,0,0.51,0.915
19-3034.00,0.005,0.383333,0,0.338333,0.805,0.038333,0.023333,0.03,0.008333,0.051667,0.173333,0.218333,0.225,0.338333,0.073333,0.091667,0,0,0,0.125,0,0,0,0.018333,0,0.008333,0.075,0.171667,0.898333,0.206667,0.29,0.103333,0.021667,0.026667,0.011667,0.018333,0.063333,0.05,0,0.44,0.933333
19-3039.02,0.028333,0.87,0,0.173333,0.383333,0.015,0.02,0.021667,0.008333,0.021667,0.071667,0.118333,0.123333,0.213333,0.018333,0.061667,0,0,0,0.033333,0,0,0,0.015,0.023333,0.113333,0.71,0.781667,0.873333,0.123333,0.36,0.138333,0.021667,0.021667,0.011667,0.011667,0.06,0.05,0,0.44,0.618333
19-3039.03,0.028333,0.87,0.003333,0.146667,0.363333,0.018333,0.01,0.005,0.003333,0.033333,0.076667,0.11,0.113333,0.236667,0.01,0.073333,0,0,0,0.02,0,0,0,0.033333,0.043333,0.093333,0.675,0.753333,0.89,0.085,0.348333,0.123333,0.015,0,0.01,0.011667,0.043333,0.023333,0,0.428333,0.73
19-3041.00,0.01,0.171667,0.075,0.076667,0.191667,0.055,0.02,0.071667,0.038333,0.045,0.143333,0.055,0.171667,0.49,0.315,0.2,0,0,0,0.051667,0.006667,0.015,0,0,0.01,0.03,0.103333,0.225,0.968333,0.69,0.42,0.153333,0.061667,0.078333,0.036667,0.015,0.21,0.191667,0,0.465,0.356667
19-3051.00,0.033333,0.031667,0.003333,0.125,0.176667,0.286667,0.118333,0.175,0.171667,0.148333,0.136667,0.278333,0.563333,0.528333,0.466667,0.428333,0.046667,0.065,0.016667,0.038333,0.046667,0.273333,0,0.01,0.206667,0.118333,0.095,0.051667,0.488333,0.195,0.318333,0.233333,0.133333,0.136667,0.015,0,0.076667,0.161667,0,0.176667,0.171667
19-3091.00,0.068333,0.126667,0.07,0.05,0.126667,0.026667,0.013333,0.066667,0.011667,0.033333,0.053333,0.078333,0.118333,0.391667,0.155,0.085,0.036667,0.031667,0.195,0.078333,0.033333,0.306667,0.016667,0.01,0.078333,0.163333,0.248333,0.13,0.921667,0.943333,0.256667,0.163333,0.151667,0.131667,0.05,0.023333,0.258333,0.256667,0.038333,0.39,0.108333
19-3092.00,0.16,0.01,0.006667,0.04,0.061667,0.045,0.016667,0.048333,0.025,0.051667,0.018333,0.101667,0.14,0.275,0.165,0.023333,0,0.071667,0.083333,0.033333,0.173333,0.453333,0.011667,0,0.28,0.58,0.231667,0.08,0.6,0.34,0.555,0.43,0.123333,0.096667,0.01,0,0.093333,0.123333,0,0.268333,0.045
19-3093.00,0.01,0.005,0.038333,0.066667,0.061667,0.015,0.016667,0.085,0.021667,0.08,0.058333,0.166667,0.103333,0.308333,0.191667,0.165,0.01,0,0.02,0.026667,0.006667,0.033333,0.008333,0,0.015,0.026667,0.025,0.026667,0.755,0.958333,0.151667,0.098333,0.128333,0.136667,0.05,0.031667,0.373333,0.306667,0.013333,0.208333,0.058333
19-3094.00,0,0,0.025,0.03,0.176667,0.085,0.02,0.1,0.083333,0.033333,0.058333,0.065,0.145,0.446667,0.793333,0.341667,0,0,0,0.038333,0,0.006667,0,0,0,0.03,0.013333,0.023333,0.968333,0.723333,0.42,0.138333,0.033333,0.05,0.021667,0,0.195,0.266667,0,0.465,0.108333
19-3099.01,0.088333,0,0,0.061667,0.055,0.176667,0.036667,0.076667,0.103333,0.171667,0.076667,0.245,0.328333,0.385,0.333333,0.255,0.03,0.128333,0.02,0.038333,0.01,0.111667,0,0,0.421667,0.155,0.03,0.005,0.25,0.073333,0.643333,0.335,0.041667,0.053333,0.006667,0,0.018333,0.08,0,0.075,0.055
19-4012.00,0.398333,0.036667,0,0.01,0.015,0.02,0.013333,0,0.011667,0.061667,0.053333,0.055,0.145,0.026667,0.005,0,0.061667,0.633333,0.77,0,0.805,0.66,0.256667,0,0.25,0.238333,0.688333,0.235,0.071667,0.005,0.213333,0.04,0,0,0,0,0,0,0.038333,0.07,0.013333
19-4012.01,0.48,0,0,0.025,0.031667,0.063333,0.06,0.021667,0.038333,0.091667,0.03,0.123333,0.108333,0.1,0.013333,0.006667,0,0.306667,0.17,0,0.761667,0.473333,0,0,0.571667,0.36,0.4,0.07,0.035,0,0.636667,0.565,0.021667,0.008333,0,0,0.006667,0.023333,0.006667,0.113333,0.01
19-4013.00,0.181667,0.065,0,0.035,0.016667,0.023333,0.023333,0.008333,0.038333,0.155,0.053333,0.126667,0.145,0.041667,0.005,0.018333,0,0.043333,0.175,0.02,0.158333,0.006667,0.008333,0,0.228333,0.488333,0.545,0.22,0.053333,0,0.336667,0.163333,0.015,0.021667,0.003333,0,0.006667,0.008333,0.186667,0.075,0.016667
19-4021.00,0.34,0.251667,0,0.02,0.01,0,0.003333,0,0.003333,0.073333,0.041667,0.14,0.058333,0.031667,0,0,0,0.031667,0.198333,0.02,0.233333,0.203333,0.133333,0,0.206667,0.213333,0.858333,0.711667,0.081667,0.01,0.336667,0.255,0.011667,0,0,0,0.011667,0.003333,0.02,0.055,0.021667
19-4031.00,0.208333,0.081667,0,0.01,0.013333,0.006667,0.01,0,0.003333,0.085,0.041667,0.098333,0.068333,0.041667,0.005,0.011667,0,0.026667,0.195,0.026667,0.043333,0.025,0,0,0.385,0.861667,0.435,0.361667,0.035,0,0.365,0.158333,0.006667,0.005,0,0,0.018333,0.023333,0.025,0.07,0.01
19-4042.00,0.27,0.263333,0,0.071667,0.065,0.026667,0.023333,0.021667,0.011667,0.096667,0.046667,0.126667,0.113333,0.155,0.113333,0.165,0.02,0.178333,0.268333,0.221667,0.126667,0.493333,0.036667,0.005,0.39,0.648333,0.486667,0.32,0.11,0.026667,0.476667,0.206667,0.006667,0.005,0,0,0.023333,0.023333,0.02,0.085,0.088333
19-4043.00,0.43,0,0,0.01,0.01,0.015,0.003333,0,0.016667,0.085,0,0.171667,0.033333,0.041667,0.005,0,0.02,0.133333,0.246667,0,0.015,0.29,0,0,0.463333,0.801667,0.103333,0.046667,0.035,0.031667,0.426667,0.216667,0.038333,0.021667,0,0,0.018333,0.016667,0,0.031667,0.008333
19-4051.00,0.73,0.038333,0,0,0.01,0.015,0,0,0.008333,0.061667,0.041667,0.098333,0.103333,0.031667,0.023333,0.085,0.025,0.156667,0.235,0.233333,0,0.003333,0,0,0.81,0.678333,0.1,0.13,0.016667,0,0.285,0.25,0,0,0,0,0,0,0,0.055,0.008333
19-4051.02,0.37,0.188333,0,0.02,0.055,0.006667,0,0,0,0.096667,0.058333,0.123333,0.063333,0.15,0.018333,0.041667,0.015,0.05,0.251667,0.228333,0.001667,0.033333,0,0,0.558333,0.671667,0.163333,0.208333,0.035,0,0.42,0.18,0,0,0,0,0,0.011667,0,0.135,0.018333
19-4061.00,0.028333,0.081667,0,0.045,0.026667,0.023333,0.01,0.038333,0.056667,0.196667,0.065,0.53,0.098333,0.198333,0.083333,0.055,0,0,0.006667,0.02,0.005,0.021667,0,0,0.038333,0.085,0.103333,0.13,0.69,0.246667,0.693333,0.363333,0.026667,0.016667,0.01,0,0.043333,0.063333,0,0.105,0.076667
19-4071.00,0.248333,0.005,0,0.061667,0.055,0.03,0.023333,0.016667,0.021667,0.068333,0.125,0.086667,0.248333,0.16,0.073333,0.151667,0.116667,0.301667,0.67,0.375,0.533333,0.931667,0.09,0.028333,0.178333,0.173333,0.405,0.055,0.081667,0.026667,0.181667,0.168333,0.011667,0,0,0,0,0.023333,0,0.235,0.055
19-4092.00,0.258333,0.11,0,0.01,0.026667,0.001667,0.003333,0.008333,0.011667,0.101667,0.041667,0.153333,0.088333,0.28,0.043333,0.396667,0.025,0.071667,0.215,0.523333,0,0.04,0.008333,0,0.233333,0.663333,0.565,0.361667,0.15,0.046667,0.383333,0.255,0.07,0.031667,0.01,0.003333,0.035,0.055,0,0.13,0.016667
19-4099.01,0.241667,0.138333,0,0.01,0.01,0.035,0.016667,0,0.051667,0.155,0.053333,0.148333,0.16,0.046667,0,0.011667,0.03,0.038333,0.17,0.02,0.06,0,0.008333,0,0.32,0.595,0.386667,0.391667,0.026667,0,0.395,0.2,0.006667,0,0,0,0.003333,0.016667,0.045,0.051667,0.008333
19-4099.03,0.441667,0.016667,0,0.03,0.015,0.026667,0.013333,0.021667,0,0.051667,0.011667,0.181667,0.073333,0.075,0.028333,0.011667,0,0.173333,0.07,0.098333,0.148333,0.355,0,0,0.625,0.448333,0.148333,0.07,0.076667,0.041667,0.42,0.585,0.11,0.045,0,0,0.023333,0.058333,0,0.031667,0.008333
19-5011.00,0.288333,0.4,0,0.066667,0.191667,0.07,0.03,0.025,0.041667,0.131667,0.215,0.218333,0.305,0.373333,0.108333,0.36,0.233333,0.173333,0.126667,0.33,0.078333,0.09,0.063333,0.028333,0.348333,0.455,0.321667,0.458333,0.196667,0.031667,0.336667,0.158333,0.021667,0.016667,0.003333,0,0.023333,0.045,0.006667,0.28,0.143333
19-5012.00,0.298333,0.235,0,0.071667,0.41,0.066667,0.03,0.021667,0.038333,0.125,0.185,0.186667,0.27,0.303333,0.073333,0.293333,0.278333,0.156667,0.175,0.298333,0.081667,0.103333,0.033333,0.015,0.336667,0.295,0.185,0.343333,0.175,0.031667,0.261667,0.163333,0,0,0,0,0.011667,0.02,0.006667,0.28,0.121667
21-1011.00,0,0.69,0.083333,0.405,0.805,0.033333,0.033333,0.043333,0.03,0.103333,0.16,0.191667,0.215,0.361667,0.068333,0.146667,0,0,0.003333,0.183333,0,0,0,0.028333,0,0.011667,0.118333,0.268333,0.698333,0.195,0.108333,0.06,0.021667,0.016667,0.015,0.011667,0.038333,0.05,0,0.581667,0.915
21-1012.00,0,0.165,0.061667,0.541667,1,0.076667,0.15,0.175,0.046667,0.051667,0.3,0.255,0.328333,0.548333,0.083333,0.096667,0,0,0,0.033333,0,0,0,0.038333,0.005,0.008333,0.021667,0.026667,0.456667,0.161667,0.083333,0.031667,0.021667,0.016667,0.018333,0.018333,0.108333,0.118333,0,0.641667,0.933333
21-1013.00,0,0.611667,0.083333,0.356667,0.786667,0.023333,0.02,0.048333,0.011667,0.033333,0.118333,0.115,0.13,0.246667,0.053333,0.165,0,0,0,0.033333,0,0,0,0,0,0,0.048333,0.156667,0.843333,0.298333,0.07,0.021667,0.03,0.035,0.04,0.011667,0.085,0.058333,0,0.325,0.971667
21-1014.00,0,0.848333,0.075,0.375,0.833333,0.038333,0.023333,0.021667,0.011667,0.051667,0.148333,0.14,0.226667,0.246667,0.058333,0.103333,0,0,0,0.138333,0,0.003333,0,0.018333,0,0,0.085,0.225,0.813333,0.166667,0.103333,0.036667,0.021667,0.04,0.021667,0.011667,0.081667,0.053333,0,0.35,0.971667
21-1015.00,0.005,0.511667,0.025,0.453333,0.873333,0.066667,0.071667,0.043333,0.011667,0.073333,0.3,0.233333,0.231667,0.213333,0.078333,0.146667,0,0.016667,0.02,0.038333,0,0.015,0.011667,0.058333,0.005,0.005,0.071667,0.176667,0.431667,0.128333,0.06,0.06,0.021667,0.035,0.015,0.003333,0.038333,0.023333,0,0.36,0.933333
21-1021.00,0,0.34,0.041667,0.326667,0.67,0.023333,0.023333,0.025,0.025,0.051667,0.148333,0.218333,0.198333,0.303333,0.16,0.373333,0,0.016667,0.006667,0.298333,0,0.015,0,0.028333,0,0,0.03,0.12,0.718333,0.178333,0.056667,0.026667,0.021667,0.031667,0.015,0.023333,0.06,0.033333,0,0.391667,0.99
21-1022.00,0,0.768333,0.021667,0.386667,0.795,0.055,0.036667,0.048333,0.03,0.04,0.118333,0.14,0.265,0.275,0.213333,0.128333,0,0.005,0.02,0.04,0,0,0,0.015,0,0.008333,0.18,0.251667,0.776667,0.223333,0.075,0.021667,0.015,0.013333,0.015,0.006667,0.035,0.036667,0.013333,0.44,0.951667
21-1023.00,0,0.801667,0.086667,0.368333,0.795,0.023333,0.023333,0.038333,0.011667,0.028333,0.131667,0.135,0.215,0.258333,0.098333,0.091667,0,0.005,0,0.125,0,0.006667,0,0.015,0,0.003333,0.128333,0.268333,0.821667,0.211667,0.093333,0.026667,0.021667,0.021667,0.018333,0.011667,0.06,0.05,0,0.44,0.971667
21-1091.00,0.01,0.663333,0.033333,0.298333,0.695,0.148333,0.086667,0.26,0.096667,0.148333,0.281667,0.326667,0.498333,0.661667,0.198333,0.073333,0,0,0.003333,0.038333,0.005,0.025,0.008333,0.068333,0.005,0.061667,0.416667,0.373333,0.628333,0.161667,0.268333,0.143333,0.061667,0.063333,0.03,0.023333,0.103333,0.266667,0.038333,0.681667,0.841667
21-1092.00,0.013333,0.216667,0.021667,0.315,0.578333,0.055,0.033333,0.021667,0.021667,0.096667,0.305,0.25,0.293333,0.263333,0.133333,0.496667,0,0.026667,0.028333,0.573333,0,0,0,0.018333,0,0.005,0.025,0.046667,0.533333,0.161667,0.056667,0.093333,0,0,0,0,0.023333,0.023333,0,0.291667,0.876667
21-1093.00,0,0.436667,0.075,0.448333,0.563333,0.058333,0.063333,0.053333,0.038333,0.091667,0.263333,0.331667,0.215,0.235,0.113333,0.14,0,0.01,0.02,0.066667,0,0.006667,0.011667,0.01,0,0,0.048333,0.085,0.495,0.14,0.046667,0.07,0.011667,0.013333,0.015,0.011667,0.026667,0.028333,0.02,0.28,0.915
21-1094.00,0,0.656667,0.045,0.491667,0.586667,0.066667,0.08,0.185,0.025,0.04,0.226667,0.121667,0.236667,0.503333,0.123333,0.041667,0,0.01,0.02,0.04,0.005,0.015,0,0.063333,0,0.02,0.205,0.208333,0.443333,0.095,0.088333,0.026667,0.021667,0.026667,0.018333,0.003333,0.046667,0.1,0.051667,0.606667,0.943333
21-2011.00,0,0.183333,1,0.618333,0.705,0.21,0.168333,0.276667,0.106667,0.091667,0.275,0.121667,0.525,0.833333,0.208333,0.11,0,0.016667,0.02,0.073333,0,0.028333,0.008333,0.01,0,0,0,0.036667,0.295,0.485,0.021667,0.021667,0.075,0.136667,0.175,0.06,0.275,0.261667,0.02,0.731667,0.85
21-2021.00,0,0.053333,0.973333,0.631667,0.805,0.248333,0.145,0.276667,0.126667,0.12,0.341667,0.221667,0.758333,0.753333,0.118333,0.055,0,0.005,0.016667,0.02,0,0.018333,0,0.028333,0,0,0,0,0.306667,0.516667,0.033333,0.013333,0.041667,0.068333,0.055,0.073333,0.108333,0.223333,0.006667,0.76,0.858333
23-1011.00,0.005,0.048333,0.021667,0.178333,0.338333,0.286667,0.168333,0.15,0.273333,0.271667,0.178333,0.166667,0.563333,0.718333,0.515,0.981667,0,0,0,0.19,0,0.018333,0.008333,0,0.015,0.016667,0.04,0.065,0.255,0.24,0.151667,0.163333,0.021667,0.026667,0.028333,0,0.076667,0.118333,0,0.186667,0.185
23-1012.00,0,0,0,0.045,0.096667,0.041667,0.01,0.005,0.078333,0.131667,0.1,0.561667,0.248333,0.14,0.181667,0.918333,0,0,0,0.091667,0,0,0,0,0,0.005,0,0,0.206667,0.218333,0.083333,0.036667,0,0.005,0,0,0.046667,0.023333,0,0.085,0.061667
23-1021.00,0,0.138333,0,0.108333,0.055,0.07,0.02,0.021667,0.146667,0.213333,0.136667,0.345,0.563333,0.523333,0.246667,0.963333,0,0,0,0.118333,0.001667,0.01,0.011667,0,0,0.003333,0.048333,0.1,0.245,0.133333,0.093333,0.04,0,0,0.018333,0,0.06,0.033333,0,0.085,0.166667
23-1022.00,0,0.031667,0.01,0.173333,0.436667,0.113333,0.096667,0.043333,0.103333,0.12,0.41,0.306667,0.423333,0.415,0.176667,0.811667,0,0,0,0.111667,0,0,0,0.005,0,0,0,0.005,0.401667,0.2,0.07,0.026667,0,0.013333,0.018333,0,0.071667,0.045,0,0.186667,0.368333
23-1023.00,0,0.031667,0.03,0.151667,0.161667,0.076667,0.02,0.025,0.121667,0.091667,0.22,0.145,0.615,0.683333,0.236667,0.975,0,0,0,0.33,0,0,0,0,0,0.003333,0.008333,0.018333,0.346667,0.206667,0.093333,0.045,0,0,0.025,0,0.063333,0.041667,0,0.28,0.241667
23-2011.00,0.01,0.026667,0.003333,0.125,0.09,0.081667,0.051667,0.021667,0.098333,0.183333,0.143333,0.78,0.253333,0.14,0.16,0.943333,0,0,0.01,0.156667,0,0,0,0,0.005,0.005,0.013333,0.013333,0.186667,0.15,0.111667,0.073333,0.018333,0.016667,0.006667,0,0.055,0.036667,0,0.075,0.096667
23-2093.00,0.01,0,0,0.076667,0.021667,0.058333,0.045,0.008333,0.261667,0.231667,0.058333,0.808333,0.155,0.041667,0.028333,0.521667,0,0,0.006667,0.038333,0,0,0,0,0.015,0,0,0,0.043333,0.046667,0.051667,0.123333,0,0,0,0,0.006667,0.003333,0,0.036667,0.016667
25-1011.00,0.023333,0.038333,0.003333,0.178333,0.661667,0.221667,0.091667,0.271667,0.36,0.416667,0.385,0.075,0.321667,0.818333,0.15,0.151667,0,0,0,0.006667,0,0,0,0.005,0.028333,0.026667,0.016667,0.018333,0.54,0.128333,0.336667,0.19,0.026667,0.04,0.036667,0,0.145,0.203333,0.006667,0.961667,0.296667
25-1021.00,0.135,0.026667,0,0.173333,0.611667,0.058333,0.023333,0.058333,0.056667,0.126667,0.233333,0.201667,0.236667,0.718333,0.071667,0.053333,0,0,0.01,0.02,0,0,0,0,0.32,0.208333,0.038333,0.07,0.218333,0.14,0.63,0.618333,0.061667,0.086667,0.021667,0.003333,0.09,0.146667,0,0.931667,0.275
25-1022.00,0.023333,0.005,0.003333,0.146667,0.555,0.02,0.01,0.021667,0.06,0.138333,0.203333,0.181667,0.193333,0.648333,0.038333,0,0,0,0.003333,0,0,0,0,0,0.1,0.15,0.051667,0.075,0.186667,0.095,0.818333,0.221667,0.015,0.031667,0.025,0.003333,0.068333,0.081667,0,0.961667,0.275
25-1031.00,0.068333,0.005,0.003333,0.146667,0.635,0.051667,0.026667,0.08,0.038333,0.028333,0.22,0.086667,0.225,0.711667,0.078333,0.073333,0.121667,0,0.02,0.026667,0.001667,0.065,0,0,0.371667,0.178333,0.043333,0.036667,0.3,0.416667,0.213333,0.148333,0.45,0.601667,0.081667,0.011667,0.15,0.161667,0.025,0.946667,0.263333
25-1032.00,0.411667,0.038333,0,0.108333,0.57,0.055,0.016667,0.038333,0.038333,0.073333,0.233333,0.075,0.288333,0.601667,0.063333,0.036667,0.105,0.031667,0.028333,0.013333,0.015,0.028333,0.003333,0.01,0.726667,0.655,0.123333,0.115,0.16,0.106667,0.665,0.358333,0.053333,0.096667,0.018333,0,0.093333,0.113333,0,0.938333,0.246667
25-1041.00,0.088333,0.055,0.003333,0.113333,0.628333,0.051667,0.02,0.061667,0.041667,0.068333,0.208333,0.058333,0.293333,0.641667,0.145,0.078333,0.03,0.043333,0.063333,0.02,0.385,0.39,0.133333,0.028333,0.105,0.448333,0.76,0.208333,0.283333,0.195,0.395,0.133333,0.026667,0.04,0.018333,0,0.098333,0.136667,0.123333,0.946667,0.263333
25-1042.00,0.083333,0.223333,0.003333,0.146667,0.578333,0.038333,0.02,0.048333,0.011667,0.056667,0.113333,0.118333,0.21,0.71,0.048333,0.023333,0,0.01,0.055,0.013333,0.11,0.22,0.1,0.018333,0.11,0.218333,0.811667,0.601667,0.201667,0.161667,0.445,0.163333,0.05,0.045,0.028333,0.006667,0.121667,0.171667,0.02,0.946667,0.303333
25-1043.00,0.063333,0.026667,0,0.125,0.595,0.058333,0.016667,0.038333,0.038333,0.068333,0.185,0.095,0.236667,0.601667,0.17,0.048333,0.051667,0.031667,0.063333,0.046667,0.316667,0.453333,0.045,0.023333,0.131667,0.34,0.71,0.14,0.445,0.111667,0.348333,0.118333,0.026667,0.04,0.011667,0,0.103333,0.131667,0,0.938333,0.303333
25-1051.00,0.073333,0.048333,0,0.125,0.586667,0.026667,0.013333,0.03,0.021667,0.05,0.155,0.115,0.231667,0.725,0.068333,0.03,0.015,0.031667,0.043333,0.02,0.026667,0.225,0.02,0.01,0.273333,0.743333,0.243333,0.09,0.196667,0.106667,0.61,0.18,0.05,0.021667,0.025,0,0.093333,0.1,0,0.953333,0.31
25-1052.00,0.155,0.12,0,0.113333,0.416667,0.026667,0.013333,0.038333,0.03,0.061667,0.136667,0.123333,0.225,0.541667,0.063333,0.018333,0.015,0.016667,0.105,0.06,0.006667,0.033333,0.008333,0,0.256667,0.793333,0.538333,0.23,0.186667,0.101667,0.42,0.175,0.021667,0.035,0.021667,0,0.063333,0.071667,0.031667,0.923333,0.303333
25-1053.00,0.073333,0.086667,0,0.108333,0.628333,0.051667,0.02,0.048333,0.038333,0.05,0.178333,0.118333,0.243333,0.648333,0.145,0.066667,0.01,0.016667,0.031667,0.02,0.153333,0.29,0.041667,0.015,0.216667,0.601667,0.746667,0.246667,0.52,0.173333,0.535,0.18,0.05,0.048333,0.021667,0,0.126667,0.156667,0,0.961667,0.326667
25-1054.00,0.171667,0.031667,0,0.108333,0.555,0.033333,0.02,0.038333,0.038333,0.061667,0.143333,0.098333,0.22,0.696667,0.048333,0.023333,0.01,0.01,0.025,0.006667,0.001667,0.015,0,0,0.296667,0.776667,0.105,0.085,0.155,0.106667,0.693333,0.25,0.038333,0.04,0.025,0.006667,0.081667,0.123333,0,0.946667,0.248333
25-1061.00,0.028333,0.043333,0.045,0.113333,0.603333,0.023333,0.02,0.053333,0.016667,0.033333,0.178333,0.083333,0.265,0.74,0.113333,0.041667,0.015,0.016667,0.035,0.033333,0.015,0.073333,0.016667,0.015,0.028333,0.168333,0.243333,0.105,0.936667,0.921667,0.225,0.031667,0.071667,0.053333,0.046667,0.018333,0.195,0.166667,0.02,0.946667,0.286667
25-1062.00,0.005,0.043333,0.105,0.13,0.611667,0.041667,0.02,0.085,0.016667,0.033333,0.173333,0.061667,0.27,0.796667,0.303333,0.073333,0,0,0,0.033333,0,0.018333,0,0.005,0,0.026667,0.035,0.026667,0.936667,0.978333,0.151667,0.093333,0.091667,0.111667,0.07,0.038333,0.258333,0.223333,0.038333,0.968333,0.488333
25-1063.00,0,0.01,0.003333,0.135,0.548333,0.116667,0.036667,0.043333,0.261667,0.231667,0.208333,0.123333,0.281667,0.768333,0.258333,0.091667,0,0,0,0.006667,0.006667,0,0,0,0.028333,0.073333,0.025,0.031667,0.89,0.286667,0.671667,0.073333,0.021667,0.026667,0.033333,0.003333,0.093333,0.118333,0,0.946667,0.258333
25-1064.00,0.033333,0.021667,0.003333,0.135,0.531667,0.026667,0.02,0.048333,0.025,0.033333,0.166667,0.078333,0.225,0.753333,0.165,0.036667,0,0.005,0.02,0.006667,0.033333,0.178333,0,0,0.085,0.371667,0.148333,0.085,0.813333,0.606667,0.401667,0.216667,0.088333,0.053333,0.036667,0.003333,0.165,0.136667,0,0.976667,0.31
25-1065.00,0,0.005,0.038333,0.125,0.611667,0.063333,0.013333,0.066667,0.046667,0.028333,0.16,0.071667,0.293333,0.84,0.535,0.268333,0,0,0.003333,0.065,0,0,0,0,0.005,0.023333,0.016667,0.023333,0.953333,0.743333,0.213333,0.026667,0.05,0.04,0.036667,0.006667,0.21,0.128333,0,0.961667,0.326667
25-1066.00,0.018333,0.228333,0.025,0.168333,0.578333,0.051667,0.02,0.066667,0.011667,0.045,0.275,0.083333,0.281667,0.775,0.098333,0.03,0,0,0,0.02,0,0.003333,0.011667,0.018333,0.02,0.058333,0.178333,0.203333,0.928333,0.358333,0.348333,0.128333,0.061667,0.068333,0.065,0.018333,0.225,0.171667,0,0.968333,0.611667
25-1067.00,0,0.031667,0.045,0.156667,0.586667,0.033333,0.02,0.048333,0.021667,0.033333,0.178333,0.083333,0.236667,0.768333,0.236667,0.158333,0,0,0.006667,0.046667,0,0,0,0.005,0.01,0.026667,0.038333,0.08,0.945,0.67,0.366667,0.098333,0.041667,0.04,0.046667,0.011667,0.165,0.156667,0,0.953333,0.473333
25-1071.00,0.043333,0.586667,0.01,0.146667,0.611667,0.033333,0.016667,0.053333,0.038333,0.068333,0.215,0.11,0.21,0.718333,0.118333,0.121667,0,0.005,0.025,0.053333,0.01,0.018333,0.09,0.033333,0.053333,0.283333,0.681667,0.696667,0.58,0.173333,0.348333,0.128333,0.021667,0.031667,0.021667,0.015,0.098333,0.126667,0,0.968333,0.453333
25-1072.00,0.028333,0.71,0.01,0.151667,0.645,0.045,0.016667,0.04,0.008333,0.033333,0.233333,0.123333,0.321667,0.725,0.043333,0.03,0,0,0.04,0.085,0,0,0,0.023333,0.033333,0.093333,0.511667,0.541667,0.475,0.15,0.203333,0.103333,0.021667,0.04,0.021667,0.006667,0.09,0.108333,0,0.953333,0.713333
25-1081.00,0,0.081667,0.061667,0.206667,0.73,0.055,0.02,0.058333,0.038333,0.056667,0.263333,0.158333,0.281667,0.781667,0.118333,0.06,0,0,0,0.013333,0.005,0.018333,0,0.028333,0.028333,0.058333,0.085,0.095,0.785,0.473333,0.235,0.113333,0.091667,0.086667,0.073333,0.026667,0.236667,0.186667,0,0.968333,0.65
25-1082.00,0.013333,0.021667,0.003333,0.185,0.333333,0.051667,0.016667,0.061667,0.038333,0.05,0.196667,0.121667,0.241667,0.696667,0.078333,0.048333,0,0,0.006667,0.013333,0,0,0,0,0.028333,0.055,0.053333,0.075,0.606667,0.561667,0.116667,0.2,0.045,0.073333,0.028333,0.023333,0.165,0.223333,0,0.938333,0.28
25-1111.00,0.023333,0.038333,0.015,0.173333,0.603333,0.055,0.023333,0.053333,0.038333,0.033333,0.233333,0.131667,0.281667,0.818333,0.303333,0.645,0,0,0,0.498333,0,0.003333,0.003333,0.023333,0.023333,0.03,0.025,0.046667,0.828333,0.418333,0.171667,0.093333,0.038333,0.035,0.025,0.003333,0.126667,0.151667,0,0.938333,0.388333
25-1112.00,0.01,0.016667,0.018333,0.168333,0.643333,0.081667,0.02,0.048333,0.038333,0.04,0.22,0.106667,0.298333,0.796667,0.423333,0.866667,0,0,0,0.266667,0,0,0,0,0.015,0.026667,0.021667,0.036667,0.74,0.555,0.108333,0.108333,0.03,0.035,0.065,0,0.155,0.123333,0,0.938333,0.351667
25-1113.00,0.005,0.246667,0.065,0.168333,0.703333,0.051667,0.023333,0.053333,0.025,0.045,0.233333,0.118333,0.26,0.753333,0.225,0.195,0,0,0.01,0.046667,0,0,0,0.005,0.01,0.02,0.056667,0.13,0.875,0.363333,0.171667,0.093333,0.026667,0.053333,0.05,0.011667,0.126667,0.141667,0.006667,0.953333,0.713333
25-1121.00,0.028333,0,0.03,0.19,0.603333,0.026667,0.023333,0.11,0.008333,0.028333,0.125,0.071667,0.171667,0.775,0.058333,0.023333,0.03,0.005,0.035,0,0,0.018333,0,0.028333,0.015,0.023333,0.008333,0,0.256667,0.763333,0.043333,0.093333,0.641667,0.671667,0.646667,0.688333,0.378333,0.406667,0.116667,0.968333,0.401667
25-1122.00,0.028333,0.01,0.021667,0.163333,0.62,0.058333,0.033333,0.185,0.033333,0.033333,0.173333,0.065,0.276667,0.953333,0.155,0.06,0,0,0,0.006667,0,0,0,0.018333,0.01,0.03,0.016667,0.026667,0.683333,0.46,0.093333,0.113333,0.115,0.146667,0.101667,0.063333,0.378333,0.515,0,0.961667,0.286667
25-1123.00,0.005,0,0.03,0.201667,0.571667,0.026667,0.02,0.076667,0.003333,0.033333,0.143333,0.071667,0.248333,0.79,0.078333,0.03,0,0,0,0,0,0,0,0,0,0.011667,0.013333,0,0.488333,0.958333,0.056667,0.098333,0.143333,0.198333,0.175,0.073333,0.601667,0.353333,0.006667,0.976667,0.446667
25-1124.00,0,0,0.038333,0.163333,0.603333,0.035,0.016667,0.061667,0.008333,0.045,0.148333,0.095,0.241667,0.79,0.083333,0.023333,0,0,0.003333,0.006667,0,0,0,0.01,0.005,0.015,0.021667,0.008333,0.533333,0.88,0.07,0.045,0.08,0.111667,0.078333,0.038333,0.403333,0.131667,0.02,0.968333,0.326667
25-1125.00,0.01,0,0.061667,0.113333,0.501667,0.026667,0.02,0.048333,0.025,0.033333,0.148333,0.095,0.265,0.79,0.22,0.133333,0,0,0,0.026667,0,0.003333,0,0,0.01,0.026667,0.021667,0.018333,0.785,0.93,0.098333,0.098333,0.046667,0.058333,0.046667,0.015,0.263333,0.196667,0,0.961667,0.286667
25-1126.00,0.005,0.031667,0.823333,0.113333,0.546667,0.035,0.02,0.053333,0.003333,0.021667,0.155,0.08,0.248333,0.818333,0.22,0.165,0,0,0.003333,0,0,0,0,0,0.005,0.023333,0.03,0.018333,0.791667,0.921667,0.111667,0.026667,0.038333,0.053333,0.05,0.018333,0.308333,0.141667,0,0.953333,0.395
25-1192.00,0.023333,0.2,0.015,0.195,0.703333,0.041667,0.013333,0.081667,0.146667,0.096667,0.226667,0.113333,0.22,0.803333,0.113333,0.121667,0.005,0,0.016667,0.013333,0.07,0.018333,0.016667,0.015,0.033333,0.155,0.31,0.251667,0.806667,0.436667,0.235,0.098333,0.041667,0.096667,0.031667,0.011667,0.111667,0.141667,0.338333,0.968333,0.656667
25-1193.00,0.023333,0.275,0.01,0.201667,0.643333,0.045,0.02,0.071667,0.03,0.028333,0.22,0.098333,0.276667,0.71,0.063333,0.023333,0,0,0.025,0.02,0.005,0.081667,0.011667,0.436667,0.043333,0.093333,0.363333,0.286667,0.526667,0.173333,0.235,0.088333,0.038333,0.063333,0.07,0.023333,0.103333,0.136667,0,0.961667,0.44
25-1194.00,0.405,0.188333,0.006667,0.218333,0.57,0.033333,0.023333,0.053333,0.038333,0.073333,0.268333,0.09,0.215,0.655,0.038333,0.03,0.273333,0.166667,0.188333,0.053333,0.081667,0.025,0.02,0.028333,0.308333,0.183333,0.105,0.09,0.218333,0.138333,0.151667,0.18,0.101667,0.146667,0.046667,0.018333,0.093333,0.141667,0.16,0.938333,0.426667
25-2011.00,0,0.103333,0.018333,0.453333,0.301667,0.01,0.02,0.025,0,0.033333,0.125,0.068333,0.135,0.331667,0.018333,0.011667,0.03,0,0.083333,0.058333,0.005,0.025,0,0.048333,0,0.008333,0.025,0.018333,0.211667,0.145,0.038333,0.018333,0.218333,0.246667,0.151667,0.226667,0.15,0.09,0.083333,1,0.841667
25-2012.00,0.01,0.07,0.021667,0.201667,0.465,0.018333,0.02,0.016667,0.008333,0.033333,0.125,0.106667,0.171667,0.428333,0.028333,0.018333,0.015,0.005,0.02,0.051667,0,0.033333,0.016667,0.048333,0,0.015,0.025,0.013333,0.233333,0.183333,0.075,0.045,0.206667,0.246667,0.146667,0.19,0.17,0.113333,0.045,1,0.841667
25-2021.00,0.023333,0.065,0.021667,0.41,0.54,0.023333,0.02,0.04,0,0.033333,0.131667,0.095,0.231667,0.588333,0.058333,0.03,0.02,0.005,0.04,0.065,0.005,0.036667,0.011667,0.103333,0.005,0.043333,0.043333,0.018333,0.228333,0.286667,0.161667,0.098333,0.191667,0.193333,0.133333,0.16,0.231667,0.151667,0.045,1,0.886667
25-2022.00,0.028333,0.06,0.025,0.228333,0.628333,0.02,0.02,0.058333,0.011667,0.04,0.19,0.101667,0.253333,0.615,0.053333,0.03,0.005,0.01,0.031667,0.105,0.005,0.036667,0.011667,0.115,0.048333,0.163333,0.138333,0.065,0.353333,0.48,0.39,0.103333,0.166667,0.181667,0.133333,0.113333,0.331667,0.141667,0.025,1,0.796667
25-2023.00,0.176667,0.048333,0.003333,0.19,0.595,0.026667,0.026667,0.053333,0.021667,0.073333,0.256667,0.106667,0.188333,0.561667,0.038333,0.036667,0.126667,0.055,0.046667,0.045,0.046667,0.028333,0.02,0.088333,0.178333,0.073333,0.095,0.041667,0.256667,0.145,0.093333,0.211667,0.123333,0.116667,0.073333,0.068333,0.085,0.118333,0.155,0.961667,0.738333
25-2031.00,0.023333,0.06,0.021667,0.251667,0.611667,0.03,0.02,0.053333,0.003333,0.033333,0.19,0.095,0.198333,0.711667,0.083333,0.036667,0.005,0,0.02,0.111667,0.001667,0.028333,0,0.073333,0.038333,0.118333,0.108333,0.041667,0.425,0.548333,0.313333,0.118333,0.123333,0.116667,0.09,0.081667,0.246667,0.146667,0.031667,1,0.788333
25-2032.00,0.203333,0.11,0.01,0.218333,0.686667,0.038333,0.03,0.09,0.046667,0.12,0.27,0.11,0.22,0.595,0.058333,0.055,0.051667,0.11,0.075,0.071667,0.098333,0.045,0.041667,0.103333,0.25,0.073333,0.113333,0.085,0.306667,0.173333,0.126667,0.2,0.106667,0.121667,0.07,0.076667,0.093333,0.128333,0.07,0.985,0.721667
25-2051.00,0,0.246667,0.006667,0.24,0.548333,0.001667,0.003333,0.016667,0,0.033333,0.113333,0.08,0.15,0.236667,0.023333,0.023333,0.01,0,0.058333,0.038333,0,0.01,0.016667,0.038333,0,0.008333,0.025,0.08,0.611667,0.111667,0.043333,0.045,0.123333,0.126667,0.09,0.113333,0.093333,0.1,0.031667,0.968333,0.943333
25-2056.00,0.028333,0.275,0.015,0.466667,0.595,0.01,0.02,0.021667,0.008333,0.033333,0.173333,0.11,0.181667,0.315,0.028333,0.055,0.005,0.01,0.055,0.033333,0,0.01,0.02,0.063333,0.01,0.016667,0.04,0.12,0.501667,0.156667,0.141667,0.093333,0.12,0.136667,0.036667,0.043333,0.111667,0.05,0.02,0.976667,0.915
25-2057.00,0.013333,0.223333,0.01,0.35,0.635,0.001667,0.01,0.025,0,0.04,0.173333,0.118333,0.171667,0.315,0.038333,0.115,0.01,0.016667,0.028333,0.098333,0,0.003333,0.025,0.038333,0,0.016667,0.043333,0.1,0.463333,0.218333,0.161667,0.055,0.083333,0.101667,0.04,0.043333,0.098333,0.071667,0.031667,0.968333,0.933333
25-2058.00,0.018333,0.223333,0.018333,0.275,0.678333,0.015,0.013333,0.016667,0.008333,0.045,0.178333,0.115,0.155,0.391667,0.033333,0.115,0,0.016667,0.031667,0.118333,0,0.006667,0.025,0.043333,0.015,0.016667,0.04,0.11,0.508333,0.178333,0.171667,0.098333,0.055,0.081667,0.036667,0.035,0.111667,0.085,0.02,0.961667,0.933333
25-2059.01,0.018333,0.365,0,0.195,0.383333,0.01,0.003333,0.005,0,0.033333,0.118333,0.075,0.103333,0.176667,0.023333,0.018333,0,0.005,0.18,0.02,0,0.036667,0,0.461667,0.038333,0.023333,0.095,0.13,0.24,0.031667,0.043333,0.013333,0.018333,0.016667,0.028333,0.015,0.055,0.016667,0,0.923333,0.831667
25-3011.00,0.005,0.016667,0.01,0.195,0.635,0.023333,0.02,0.025,0,0.033333,0.155,0.106667,0.16,0.661667,0.033333,0.036667,0,0,0.02,0.02,0,0,0,0,0.01,0.008333,0.008333,0,0.3,0.423333,0.065,0.045,0.061667,0.073333,0.043333,0.038333,0.111667,0.126667,0,0.985,0.85
25-3021.00,0.013333,0.038333,0.038333,0.485,0.43,0.03,0.055,0.076667,0,0.021667,0.196667,0.068333,0.14,0.595,0.018333,0,0.005,0,0.043333,0.02,0.005,0.041667,0.02,0.271667,0.015,0.016667,0.025,0.005,0.17,0.28,0.046667,0.036667,0.266667,0.246667,0.43,0.18,0.215,0.123333,0.155,0.915,0.508333
25-3031.00,0.018333,0.043333,0.015,0.223333,0.283333,0.005,0.02,0.025,0,0.033333,0.196667,0.086667,0.073333,0.51,0.023333,0,0,0.01,0.02,0.098333,0,0.015,0,0.018333,0,0.016667,0.025,0.005,0.17,0.235,0.093333,0.04,0.038333,0.035,0.028333,0.026667,0.051667,0.05,0.006667,0.908333,0.581667
25-3041.00,0.013333,0.026667,0,0.41,0.645,0.01,0.026667,0.035,0,0.04,0.125,0.135,0.073333,0.208333,0.01,0,0,0,0.003333,0,0,0,0,0.015,0.023333,0.046667,0.053333,0.041667,0.288333,0.275,0.285,0.093333,0.026667,0.026667,0.021667,0.026667,0.09,0.058333,0,0.9,0.688333
25-4011.00,0.043333,0.005,0.01,0.146667,0.071667,0.033333,0.02,0.04,0.038333,0.171667,0.125,0.585,0.281667,0.236667,0.073333,0.201667,0.005,0,0.058333,0.02,0,0,0,0,0.028333,0.033333,0.035,0.041667,0.306667,0.703333,0.103333,0.288333,0.05,0.086667,0.025,0.015,0.14,0.141667,0,0.263333,0.061667
25-4012.00,0.023333,0.026667,0.061667,0.24,0.161667,0.231667,0.14,0.255,0.141667,0.218333,0.178333,0.326667,0.675,0.44,0.145,0.115,0.025,0.016667,0.058333,0.038333,0.001667,0.056667,0.011667,0,0.02,0.11,0.148333,0.08,0.395,0.756667,0.098333,0.133333,0.328333,0.396667,0.073333,0.06,0.165,0.203333,0.02,0.343333,0.138333
25-4013.00,0.203333,0.016667,0.01,0.12,0.04,0.01,0.016667,0.071667,0.021667,0.108333,0.088333,0.145,0.145,0.203333,0.018333,0.023333,0.266667,0.031667,0.366667,0.058333,0.005,0.103333,0.016667,0,0.178333,0.15,0.133333,0.055,0.145,0.498333,0.06,0.093333,0.288333,0.258333,0.061667,0.018333,0.046667,0.118333,0,0.251667,0.048333
25-4022.00,0.078333,0.043333,0.006667,0.416667,0.306667,0.066667,0.048333,0.12,0.078333,0.183333,0.245,0.625,0.405,0.343333,0.043333,0.06,0,0.026667,0.05,0.013333,0,0,0,0.01,0.028333,0.058333,0.08,0.07,0.306667,0.448333,0.111667,0.323333,0.088333,0.091667,0.043333,0.081667,0.098333,0.3,0,0.515,0.258333
25-4031.00,0.088333,0.005,0,0.363333,0.105,0.006667,0.023333,0.053333,0.021667,0.12,0.148333,0.648333,0.155,0.125,0,0.018333,0.015,0.055,0.193333,0.02,0,0,0,0,0.02,0,0.005,0.008333,0.135,0.246667,0.033333,0.206667,0.033333,0.053333,0.011667,0.011667,0.035,0.09,0,0.256667,0.166667
25-9021.00,0.108333,0.098333,0.01,0.28,0.758333,0.121667,0.121667,0.153333,0.186667,0.131667,0.166667,0.098333,0.333333,0.628333,0.17,0.053333,0.046667,0.111667,0.121667,0.006667,0.5,0.428333,0.273333,0.043333,0.131667,0.173333,0.405,0.1,0.318333,0.133333,0.181667,0.103333,0.038333,0.053333,0.018333,0.006667,0.063333,0.201667,0.223333,0.766667,0.521667
25-9031.00,0.053333,0.081667,0.038333,0.151667,0.776667,0.181667,0.118333,0.19,0.078333,0.08,0.403333,0.255,0.588333,0.575,0.198333,0.133333,0,0,0,0.038333,0,0.006667,0.003333,0.033333,0.043333,0.066667,0.09,0.07,0.456667,0.356667,0.156667,0.266667,0.096667,0.126667,0.055,0.035,0.125,0.235,0.038333,0.773333,0.486667
25-9042.00,0.01,0.07,0.021667,0.296667,0.295,0.001667,0.023333,0.013333,0,0.045,0.22,0.163333,0.123333,0.303333,0.023333,0.018333,0.015,0.005,0.091667,0.098333,0,0.021667,0,0.14,0.028333,0.026667,0.025,0.005,0.245,0.161667,0.075,0.055,0.058333,0.068333,0.061667,0.06,0.055,0.063333,0.006667,0.891667,0.78
25-9043.00,0.005,0.211667,0,0.256667,0.283333,0,0.01,0.005,0,0.04,0.16,0.131667,0.073333,0.16,0.018333,0.011667,0.005,0.005,0.091667,0.053333,0,0.015,0.011667,0.078333,0.01,0,0.025,0.07,0.271667,0.073333,0.025,0.04,0.053333,0.035,0.018333,0.026667,0.043333,0.023333,0.013333,0.84,0.915
25-9044.00,0.028333,0.021667,0.003333,0.23,0.436667,0.018333,0.016667,0.03,0.008333,0.061667,0.125,0.255,0.108333,0.446667,0.033333,0.018333,0,0,0.006667,0,0,0,0,0,0.053333,0.096667,0.118333,0.095,0.388333,0.43,0.285,0.138333,0.038333,0.026667,0.031667,0.018333,0.085,0.103333,0,0.891667,0.4
27-1011.00,0.018333,0.005,0,0.125,0.121667,0.31,0.261667,0.873333,0.111667,0.068333,0.155,0.09,0.635,0.398333,0.078333,0.036667,0.02,0,0.013333,0,0,0.006667,0,0,0.023333,0,0,0,0.053333,0.118333,0.038333,0.168333,0.948333,0.936667,0.156667,0.095,0.165,0.87,0.045,0.07,0.018333
27-1012.00,0.123333,0,0.01,0.178333,0.02,0.076667,0.255,0.26,0.03,0.016667,0.018333,0.036667,0.108333,0.14,0,0,0.385,0.043333,0.548333,0,0.006667,0.033333,0,0,0.105,0.023333,0,0,0.005,0.123333,0.03,0.008333,0.745,0.945,0.065,0.011667,0.081667,0.1,0.07,0.06,0.016667
27-1013.00,0.033333,0,0.018333,0.135,0.023333,0.058333,0.126667,0.288333,0.016667,0.028333,0.023333,0.031667,0.068333,0.135,0.033333,0.018333,0.121667,0.01,0.21,0,0.005,0.081667,0.008333,0.005,0.038333,0.016667,0.025,0,0.04,0.183333,0.078333,0.103333,1,0.968333,0.128333,0.043333,0.093333,0.191667,0.045,0.125,0.016667
27-1014.00,0.16,0,0,0.055,0.02,0.055,0.045,0.328333,0.038333,0.045,0.03,0.055,0.135,0.085,0.023333,0.006667,0.03,0,0.013333,0,0,0.015,0,0.018333,0.261667,0.07,0.013333,0.013333,0.035,0.128333,0.151667,0.605,0.975,0.921667,0.386667,0.098333,0.145,0.838333,0,0.055,0.01
27-1021.00,0.356667,0.01,0,0.05,0.035,0.151667,0.158333,0.333333,0.025,0.068333,0.053333,0.09,0.203333,0.258333,0.028333,0.011667,0.283333,0.066667,0.075,0,0.005,0.015,0,0,0.671667,0.193333,0.038333,0.051667,0.096667,0.106667,0.235,0.221667,0.715,0.945,0.07,0.018333,0.103333,0.146667,0.038333,0.085,0.016667
27-1022.00,0.028333,0,0,0.178333,0.043333,0.215,0.283333,0.425,0.065,0.028333,0.053333,0.065,0.321667,0.27,0.023333,0.011667,0.03,0,0.063333,0,0,0,0,0.005,0.075,0.015,0,0,0.04,0.133333,0.038333,0.093333,0.808333,0.93,0.12,0.015,0.111667,0.181667,0.103333,0.056667,0.013333
27-1023.00,0.01,0,0.045,0.405,0.04,0.1,0.34,0.26,0.065,0.143333,0.088333,0.191667,0.22,0.115,0,0,0.03,0.093333,0.366667,0,0.145,0.09,0,0,0.01,0.008333,0.048333,0,0,0.046667,0.021667,0.008333,0.49,0.691667,0.061667,0,0.071667,0.045,0.173333,0.07,0.041667
27-1024.00,0.043333,0,0.01,0.086667,0.031667,0.085,0.15,0.448333,0.025,0.021667,0.053333,0.118333,0.166667,0.135,0.048333,0,0.01,0,0.013333,0,0,0,0,0.005,0.048333,0.005,0,0.008333,0.04,0.133333,0.06,0.26,0.948333,0.93,0.085,0.018333,0.13,0.658333,0.045,0.065,0.013333
27-1025.00,0.098333,0.031667,0.01,0.298333,0.171667,0.108333,0.245,0.255,0.07,0.096667,0.088333,0.123333,0.281667,0.213333,0.038333,0.048333,0.32,0.01,0.078333,0.033333,0,0.028333,0,0,0.24,0.036667,0,0.008333,0.096667,0.128333,0.088333,0.2,0.693333,0.936667,0.07,0.015,0.093333,0.141667,0.045,0.08,0.058333
27-1026.00,0.068333,0,0,0.13,0.026667,0.143333,0.293333,0.64,0.03,0.04,0.071667,0.055,0.188333,0.085,0,0,0.255,0.038333,0.36,0,0,0,0,0,0.063333,0,0,0,0.04,0.046667,0.003333,0,0.641667,0.793333,0.058333,0.011667,0.085,0.108333,0.058333,0.036667,0.016667
27-1027.00,0.083333,0,0.01,0.086667,0.026667,0.07,0.051667,0.206667,0.056667,0.05,0.046667,0.083333,0.265,0.15,0.023333,0.006667,0.313333,0.021667,0.165,0,0,0.033333,0.011667,0.01,0.146667,0.033333,0.025,0.005,0.081667,0.466667,0.093333,0.098333,0.898333,1,0.725,0.108333,0.09,0.776667,0.051667,0.08,0.018333
27-2011.00,0.005,0,0.021667,0.168333,0.055,0.058333,0.135,0.271667,0,0,0.018333,0.01,0.073333,0.846667,0.103333,0.011667,0,0.01,0.075,0,0,0.01,0.008333,0.14,0,0,0,0,0.155,0.316667,0.003333,0,0.218333,0.415,0.973333,0.43,0.15,0.918333,0.031667,0.186667,0.135
27-2012.00,0.058333,0.01,0.018333,0.141667,0.101667,0.383333,0.14,0.375,0.111667,0.073333,0.148333,0.095,0.681667,0.421667,0.113333,0.078333,0.015,0.026667,0.02,0.006667,0,0.021667,0.011667,0.053333,0.038333,0.011667,0.013333,0.008333,0.125,0.316667,0.038333,0.173333,0.62,0.778333,0.84,0.333333,0.441667,0.975,0.045,0.165,0.045
27-2012.03,0.073333,0,0.003333,0.125,0.13,0.166667,0.188333,0.506667,0.093333,0.103333,0.33,0.223333,0.873333,0.433333,0.181667,0.145,0,0,0.016667,0.02,0,0,0,0.135,0.063333,0.003333,0,0,0.135,0.171667,0.108333,0.216667,0.171667,0.27,0.236667,0.333333,0.22,0.918333,0.025,0.145,0.055
27-2012.04,0,0,0,0.28,0.338333,0.28,0.228333,0.305,0.065,0.05,0.323333,0.131667,0.595,0.251667,0.053333,0.073333,0,0,0,0,0,0,0,0.01,0,0,0,0,0.125,0.19,0.003333,0.018333,0.196667,0.41,0.693333,0.18,0.111667,0.83,0.025,0.16,0.125
27-2012.05,0.466667,0,0,0.076667,0.078333,0.185,0.066667,0.195,0.065,0.103333,0.19,0.14,0.716667,0.16,0.093333,0.041667,0.005,0.06,0.083333,0.006667,0,0.006667,0,0.033333,0.285,0.026667,0,0,0.066667,0.085,0.083333,0.376667,0.211667,0.246667,0.175,0.141667,0.085,0.846667,0,0.165,0.016667
27-2021.00,0.068333,0.076667,0.006667,0.168333,0.113333,0.161667,0.235,0.328333,0.038333,0.021667,0.166667,0.013333,0.241667,0.446667,0.098333,0.023333,0.005,0.138333,0.663333,0.033333,0,0.076667,0,0.978333,0.028333,0.005,0.008333,0.018333,0.043333,0.015,0.051667,0.008333,0.021667,0.031667,0.065,0.023333,0.03,0.228333,0.025,0.203333,0.1
27-2022.00,0.033333,0.086667,0.021667,0.303333,0.678333,0.156667,0.135,0.18,0.038333,0.033333,0.465,0.083333,0.536667,0.535,0.048333,0.03,0,0.043333,0.173333,0.073333,0,0.061667,0.003333,0.963333,0.028333,0.011667,0.035,0.018333,0.18,0.041667,0.07,0.05,0.021667,0.026667,0.036667,0.015,0.023333,0.181667,0.02,0.745,0.488333
27-2023.00,0.018333,0.021667,0,0.146667,0.101667,0.041667,0.04,0.025,0.008333,0.056667,0.16,0.035,0.298333,0.368333,0.028333,0.146667,0,0.01,0.155,0.266667,0,0.045,0.008333,0.963333,0.015,0,0,0,0.04,0.026667,0.025,0.026667,0,0,0.028333,0,0.011667,0.045,0,0.268333,0.058333
27-2031.00,0.005,0.005,0.01,0.12,0.045,0.01,0.026667,0.095,0,0,0.03,0.01,0.038333,0.125,0,0,0,0,0.246667,0,0,0,0,0.518333,0.015,0,0.005,0.005,0.026667,0.156667,0.008333,0,0.171667,0.403333,0.973333,0.631667,0.03,0.218333,0.013333,0.16,0.058333
27-2032.00,0.005,0.016667,0.006667,0.228333,0.288333,0.066667,0.071667,0.138333,0.016667,0.005,0.13,0.026667,0.321667,0.286667,0.023333,0,0,0,0.083333,0,0,0,0,0.436667,0.005,0.003333,0.008333,0,0.096667,0.228333,0.03,0.008333,0.45,0.615,1,0.623333,0.116667,0.223333,0.031667,0.615,0.138333
27-2041.00,0.028333,0,0.136667,0.178333,0.126667,0.216667,0.1,0.201667,0.078333,0.045,0.1,0.075,0.536667,0.561667,0.028333,0.011667,0,0,0.013333,0,0,0,0,0.018333,0.005,0.008333,0,0,0.04,0.418333,0.103333,0.078333,0.11,0.561667,0.84,1,0.231667,0.555,0.051667,0.366667,0.045
27-2042.00,0.013333,0,0.053333,0.13,0.065,0.066667,0.178333,0.266667,0.016667,0,0.053333,0.01,0.103333,0.561667,0.048333,0,0,0.01,0.046667,0,0,0.015,0,0.063333,0.01,0,0,0,0.04,0.228333,0.025,0.013333,0.083333,0.263333,0.928333,1,0.17,0.596667,0.02,0.208333,0.065
27-3011.00,0.063333,0,0.03,0.213333,0.081667,0.121667,0.183333,0.481667,0.033333,0.033333,0.058333,0.09,0.188333,0.891667,0.17,0.03,0,0,0.02,0,0,0,0,0.176667,0.028333,0,0,0.005,0.1,0.195,0.021667,0.148333,0.096667,0.236667,0.545,0.401667,0.46,0.975,0,0.17,0.091667
27-3023.00,0.028333,0.06,0.05,0.081667,0.051667,0.081667,0.105,0.18,0.088333,0.04,0.046667,0.11,0.21,0.818333,0.528333,0.305,0,0.031667,0.02,0.091667,0.015,0.04,0.011667,0.093333,0.028333,0.073333,0.09,0.155,0.335,0.485,0.103333,0.211667,0.201667,0.22,0.175,0.026667,0.636667,0.975,0.031667,0.13,0.091667
27-3031.00,0,0.093333,0.021667,0.195,0.211667,0.49,0.358333,0.945,0.106667,0.073333,0.171667,0.233333,0.511667,0.796667,0.523333,0.121667,0,0,0,0.033333,0.005,0.028333,0.025,0.048333,0,0.015,0.035,0.036667,0.278333,0.178333,0.065,0.133333,0.25,0.263333,0.166667,0.031667,0.505,0.755,0.031667,0.203333,0.171667
27-3041.00,0,0.021667,0.01,0.066667,0.121667,0.175,0.066667,0.283333,0.06,0.103333,0.148333,0.43,0.595,0.166667,0.253333,0.08,0,0,0,0.006667,0,0,0,0.038333,0.005,0.011667,0.025,0.018333,0.125,0.411667,0.061667,0.175,0.218333,0.268333,0.123333,0.023333,0.818333,0.893333,0.013333,0.145,0.028333
27-3042.00,0.155,0.055,0,0.025,0.031667,0.023333,0.02,0.115,0.038333,0.125,0.118333,0.576667,0.16,0.08,0.033333,0.048333,0.02,0.01,0.01,0.02,0.006667,0.021667,0,0,0.29,0.158333,0.113333,0.07,0.086667,0.19,0.121667,0.406667,0.288333,0.275,0.043333,0.011667,0.32,0.383333,0.025,0.13,0.013333
27-3043.00,0,0.031667,0.018333,0.086667,0.061667,0.066667,0.353333,0.89,0.07,0.005,0.035,0.086667,0.186667,0.308333,0.113333,0.06,0,0,0,0,0.001667,0.018333,0.003333,0.018333,0,0,0.021667,0.018333,0.13,0.778333,0.033333,0.118333,0.161667,0.483333,0.195,0.031667,0.966667,0.83,0.031667,0.07,0.028333
27-3043.05,0,0.01,0.05,0.05,0.045,0.045,0.091667,0.211667,0,0.033333,0.03,0.055,0.113333,0.308333,0.128333,0.041667,0,0,0,0,0,0.021667,0.003333,0.01,0,0.011667,0.03,0.026667,0.145,0.86,0.021667,0.055,0.115,0.296667,0.38,0.375,1,0.731667,0.025,0.12,0.048333
27-3091.00,0,0.413333,0.07,0.286667,0.061667,0.023333,0.016667,0.053333,0.025,0.033333,0.125,0.213333,0.063333,0.171667,0.113333,0.396667,0,0,0,0.091667,0.001667,0,0.011667,0.015,0.005,0.015,0.071667,0.155,0.211667,0.721667,0.038333,0.098333,0.033333,0.141667,0.123333,0.026667,0.155,0.166667,0.025,0.186667,0.263333
27-3092.00,0.053333,0.005,0,0.081667,0.011667,0.011667,0.01,0.005,0.003333,0.085,0.046667,0.45,0.098333,0.06,0.093333,0.49,0,0,0.006667,0.065,0,0,0,0,0.015,0,0,0,0.076667,0.095,0.021667,0.255,0.015,0.016667,0.021667,0.018333,0.035,0.161667,0,0.026667,0.035
27-4011.00,0.758333,0.026667,0.033333,0.118333,0.028333,0.023333,0.03,0.115,0.016667,0.033333,0.065,0.086667,0.14,0.115,0.043333,0,0.036667,0.076667,0.301667,0.038333,0,0.015,0,0.171667,0.396667,0.036667,0,0,0.035,0.095,0.07,0.4,0.186667,0.215,0.325,0.436667,0.068333,0.718333,0,0.11,0.016667
27-4012.00,0.771667,0,0,0.035,0.005,0.018333,0,0.066667,0.003333,0.033333,0.041667,0.11,0.073333,0.05,0.023333,0.011667,0.025,0.05,0.17,0.006667,0,0,0,0.023333,0.508333,0.065,0,0,0.016667,0.031667,0.093333,0.486667,0.061667,0.081667,0.066667,0.15,0.035,0.623333,0,0.026667,0.013333
27-4014.00,0.601667,0,0.01,0.093333,0.02,0.02,0.026667,0.095,0.011667,0.056667,0.041667,0.09,0.088333,0.09,0.01,0,0.01,0.05,0.175,0,0,0.003333,0,0.125,0.421667,0.076667,0,0,0.04,0.116667,0.098333,0.288333,0.161667,0.471667,0.476667,0.448333,0.081667,0.853333,0.013333,0.07,0.016667
27-4021.00,0.198333,0.005,0.01,0.218333,0.021667,0.063333,0.131667,0.358333,0.033333,0.068333,0.053333,0.106667,0.145,0.075,0.073333,0.006667,0,0.043333,0.193333,0.02,0.026667,0.261667,0.025,0.093333,0.115,0.061667,0.043333,0.031667,0.04,0.161667,0.056667,0.216667,0.906667,0.785,0.156667,0.023333,0.085,0.725,0.065,0.056667,0.016667
27-4031.00,0.416667,0.005,0.006667,0.025,0.015,0.03,0.02,0.226667,0,0.033333,0.041667,0.021667,0.088333,0.055,0.063333,0,0.025,0.11,0.19,0.02,0.001667,0.1,0.008333,0.088333,0.216667,0.04,0.005,0.005,0.035,0.111667,0.038333,0.216667,0.656667,0.691667,0.418333,0.103333,0.08,0.926667,0.013333,0.031667,0.016667
27-4032.00,0.128333,0,0.003333,0.03,0.021667,0.055,0.023333,0.19,0.033333,0.051667,0.053333,0.11,0.236667,0.055,0.043333,0.011667,0,0.016667,0.02,0,0,0.003333,0,0.023333,0.12,0.016667,0,0,0.035,0.156667,0.051667,0.381667,0.865,0.806667,0.373333,0.286667,0.313333,0.926667,0.038333,0.051667,0.016667
29-1011.00,0.063333,0.896667,0.01,0.351667,0.423333,0.096667,0.105,0.13,0.033333,0.056667,0.106667,0.14,0.176667,0.16,0.023333,0.023333,0.005,0,0.355,0.02,0,0.003333,0,0.205,0.058333,0.105,0.35,0.446667,0.196667,0.02,0.103333,0.06,0.018333,0.008333,0.003333,0,0.018333,0.023333,0.006667,0.303333,0.46
29-1021.00,0.203333,0.971667,0.003333,0.228333,0.243333,0.081667,0.066667,0.071667,0.111667,0.155,0.166667,0.145,0.293333,0.13,0.038333,0.048333,0.005,0.005,0.188333,0.038333,0,0,0,0,0.2,0.173333,0.545,0.608333,0.125,0.031667,0.131667,0.065,0.018333,0.045,0.003333,0,0.011667,0.02,0,0.296667,0.236667
29-1022.00,0.093333,0.945,0,0.13,0.096667,0.026667,0.023333,0.021667,0.041667,0.051667,0.076667,0.055,0.166667,0.135,0.013333,0.048333,0.02,0,0.126667,0.033333,0,0,0,0,0.12,0.158333,0.571667,0.601667,0.095,0.031667,0.223333,0.045,0.018333,0.026667,0.003333,0,0.003333,0.003333,0,0.241667,0.065
29-1023.00,0.248333,0.903333,0,0.178333,0.148333,0.041667,0.055,0.048333,0.065,0.103333,0.125,0.166667,0.14,0.145,0.01,0.036667,0.041667,0.005,0.095,0.006667,0,0,0,0.005,0.433333,0.203333,0.375,0.503333,0.053333,0.015,0.261667,0.18,0.03,0.086667,0.003333,0,0.006667,0.016667,0,0.268333,0.116667
29-1024.00,0.225,0.945,0,0.315,0.121667,0.035,0.041667,0.058333,0.043333,0.061667,0.1,0.061667,0.13,0.09,0.01,0.03,0.083333,0.005,0.145,0,0,0,0,0,0.313333,0.136667,0.368333,0.51,0.13,0.026667,0.166667,0.06,0.078333,0.101667,0.01,0,0.006667,0.016667,0.006667,0.268333,0.176667
29-1031.00,0.01,0.808333,0.01,0.535,0.686667,0.073333,0.066667,0.128333,0.038333,0.085,0.196667,0.148333,0.27,0.458333,0.073333,0.03,0,0,0.02,0,0.066667,0.018333,0.02,0.176667,0.028333,0.213333,0.498333,0.588333,0.431667,0.133333,0.325,0.108333,0.026667,0.04,0.01,0,0.068333,0.123333,0.468333,0.555,0.4
29-1041.00,0.135,0.916667,0,0.24,0.356667,0.091667,0.145,0.076667,0.078333,0.143333,0.118333,0.123333,0.088333,0.191667,0.033333,0.085,0,0,0.063333,0.038333,0,0.003333,0,0.018333,0.136667,0.223333,0.525,0.683333,0.16,0.031667,0.251667,0.148333,0.021667,0.031667,0.003333,0,0.023333,0.02,0,0.366667,0.375
29-1051.00,0.048333,0.876667,0,0.333333,0.416667,0.088333,0.14,0.058333,0.083333,0.225,0.125,0.283333,0.276667,0.171667,0.058333,0.115,0,0,0.05,0.046667,0,0,0.003333,0,0.058333,0.396667,0.646667,0.635,0.201667,0.036667,0.426667,0.245,0,0.005,0,0,0.023333,0.023333,0.013333,0.426667,0.426667
29-1071.00,0.043333,0.945,0.003333,0.19,0.383333,0.03,0.026667,0.021667,0.011667,0.073333,0.125,0.153333,0.135,0.176667,0.028333,0.041667,0,0.01,0.108333,0.066667,0.006667,0.018333,0.011667,0.063333,0.053333,0.145,0.618333,0.655,0.278333,0.073333,0.251667,0.163333,0.011667,0,0,0,0.023333,0.02,0,0.483333,0.648333
29-1071.01,0.203333,0.923333,0,0.14,0.068333,0,0,0,0,0.04,0.065,0.061667,0.058333,0.06,0,0.011667,0,0.026667,0.108333,0.04,0,0,0,0,0.09,0.158333,0.386667,0.49,0.11,0.01,0.24,0.168333,0,0,0,0,0,0,0,0.208333,0.253333
29-1081.00,0.063333,0.938333,0,0.223333,0.221667,0.073333,0.045,0.095,0.075,0.126667,0.136667,0.106667,0.098333,0.203333,0.023333,0.03,0.015,0,0.1,0.006667,0,0,0,0.198333,0.12,0.11,0.518333,0.703333,0.175,0.026667,0.146667,0.093333,0.006667,0.021667,0.01,0,0.023333,0.036667,0,0.296667,0.226667
29-1122.00,0.068333,0.903333,0.003333,0.345,0.54,0.02,0.02,0.025,0.011667,0.033333,0.125,0.11,0.118333,0.176667,0.028333,0.036667,0.046667,0.021667,0.155,0,0.001667,0.01,0.025,0.123333,0.068333,0.033333,0.248333,0.403333,0.513333,0.15,0.116667,0.065,0.075,0.106667,0.028333,0.035,0.051667,0.033333,0.038333,0.6,0.858333
29-1122.01,0.145,0.71,0.003333,0.573333,0.705,0.018333,0.02,0.016667,0.003333,0.021667,0.106667,0.09,0.088333,0.246667,0.028333,0.03,0.025,0.076667,0.086667,0.038333,0,0.021667,0.028333,0.068333,0.09,0.026667,0.118333,0.225,0.388333,0.111667,0.06,0.108333,0.045,0.068333,0.021667,0.018333,0.051667,0.028333,0.02,0.818333,0.858333
29-1123.00,0.145,0.931667,0.003333,0.38,0.48,0.038333,0.045,0.035,0.011667,0.04,0.125,0.095,0.208333,0.28,0.063333,0.055,0.036667,0.031667,0.268333,0.038333,0,0.015,0.02,0.328333,0.146667,0.145,0.316667,0.453333,0.295,0.063333,0.171667,0.065,0.021667,0.026667,0.018333,0.011667,0.015,0.033333,0,0.548333,0.721667
29-1124.00,0.411667,0.903333,0,0.32,0.201667,0.011667,0.013333,0.005,0.008333,0.126667,0.113333,0.148333,0.13,0.115,0.005,0.036667,0,0.038333,0.225,0.053333,0,0,0,0,0.308333,0.396667,0.31,0.575,0.14,0.026667,0.36,0.175,0.011667,0.005,0,0,0.011667,0.008333,0,0.296667,0.406667
29-1125.00,0.01,0.821667,0.021667,0.573333,0.501667,0.02,0.03,0.03,0.003333,0.033333,0.155,0.106667,0.236667,0.198333,0.005,0.006667,0.03,0.01,0.091667,0.033333,0.005,0.111667,0.02,0.346667,0.01,0.008333,0.123333,0.368333,0.52,0.14,0.056667,0.018333,0.166667,0.156667,0.263333,0.206667,0.09,0.05,0.071667,0.613333,0.923333
29-1126.00,0.345,0.931667,0,0.19,0.238333,0.001667,0.02,0,0,0.056667,0.136667,0.098333,0.16,0.203333,0,0.011667,0,0.088333,0.235,0.053333,0,0,0,0.018333,0.206667,0.183333,0.486667,0.581667,0.12,0.026667,0.261667,0.113333,0,0,0.003333,0,0,0.016667,0,0.478333,0.501667
29-1127.00,0.028333,0.896667,0.003333,0.291667,0.563333,0.011667,0.02,0.025,0.011667,0.096667,0.148333,0.245,0.145,0.258333,0.033333,0.041667,0,0,0.02,0,0,0,0,0.018333,0.028333,0.03,0.226667,0.453333,0.495,0.178333,0.151667,0.098333,0.03,0.04,0.05,0.063333,0.055,0.076667,0.02,0.69,0.831667
29-1128.00,0.083333,0.715,0,0.345,0.451667,0.063333,0.071667,0.066667,0.003333,0.021667,0.155,0.083333,0.22,0.343333,0.01,0.023333,0,0.01,0.2,0.04,0,0.025,0.011667,0.703333,0.13,0.131667,0.531667,0.428333,0.233333,0.015,0.273333,0.05,0.011667,0.018333,0.018333,0.006667,0.026667,0.066667,0.02,0.568333,0.37
29-1129.01,0,0.703333,0.045,0.363333,0.54,0.03,0.02,0.058333,0,0.016667,0.113333,0.106667,0.15,0.23,0.028333,0.018333,0.03,0,0.025,0.02,0,0.015,0,0.005,0,0.008333,0.066667,0.186667,0.593333,0.328333,0.065,0.021667,0.626667,0.636667,0.17,0.098333,0.135,0.103333,0.025,0.568333,0.915
29-1129.02,0.013333,0.71,0.07,0.478333,0.443333,0.026667,0.026667,0.053333,0.003333,0.028333,0.106667,0.101667,0.166667,0.258333,0.018333,0.011667,0,0,0.028333,0.02,0,0,0.008333,0.028333,0.015,0.02,0.108333,0.361667,0.501667,0.328333,0.121667,0.036667,0.138333,0.366667,0.368333,0.795,0.155,0.118333,0.031667,0.483333,0.84
29-1131.00,0.103333,0.781667,0.003333,0.195,0.196667,0.055,0.041667,0.053333,0.056667,0.126667,0.131667,0.14,0.181667,0.218333,0.038333,0.048333,0,0.038333,0.261667,0.053333,0.436667,0.198333,0.966667,0.015,0.08,0.198333,0.913333,0.796667,0.13,0.02,0.225,0.068333,0,0,0,0,0.023333,0.023333,0.006667,0.308333,0.176667
29-1141.00,0.048333,0.986667,0.018333,0.315,0.37,0.035,0.033333,0.03,0.021667,0.113333,0.196667,0.158333,0.281667,0.263333,0.038333,0.036667,0,0.021667,0.183333,0.118333,0,0.01,0.003333,0.018333,0.043333,0.101667,0.416667,0.51,0.261667,0.063333,0.213333,0.108333,0.018333,0.008333,0.003333,0,0.011667,0.028333,0.031667,0.515,0.755
29-1141.01,0.198333,0.951667,0.01,0.398333,0.201667,0.023333,0.016667,0,0.008333,0.033333,0.125,0.058333,0.186667,0.203333,0.018333,0.03,0,0.033333,0.23,0.091667,0,0,0,0.01,0.136667,0.113333,0.473333,0.615,0.245,0.036667,0.235,0.118333,0.003333,0.005,0.003333,0,0.023333,0.023333,0.013333,0.308333,0.665
29-1141.02,0.023333,0.916667,0.018333,0.173333,0.495,0.023333,0.02,0.016667,0.011667,0.051667,0.1,0.113333,0.135,0.181667,0.033333,0.096667,0,0,0.02,0.111667,0,0,0,0.005,0.028333,0.081667,0.316667,0.628333,0.813333,0.133333,0.198333,0.118333,0.015,0.021667,0.015,0.011667,0.038333,0.028333,0,0.47,0.868333
29-1141.03,0.215,0.965,0.006667,0.161667,0.143333,0.018333,0.01,0,0.011667,0.04,0.185,0.068333,0.166667,0.155,0.013333,0.023333,0,0.031667,0.19,0.105,0,0,0.008333,0.005,0.105,0.126667,0.38,0.555,0.261667,0.041667,0.251667,0.133333,0.003333,0,0,0.003333,0.006667,0.011667,0,0.303333,0.588333
29-1141.04,0.023333,0.938333,0.018333,0.168333,0.516667,0.096667,0.041667,0.025,0.038333,0.075,0.233333,0.163333,0.576667,0.343333,0.058333,0.061667,0,0,0.05,0.033333,0,0,0.003333,0.018333,0.02,0.058333,0.411667,0.521667,0.323333,0.068333,0.213333,0.07,0.003333,0.005,0.01,0,0.026667,0.036667,0.02,0.613333,0.746667
29-1151.00,0.208333,0.938333,0,0.14,0.093333,0.015,0.013333,0,0.008333,0.045,0.088333,0.046667,0.135,0.08,0.018333,0.066667,0,0.016667,0.121667,0.105,0,0,0,0,0.195,0.178333,0.345,0.541667,0.12,0.005,0.235,0.158333,0,0,0,0,0,0,0,0.263333,0.258333
29-1161.00,0.018333,0.958333,0.015,0.218333,0.48,0.058333,0.036667,0.025,0.008333,0.028333,0.131667,0.106667,0.193333,0.263333,0.058333,0.096667,0,0,0.1,0.04,0,0,0,0.015,0.028333,0.07,0.455,0.548333,0.311667,0.073333,0.246667,0.036667,0.003333,0,0.006667,0.003333,0.023333,0.025,0,0.503333,0.763333
29-1171.00,0.053333,0.958333,0.015,0.375,0.436667,0.055,0.023333,0.013333,0.021667,0.08,0.143333,0.148333,0.231667,0.235,0.068333,0.06,0,0.005,0.063333,0.066667,0.001667,0.006667,0.003333,0.018333,0.063333,0.178333,0.545,0.635,0.223333,0.063333,0.225,0.128333,0.003333,0,0,0,0.023333,0.023333,0.02,0.385,0.696667
29-1181.00,0.248333,0.903333,0,0.268333,0.495,0.076667,0.121667,0.095,0.083333,0.16,0.143333,0.218333,0.236667,0.303333,0.028333,0.041667,0,0.005,0.038333,0,0,0,0,0.023333,0.178333,0.126667,0.411667,0.621667,0.318333,0.051667,0.268333,0.158333,0.018333,0.035,0.015,0.026667,0.023333,0.063333,0,0.561667,0.595
29-1211.00,0.103333,0.945,0.003333,0.141667,0.126667,0.063333,0.016667,0,0.038333,0.056667,0.171667,0.078333,0.225,0.186667,0.018333,0.041667,0,0.01,0.091667,0.04,0,0,0,0,0.1,0.24,0.525,0.746667,0.16,0.026667,0.318333,0.088333,0,0,0,0,0.011667,0.011667,0,0.378333,0.236667
29-1213.00,0.063333,0.958333,0,0.168333,0.233333,0.035,0.03,0.035,0.011667,0.04,0.13,0.115,0.135,0.176667,0.023333,0.036667,0,0.005,0.095,0.013333,0,0,0,0.015,0.085,0.173333,0.798333,0.87,0.145,0.031667,0.166667,0.113333,0.018333,0.021667,0,0,0.015,0.028333,0,0.285,0.195
29-1214.00,0.068333,0.98,0.015,0.141667,0.138333,0.041667,0.02,0,0.038333,0.051667,0.143333,0.051667,0.253333,0.208333,0.038333,0.061667,0,0.021667,0.126667,0.215,0,0.003333,0,0.028333,0.063333,0.193333,0.435,0.615,0.25,0.031667,0.23,0.118333,0,0,0,0,0.006667,0.023333,0,0.258333,0.501667
29-1215.00,0.053333,0.993333,0.015,0.393333,0.531667,0.07,0.03,0.03,0.056667,0.08,0.178333,0.115,0.288333,0.263333,0.073333,0.103333,0,0.01,0.035,0.046667,0,0.015,0.008333,0.068333,0.048333,0.168333,0.625,0.711667,0.42,0.118333,0.251667,0.168333,0.015,0.008333,0.015,0,0.018333,0.028333,0.02,0.593333,0.788333
29-1216.00,0.078333,0.971667,0.018333,0.326667,0.43,0.03,0.02,0.025,0.038333,0.085,0.16,0.11,0.21,0.258333,0.063333,0.055,0,0.005,0.035,0.08,0,0.01,0,0.043333,0.095,0.255,0.723333,0.768333,0.29,0.063333,0.268333,0.133333,0.015,0.005,0.003333,0,0.018333,0.023333,0.013333,0.385,0.566667
29-1217.00,0.058333,0.98,0.006667,0.173333,0.283333,0.041667,0.026667,0.013333,0.016667,0.028333,0.118333,0.095,0.193333,0.251667,0.013333,0.036667,0,0,0.02,0.006667,0,0,0,0.015,0.08,0.173333,0.828333,0.855,0.261667,0.051667,0.285,0.133333,0.006667,0,0.003333,0,0.018333,0.023333,0,0.373333,0.433333
29-1218.00,0.078333,0.98,0.015,0.24,0.331667,0.07,0.023333,0.025,0.051667,0.085,0.136667,0.135,0.31,0.275,0.093333,0.085,0,0,0.14,0.033333,0,0,0,0.018333,0.063333,0.118333,0.695,0.725,0.196667,0.031667,0.235,0.103333,0.021667,0,0,0,0.023333,0.023333,0.006667,0.343333,0.588333
29-1221.00,0.018333,0.98,0.021667,0.31,0.473333,0.058333,0.026667,0.03,0.038333,0.033333,0.143333,0.115,0.225,0.263333,0.048333,0.055,0,0,0.028333,0.033333,0,0.01,0.003333,0.053333,0.048333,0.096667,0.66,1,0.42,0.111667,0.24,0.133333,0.011667,0.008333,0.006667,0.011667,0.023333,0.02,0.013333,0.575,0.796667
29-1222.00,0.108333,0.736667,0,0.045,0.068333,0.03,0.013333,0,0.025,0.08,0.058333,0.158333,0.22,0.125,0.023333,0.121667,0,0.016667,0.108333,0.266667,0.01,0.01,0.028333,0,0.178333,0.523333,0.896667,0.931667,0.1,0.041667,0.306667,0.245,0.021667,0,0,0,0.026667,0.023333,0,0.268333,0.068333
29-1223.00,0.005,0.938333,0.03,0.211667,0.525,0.035,0.026667,0.021667,0.021667,0.033333,0.118333,0.131667,0.181667,0.258333,0.058333,0.115,0,0,0,0.08,0,0,0,0,0.015,0.07,0.333333,0.661667,0.905,0.235,0.23,0.108333,0.006667,0.021667,0.01,0.011667,0.046667,0.045,0,0.403333,0.85
29-1224.00,0.155,0.923333,0,0.146667,0.121667,0.035,0.016667,0.016667,0.03,0.051667,0.118333,0.153333,0.135,0.14,0.013333,0.048333,0,0.031667,0.038333,0.026667,0,0,0.008333,0.005,0.268333,0.558333,0.505,0.818333,0.091667,0.026667,0.401667,0.425,0.018333,0.005,0.003333,0,0.018333,0.023333,0,0.263333,0.135
29-1229.01,0.053333,0.938333,0.003333,0.185,0.325,0.033333,0.02,0.016667,0.025,0.045,0.118333,0.11,0.125,0.258333,0.018333,0.036667,0,0,0.04,0.006667,0.005,0.003333,0.028333,0.01,0.063333,0.223333,0.835,0.891667,0.196667,0.031667,0.256667,0.098333,0,0,0.006667,0,0.023333,0.02,0.02,0.49,0.375
29-1229.02,0.013333,0.945,0.006667,0.178333,0.176667,0.063333,0.03,0.005,0.051667,0.091667,0.196667,0.145,0.328333,0.181667,0.033333,0.048333,0,0.005,0.031667,0.026667,0,0,0,0.01,0.015,0.088333,0.398333,0.548333,0.278333,0.053333,0.191667,0.158333,0,0,0,0,0.018333,0.023333,0,0.421667,0.53
29-1229.03,0.14,0.958333,0,0.146667,0.156667,0.038333,0.023333,0.026667,0.046667,0.045,0.141667,0.065,0.198333,0.225,0.043333,0.073333,0,0.01,0.113333,0.026667,0,0,0,0.018333,0.141667,0.183333,0.695,0.9,0.196667,0.031667,0.246667,0.123333,0.006667,0.005,0,0,0.011667,0.02,0,0.308333,0.181667
29-1229.04,0.14,0.951667,0.003333,0.24,0.41,0.033333,0.03,0.016667,0.03,0.05,0.155,0.09,0.176667,0.241667,0.033333,0.091667,0,0.021667,0.066667,0.02,0,0.006667,0,0.311667,0.136667,0.178333,0.571667,0.725,0.341667,0.073333,0.246667,0.138333,0.015,0.021667,0.006667,0.011667,0.023333,0.023333,0,0.433333,0.618333
29-1229.05,0.053333,0.903333,0,0.168333,0.48,0.066667,0.033333,0.061667,0.051667,0.068333,0.22,0.098333,0.491667,0.466667,0.198333,0.206667,0,0,0.013333,0.195,0.043333,0.121667,0.033333,0.053333,0.09,0.228333,0.746667,0.885,0.696667,0.085,0.438333,0.185,0.021667,0.008333,0.018333,0,0.06,0.063333,0.025,0.503333,0.566667
29-1229.06,0.063333,0.925,0,0.173333,0.465,0.045,0.033333,0.035,0.021667,0.04,0.166667,0.101667,0.186667,0.22,0.033333,0.048333,0,0.01,0.131667,0.038333,0.001667,0.053333,0,0.773333,0.095,0.096667,0.558333,0.753333,0.206667,0.031667,0.171667,0.045,0.003333,0.005,0,0,0.015,0.041667,0.02,0.465,0.395
29-1241.00,0.118333,0.958333,0,0.235,0.206667,0.073333,0.051667,0.048333,0.051667,0.051667,0.106667,0.135,0.231667,0.198333,0.028333,0.036667,0.005,0.016667,0.07,0.006667,0,0,0,0.028333,0.136667,0.155,0.695,0.746667,0.135,0.031667,0.246667,0.128333,0.018333,0.026667,0,0,0.023333,0.023333,0,0.268333,0.363333
29-1291.00,0.033333,0.896667,0.018333,0.548333,0.363333,0.038333,0.06,0.058333,0.016667,0.073333,0.053333,0.098333,0.118333,0.15,0.023333,0.073333,0.005,0,0.155,0,0.006667,0,0,0.073333,0.043333,0.061667,0.27,0.398333,0.245,0.173333,0.07,0.013333,0.021667,0.021667,0.006667,0.003333,0.035,0.023333,0.038333,0.403333,0.495
29-1292.00,0.108333,0.903333,0,0.435,0.271667,0.011667,0.036667,0.008333,0,0.073333,0.095,0.135,0.048333,0.145,0,0.011667,0.01,0,0.22,0.026667,0,0,0,0,0.063333,0.101667,0.363333,0.355,0.066667,0,0.078333,0.04,0.003333,0.008333,0,0,0.003333,0.003333,0,0.428333,0.381667
29-1299.01,0.053333,0.931667,0.018333,0.246667,0.451667,0.035,0.055,0.066667,0.051667,0.085,0.058333,0.131667,0.123333,0.28,0.053333,0.066667,0,0,0.126667,0.033333,0.023333,0.078333,0.016667,0.083333,0.063333,0.178333,0.633333,0.628333,0.388333,0.145,0.193333,0.055,0.018333,0.013333,0.003333,0.003333,0.023333,0.036667,0.223333,0.451667,0.573333
29-1299.02,0.063333,0.896667,0,0.201667,0.143333,0.01,0.03,0.005,0,0.021667,0.088333,0.11,0.068333,0.155,0,0,0,0,0.075,0,0,0,0,0.018333,0.11,0.081667,0.345,0.595,0.181667,0.036667,0.171667,0.05,0.018333,0.013333,0,0,0.023333,0.023333,0,0.396667,0.253333
29-2011.00,0.356667,0.728333,0,0.071667,0.045,0.023333,0.013333,0,0.03,0.136667,0.101667,0.14,0.21,0.08,0,0,0,0.031667,0.175,0.033333,0.005,0,0.011667,0,0.245,0.558333,0.798333,0.768333,0.086667,0.02,0.383333,0.233333,0.006667,0,0,0,0.006667,0.011667,0,0.186667,0.061667
29-2011.01,0.123333,0.555,0,0.015,0.015,0.001667,0,0,0,0.045,0.046667,0.123333,0.108333,0.041667,0,0.018333,0,0,0.078333,0.006667,0,0,0.003333,0,0.115,0.335,0.913333,0.885,0.04,0,0.33,0.18,0.015,0.013333,0,0,0.011667,0.008333,0,0.13,0.025
29-2011.02,0.14,0.69,0,0.015,0.02,0.006667,0,0,0,0.056667,0.041667,0.101667,0.118333,0.031667,0,0,0,0.01,0.075,0.013333,0,0,0.003333,0,0.125,0.163333,0.881667,0.825,0.04,0,0.108333,0.04,0.015,0,0,0,0.006667,0.003333,0,0.07,0.035
29-2011.04,0.298333,0.683333,0,0.04,0.036667,0.001667,0,0,0.003333,0.068333,0.058333,0.123333,0.14,0.07,0,0,0.01,0.01,0.15,0.006667,0,0,0.011667,0,0.115,0.323333,0.843333,0.84,0.081667,0.026667,0.136667,0.133333,0.021667,0.026667,0,0,0.003333,0.011667,0.006667,0.191667,0.041667
29-2012.00,0.305,0.748333,0,0.055,0.016667,0,0.01,0,0.008333,0.12,0.065,0.14,0.073333,0.026667,0,0.011667,0,0.021667,0.198333,0.046667,0.001667,0.003333,0.02,0,0.261667,0.495,0.71,0.711667,0.066667,0.02,0.341667,0.168333,0.003333,0,0,0,0.006667,0.011667,0,0.135,0.076667
29-2012.01,0.265,0.561667,0,0.005,0,0,0,0,0,0.045,0.018333,0.095,0.028333,0.013333,0,0,0.01,0.031667,0.183333,0.013333,0,0,0.016667,0,0.141667,0.328333,0.738333,0.661667,0.043333,0.031667,0.083333,0.108333,0.018333,0.016667,0,0,0.003333,0,0,0.041667,0.016667
29-2031.00,0.435,0.903333,0,0.211667,0.071667,0.005,0.02,0,0,0.056667,0.106667,0.118333,0.088333,0.08,0,0.006667,0,0.031667,0.155,0.013333,0,0,0,0.038333,0.301667,0.158333,0.393333,0.575,0.086667,0,0.186667,0.18,0,0,0,0,0,0,0,0.28,0.186667
29-2032.00,0.363333,0.87,0,0.195,0.061667,0.01,0.03,0,0.011667,0.085,0.088333,0.168333,0.108333,0.07,0,0.041667,0,0.038333,0.193333,0.026667,0,0,0,0.005,0.256667,0.193333,0.293333,0.496667,0.081667,0.02,0.191667,0.2,0.018333,0.021667,0.003333,0,0.018333,0.023333,0,0.213333,0.221667
29-2033.00,0.293333,0.828333,0,0.12,0.045,0.001667,0.01,0,0.011667,0.143333,0.053333,0.131667,0.103333,0.08,0,0.018333,0,0.026667,0.14,0.073333,0,0,0,0,0.32,0.678333,0.441667,0.628333,0.086667,0.005,0.451667,0.3,0.015,0,0,0,0,0.011667,0,0.15,0.076667
29-2034.00,0.145,0.835,0,0.19,0.055,0,0.02,0,0,0.061667,0.113333,0.14,0.118333,0.055,0,0.011667,0,0.071667,0.261667,0.033333,0,0,0,0.015,0.308333,0.328333,0.216667,0.471667,0.071667,0,0.166667,0.216667,0.015,0.013333,0,0,0,0.031667,0,0.17,0.156667
29-2035.00,0.491667,0.808333,0,0.286667,0.071667,0.001667,0.016667,0,0,0.068333,0.088333,0.153333,0.088333,0.11,0,0.006667,0,0.06,0.165,0.033333,0,0,0,0,0.355,0.346667,0.305,0.453333,0.086667,0.01,0.203333,0.245,0.015,0.005,0,0,0.006667,0.02,0,0.225,0.13
29-2036.00,0.258333,0.703333,0,0.081667,0.081667,0.023333,0.013333,0.005,0.008333,0.125,0.083333,0.101667,0.155,0.13,0.005,0.011667,0.015,0.016667,0.038333,0.02,0,0,0,0,0.578333,0.671667,0.436667,0.74,0.081667,0.01,0.788333,0.545,0.026667,0.04,0.003333,0,0.011667,0.016667,0,0.263333,0.113333
29-2051.00,0.028333,0.656667,0.003333,0.491667,0.403333,0.038333,0.03,0.038333,0.033333,0.143333,0.238333,0.176667,0.293333,0.186667,0.028333,0.041667,0,0.016667,0.15,0.026667,0.023333,0.006667,0,0.058333,0.023333,0.096667,0.248333,0.308333,0.165,0.036667,0.176667,0.093333,0.015,0.045,0.01,0,0.023333,0.02,0.438333,0.421667,0.515
29-2052.00,0.053333,0.6,0,0.256667,0.023333,0.02,0.121667,0,0.041667,0.213333,0.088333,0.5,0.088333,0.026667,0.005,0.091667,0,0.005,0.193333,0.053333,0,0,0,0,0.043333,0.123333,0.158333,0.225,0.04,0,0.121667,0.163333,0,0,0,0,0,0,0.006667,0.055,0.096667
29-2053.00,0.023333,0.863333,0.01,0.38,0.271667,0,0.01,0,0,0.005,0.125,0.068333,0.073333,0.12,0.013333,0.073333,0,0.016667,0.198333,0.291667,0,0,0.003333,0.015,0.005,0.008333,0.148333,0.275,0.566667,0.085,0.051667,0.04,0.011667,0,0.015,0.011667,0.011667,0.02,0,0.451667,0.915
29-2055.00,0.181667,0.883333,0,0.071667,0.015,0,0,0,0,0.028333,0.046667,0.016667,0.023333,0.023333,0,0,0.01,0.005,0.301667,0,0,0,0,0,0.083333,0.036667,0.163333,0.28,0.04,0,0.025,0.026667,0,0,0,0,0,0,0.006667,0.09,0.091667
29-2056.00,0.186667,0.835,0,0.206667,0.065,0,0.03,0.013333,0.021667,0.195,0.088333,0.148333,0.088333,0.065,0,0.011667,0,0.01,0.336667,0.033333,0.115,0.033333,0.846667,0,0.085,0.178333,0.731667,0.621667,0.04,0,0.208333,0.045,0,0.005,0,0,0.006667,0.003333,0,0.165,0.088333
29-2057.00,0.193333,0.883333,0,0.206667,0.051667,0.001667,0.026667,0.005,0,0.056667,0.095,0.153333,0.058333,0.05,0,0,0,0.033333,0.121667,0,0,0,0,0,0.141667,0.126667,0.363333,0.478333,0.081667,0,0.24,0.05,0,0,0,0,0.003333,0,0,0.225,0.166667
29-2061.00,0.058333,0.916667,0.01,0.435,0.148333,0.018333,0.023333,0,0.008333,0.063333,0.118333,0.106667,0.155,0.08,0.005,0.018333,0,0.01,0.278333,0.046667,0,0,0.008333,0.018333,0.038333,0.036667,0.211667,0.355,0.14,0.031667,0.141667,0.045,0,0,0,0,0.011667,0.003333,0.031667,0.22,0.626667
29-2081.00,0.225,0.425,0,0.503333,0.121667,0.066667,0.166667,0.12,0.075,0.183333,0.106667,0.206667,0.22,0.11,0.005,0.06,0.025,0.005,0.18,0,0,0,0,0,0.136667,0.061667,0.056667,0.085,0.04,0,0.126667,0.078333,0.033333,0.076667,0,0,0.006667,0.003333,0,0.218333,0.091667
29-2091.00,0.53,0.801667,0,0.315,0.185,0.023333,0.055,0.035,0.025,0.08,0.118333,0.11,0.198333,0.13,0.01,0.006667,0.068333,0.031667,0.29,0,0,0,0,0.13,0.645,0.188333,0.21,0.41,0.191667,0.02,0.225,0.143333,0.083333,0.045,0.01,0,0.023333,0.02,0.006667,0.391667,0.395
29-2092.00,0.338333,0.841667,0,0.598333,0.51,0.041667,0.183333,0.085,0.041667,0.166667,0.143333,0.196667,0.145,0.166667,0.005,0.018333,0.015,0.01,0.07,0.006667,0,0,0,0,0.216667,0.11,0.148333,0.38,0.278333,0.046667,0.151667,0.133333,0.015,0.048333,0.006667,0.035,0.018333,0.023333,0,0.483333,0.573333
29-2099.01,0.4,0.808333,0,0.146667,0.058333,0,0.01,0,0,0.051667,0.088333,0.11,0.068333,0.065,0,0,0,0.026667,0.1,0.02,0,0,0,0,0.266667,0.15,0.486667,0.608333,0.125,0.026667,0.301667,0.25,0.015,0,0,0,0.011667,0.008333,0,0.16,0.108333
29-2099.05,0.166667,0.863333,0,0.218333,0.148333,0.023333,0.03,0,0.003333,0.056667,0.118333,0.148333,0.13,0.08,0,0,0,0,0.105,0.006667,0,0,0,0,0.136667,0.163333,0.48,0.548333,0.081667,0,0.256667,0.06,0.033333,0.026667,0,0,0.003333,0.011667,0,0.303333,0.216667
29-2099.08,0.005,0.728333,0.01,0.658333,0.67,0.063333,0.083333,0.1,0.056667,0.068333,0.371667,0.436667,0.27,0.236667,0.063333,0.116667,0,0,0,0.033333,0,0,0.003333,0,0,0.003333,0.128333,0.213333,0.47,0.08,0.043333,0.093333,0.006667,0.005,0,0,0.051667,0.058333,0,0.268333,0.815
29-9091.00,0.043333,0.868333,0,0.298333,0.313333,0.03,0.033333,0.03,0,0.045,0.16,0.08,0.181667,0.263333,0.005,0.03,0,0.021667,0.301667,0.08,0,0.053333,0.011667,0.955,0.048333,0.065,0.265,0.421667,0.24,0.02,0.078333,0.026667,0.006667,0.013333,0.015,0,0.015,0.023333,0.02,0.548333,0.466667
29-9092.00,0,0.855,0.006667,0.31,0.776667,0.051667,0.041667,0.038333,0.011667,0.051667,0.113333,0.145,0.14,0.338333,0.028333,0.085,0,0,0,0.006667,0,0,0,0,0.028333,0.14,0.79,0.781667,0.463333,0.09,0.33,0.06,0.011667,0.021667,0.018333,0,0.055,0.063333,0,0.535,0.73
29-9093.00,0.093333,0.863333,0,0.066667,0.033333,0,0,0,0,0.028333,0.053333,0.02,0.058333,0.026667,0,0,0,0.016667,0.353333,0.026667,0,0,0,0.005,0.078333,0.055,0.221667,0.361667,0.053333,0,0.046667,0.018333,0,0,0,0,0,0,0.006667,0.12,0.116667
29-9099.01,0.023333,0.951667,0.03,0.435,0.501667,0.035,0.03,0.025,0.003333,0.021667,0.076667,0.098333,0.16,0.176667,0.028333,0.011667,0,0,0.205,0.026667,0,0,0,0.018333,0.048333,0.055,0.531667,0.516667,0.235,0.116667,0.146667,0.013333,0.006667,0.008333,0.006667,0.023333,0.015,0.02,0.02,0.496667,0.805
31-1121.00,0.028333,0.863333,0.018333,0.645,0.093333,0,0.023333,0,0,0.04,0.058333,0.04,0.043333,0.041667,0,0,0,0.06,0.435,0.026667,0,0,0.025,0.038333,0.005,0.008333,0.08,0.145,0.081667,0.026667,0.025,0.008333,0,0,0.01,0.011667,0.011667,0,0.16,0.303333,0.868333
31-1122.00,0.033333,0.696667,0.021667,0.731667,0.138333,0.005,0.02,0.005,0.008333,0.033333,0.125,0.075,0.063333,0.065,0.005,0.006667,0.005,0.071667,0.318333,0.053333,0,0.015,0.036667,0.023333,0.015,0,0.038333,0.115,0.186667,0.031667,0.008333,0.013333,0,0.008333,0.003333,0.015,0.011667,0.008333,0.173333,0.275,0.943333
31-1131.00,0.028333,0.916667,0.018333,0.6,0.065,0,0.016667,0,0,0.045,0.088333,0.078333,0.053333,0.055,0.005,0,0,0.06,0.39,0.053333,0,0,0.071667,0.015,0.015,0.011667,0.148333,0.166667,0.105,0.026667,0.025,0.008333,0,0,0.003333,0,0,0,0.058333,0.186667,0.755
31-1132.00,0.063333,0.613333,0,0.211667,0.006667,0,0.01,0,0,0.021667,0.03,0.04,0.013333,0.018333,0,0,0,0.295,0.738333,0.138333,0,0,0.003333,0.018333,0.015,0,0.035,0.07,0.021667,0,0.003333,0.008333,0,0,0,0,0,0,0,0.026667,0.205
31-1133.00,0.01,0.815,0.018333,0.416667,0.151667,0,0.02,0,0,0.04,0.088333,0.11,0.063333,0.06,0,0.011667,0,0.01,0.24,0.285,0,0,0.008333,0.048333,0,0.003333,0.095,0.23,0.475,0.046667,0.016667,0.008333,0.011667,0.005,0.006667,0.011667,0.018333,0.003333,0.02,0.263333,0.915
31-2011.00,0.073333,0.896667,0.003333,0.435,0.486667,0.001667,0.023333,0.021667,0.003333,0.061667,0.113333,0.171667,0.083333,0.16,0.01,0.011667,0.063333,0.05,0.225,0.013333,0,0,0.028333,0.083333,0.053333,0.02,0.123333,0.235,0.346667,0.068333,0.043333,0.088333,0.058333,0.063333,0.031667,0.023333,0.026667,0.02,0.02,0.62,0.868333
31-2012.00,0.083333,0.808333,0.003333,0.423333,0.233333,0,0.016667,0.005,0,0.045,0.118333,0.233333,0.068333,0.115,0,0,0.036667,0.071667,0.251667,0.013333,0,0,0.025,0.053333,0.043333,0.005,0.085,0.145,0.233333,0.046667,0.038333,0.07,0.058333,0.063333,0.028333,0.011667,0.023333,0.011667,0.013333,0.44,0.755
31-2021.00,0.068333,0.903333,0,0.453333,0.376667,0.005,0.023333,0.005,0,0.068333,0.106667,0.121667,0.068333,0.145,0,0.018333,0.015,0.055,0.428333,0.013333,0,0.01,0.008333,0.316667,0.063333,0.058333,0.211667,0.343333,0.18,0.026667,0.093333,0.065,0.011667,0.016667,0.01,0.011667,0.018333,0.023333,0,0.541667,0.746667
31-2022.00,0.123333,0.801667,0,0.428333,0.09,0.001667,0.02,0.005,0.008333,0.051667,0.106667,0.153333,0.058333,0.036667,0,0,0.03,0.066667,0.415,0.013333,0,0,0.011667,0.215,0.043333,0.02,0.095,0.166667,0.086667,0.005,0.008333,0.045,0,0.008333,0.01,0.003333,0.006667,0.011667,0,0.241667,0.603333
31-9011.00,0.013333,0.755,0.01,0.738333,0.211667,0.018333,0.095,0.066667,0.008333,0.016667,0.088333,0.051667,0.073333,0.06,0,0.018333,0,0.01,0.396667,0.02,0,0.015,0.008333,0.226667,0.01,0.026667,0.221667,0.338333,0.196667,0.026667,0.03,0,0.021667,0.031667,0.01,0.015,0.023333,0.02,0.025,0.303333,0.515
31-9091.00,0.16,0.835,0,0.31,0.085,0.01,0.045,0.013333,0.033333,0.248333,0.118333,0.35,0.155,0.056667,0,0,0.01,0.01,0.246667,0.006667,0,0,0,0,0.063333,0.055,0.143333,0.225,0.04,0.005,0.043333,0.088333,0,0.013333,0,0,0,0,0.006667,0.251667,0.161667
31-9092.00,0.103333,0.931667,0,0.333333,0.105,0.018333,0.023333,0,0.03,0.213333,0.118333,0.546667,0.135,0.07,0.01,0.018333,0,0.021667,0.246667,0.046667,0,0,0.02,0.005,0.038333,0.07,0.173333,0.28,0.13,0.02,0.06,0.128333,0,0,0,0,0,0.008333,0,0.256667,0.363333
31-9093.00,0.536667,0.536667,0,0.061667,0.001667,0,0.02,0,0,0.08,0.046667,0.126667,0.043333,0.023333,0,0,0.025,0.076667,0.108333,0.046667,0,0,0,0,0.206667,0.101667,0.153333,0.213333,0.03,0,0.033333,0.083333,0,0,0,0,0,0,0.013333,0.06,0.031667
31-9094.00,0.023333,0.543333,0,0.055,0.015,0,0,0,0.008333,0.178333,0.1,0.808333,0.068333,0.005,0,0.055,0,0,0.01,0,0,0,0,0,0.01,0.02,0.133333,0.208333,0.081667,0.051667,0.056667,0.195,0,0.005,0.003333,0,0.035,0.05,0,0.041667,0.1
31-9095.00,0.023333,0.363333,0,0.256667,0.021667,0.033333,0.25,0.048333,0.041667,0.136667,0.095,0.576667,0.093333,0.046667,0.005,0,0,0.01,0.21,0.013333,0,0,0,0,0.015,0.015,0.066667,0.07,0.013333,0,0.011667,0.026667,0,0,0,0,0,0,0,0.026667,0.073333
31-9096.00,0.073333,0.67,0,0.235,0.045,0,0.045,0.025,0.016667,0.131667,0.076667,0.163333,0.068333,0.051667,0,0.011667,0,0.021667,0.48,0.046667,0.053333,0.045,0.885,0.015,0.043333,0.081667,0.491667,0.421667,0.066667,0,0.083333,0.045,0,0,0,0,0.015,0,0.006667,0.15,0.091667
31-9097.00,0.053333,0.788333,0,0.146667,0.043333,0.001667,0.02,0,0.008333,0.068333,0.088333,0.163333,0.053333,0.065,0,0.011667,0,0.055,0.198333,0.013333,0,0,0.003333,0,0.038333,0.093333,0.328333,0.38,0.076667,0.01,0.065,0.098333,0,0,0,0,0,0,0,0.213333,0.121667
31-9099.01,0.005,0.801667,0,0.246667,0.26,0.001667,0.02,0.021667,0,0.08,0.136667,0.213333,0.108333,0.15,0.005,0,0,0,0.02,0,0,0,0,0.005,0.01,0.016667,0.168333,0.32,0.37,0.188333,0.111667,0.055,0.038333,0.026667,0.025,0.038333,0.046667,0.053333,0,0.613333,0.753333
31-9099.02,0.491667,0.841667,0,0.103333,0.021667,0,0,0,0,0.033333,0.083333,0.058333,0.043333,0.056667,0,0,0,0.021667,0.241667,0.006667,0,0,0,0,0.24,0.088333,0.276667,0.428333,0.04,0,0.065,0.113333,0.003333,0,0,0,0,0.003333,0,0.15,0.08
33-1011.00,0.038333,0.081667,0.006667,0.098333,0.028333,0.07,0.02,0.005,0.011667,0.085,0.378333,0.163333,0.815,0.198333,0.108333,0.366667,0.015,0.121667,0.175,0.913333,0.006667,0,0,0.048333,0.015,0,0,0.005,0.235,0.031667,0.025,0.065,0,0,0,0,0,0.02,0.013333,0.213333,0.286667
33-1012.00,0.038333,0.048333,0.003333,0.173333,0.271667,0.2,0.036667,0.053333,0.041667,0.12,0.526667,0.191667,0.888333,0.528333,0.23,0.57,0,0.076667,0.061667,0.855,0,0.021667,0.011667,0.053333,0.028333,0.011667,0.005,0.008333,0.261667,0.041667,0.051667,0.07,0,0,0.01,0,0.035,0.058333,0,0.331667,0.241667
33-1021.00,0.293333,0.235,0,0.108333,0.153333,0.185,0.03,0.025,0.051667,0.108333,0.385,0.171667,0.8,0.385,0.118333,0.195,0.078333,0.378333,0.596667,0.831667,0.006667,0.313333,0.008333,0.15,0.216667,0.061667,0.025,0.08,0.086667,0.015,0.093333,0.065,0,0,0,0,0.018333,0.033333,0,0.315,0.156667
33-1091.00,0.155,0.048333,0,0.161667,0.126667,0.13,0.045,0.025,0.038333,0.056667,0.378333,0.186667,0.738333,0.213333,0.058333,0.256667,0,0.066667,0.17,0.795,0,0.015,0,0.033333,0.053333,0.003333,0,0,0.091667,0,0.025,0.138333,0,0,0,0,0.006667,0.023333,0,0.196667,0.113333
33-2011.00,0.288333,0.305,0.003333,0.086667,0.04,0.023333,0.02,0.035,0.003333,0.021667,0.076667,0.026667,0.171667,0.166667,0.028333,0.096667,0.138333,0.495,0.938333,0.633333,0.026667,0.355,0.025,0.243333,0.251667,0.081667,0.056667,0.14,0.053333,0.015,0.08,0.026667,0,0.005,0.006667,0,0.006667,0.028333,0.006667,0.181667,0.195
33-2021.00,0.193333,0.048333,0,0.076667,0.135,0.051667,0.03,0.025,0.011667,0.091667,0.118333,0.176667,0.248333,0.433333,0.093333,0.428333,0.221667,0.156667,0.21,0.711667,0.001667,0.056667,0.008333,0.015,0.261667,0.213333,0.021667,0.041667,0.091667,0.026667,0.088333,0.05,0.011667,0,0.006667,0,0.023333,0.041667,0,0.256667,0.1
33-2022.00,0.22,0.038333,0,0.081667,0.085,0.048333,0.03,0.035,0.011667,0.068333,0.16,0.101667,0.281667,0.32,0.068333,0.17,0.03,0.341667,0.568333,0.59,0.163333,0.88,0.011667,0.068333,0.151667,0.158333,0.113333,0.008333,0.053333,0.026667,0.126667,0.098333,0.003333,0,0.003333,0,0.015,0.063333,0,0.263333,0.058333
33-3011.00,0.033333,0.016667,0,0.13,0.015,0.011667,0.02,0,0,0.033333,0.088333,0.075,0.14,0.115,0.108333,0.496667,0,0.043333,0.273333,0.848333,0,0,0,0.018333,0.02,0.003333,0,0,0.081667,0.015,0,0.013333,0,0,0,0,0,0.011667,0,0.026667,0.051667
33-3012.00,0.063333,0.105,0.01,0.113333,0.085,0.018333,0.016667,0,0.008333,0.063333,0.143333,0.121667,0.198333,0.1,0.058333,0.341667,0.015,0.208333,0.29,0.913333,0,0.003333,0.003333,0.053333,0.015,0,0,0.013333,0.135,0.031667,0.021667,0.088333,0,0,0,0,0,0.008333,0,0.155,0.246667
33-3021.00,0.113333,0.115,0,0.071667,0.043333,0.051667,0.033333,0.016667,0.051667,0.143333,0.076667,0.186667,0.316667,0.275,0.113333,0.583333,0,0.173333,0.205,0.983333,0,0.048333,0.025,0.058333,0.08,0.15,0.123333,0.105,0.341667,0.111667,0.171667,0.158333,0.018333,0.008333,0.015,0,0.035,0.055,0,0.06,0.091667
33-3021.02,0.068333,0.031667,0,0.035,0.035,0.03,0.013333,0.021667,0.011667,0.108333,0.088333,0.228333,0.186667,0.27,0.058333,0.385,0.02,0.071667,0.188333,0.665,0,0.028333,0.011667,0.01,0.163333,0.058333,0.143333,0.125,0.091667,0.046667,0.126667,0.233333,0.11,0.058333,0.011667,0,0.018333,0.076667,0,0.17,0.045
33-3021.06,0.063333,0.005,0,0.035,0.026667,0.116667,0.02,0.025,0.151667,0.26,0.065,0.39,0.22,0.275,0.15,0.385,0,0,0,0.596667,0,0.003333,0,0,0.053333,0.043333,0.021667,0.041667,0.45,0.155,0.521667,0.493333,0.046667,0.026667,0.006667,0,0.063333,0.103333,0,0.055,0.031667
33-3031.00,0.135,0.031667,0,0.113333,0.108333,0.041667,0.02,0.058333,0.016667,0.056667,0.058333,0.086667,0.248333,0.315,0.118333,0.39,0.025,0.508333,0.366667,0.878333,0.191667,0.913333,0.301667,0.073333,0.08,0.136667,0.411667,0.1,0.13,0.046667,0.161667,0.098333,0.003333,0,0.006667,0,0.023333,0.066667,0.006667,0.246667,0.061667
33-3041.00,0.093333,0,0,0.071667,0.01,0.011667,0.02,0,0.008333,0.056667,0.07,0.123333,0.093333,0.07,0.043333,0.28,0,0.343333,0.17,0.475,0,0.01,0,0.01,0.015,0,0,0,0.013333,0,0.016667,0.108333,0,0,0,0,0,0,0,0.046667,0.041667
33-3051.00,0.14,0.205,0.01,0.151667,0.081667,0.048333,0.036667,0.043333,0.016667,0.075,0.118333,0.101667,0.243333,0.32,0.128333,0.576667,0.005,0.533333,0.348333,0.983333,0,0.065,0.036667,0.176667,0.043333,0.033333,0.008333,0.026667,0.218333,0.041667,0.056667,0.143333,0.015,0,0.015,0,0.023333,0.05,0,0.191667,0.231667
33-3051.04,0.083333,0.031667,0,0.076667,0.04,0.066667,0.036667,0.005,0.126667,0.218333,0.148333,0.218333,0.27,0.225,0.058333,0.645,0.005,0.178333,0.18,0.96,0.006667,0.021667,0.011667,0.033333,0.043333,0.03,0.025,0.008333,0.155,0.101667,0.056667,0.175,0,0,0,0,0.006667,0.036667,0,0.11,0.051667
33-3052.00,0.13,0.031667,0,0.086667,0.028333,0.045,0.02,0.025,0.03,0.033333,0.113333,0.135,0.253333,0.16,0.058333,0.336667,0,0.283333,0.241667,0.931667,0,0.021667,0.008333,0.018333,0.058333,0.011667,0,0,0.086667,0.031667,0.025,0.098333,0,0,0,0,0.011667,0.023333,0,0.12,0.051667
33-9011.00,0.053333,0.205,0,0.081667,0.026667,0.006667,0.023333,0.03,0.003333,0.033333,0.095,0.163333,0.135,0.236667,0.048333,0.323333,0.005,0.36,0.473333,0.64,0.056667,0.235,0.91,0.018333,0.01,0.033333,0.221667,0.14,0.096667,0.031667,0.021667,0.068333,0,0,0,0,0.023333,0.033333,0,0.196667,0.151667
33-9021.00,0.073333,0.031667,0,0.103333,0.048333,0.105,0.08,0.043333,0.121667,0.22,0.136667,0.338333,0.293333,0.225,0.138333,0.508333,0,0.076667,0.055,0.706667,0,0.015,0.011667,0.018333,0.043333,0.03,0.025,0.041667,0.3,0.068333,0.103333,0.088333,0.011667,0.005,0.011667,0,0.046667,0.045,0,0.041667,0.065
33-9031.00,0.103333,0,0,0.061667,0.01,0.073333,0.02,0,0.116667,0.12,0.106667,0.14,0.27,0.041667,0.023333,0.3,0,0.026667,0.02,0.603333,0,0,0,0.005,0.043333,0.005,0,0,0.048333,0,0.08,0.17,0,0,0,0,0,0.033333,0,0.056667,0.018333
33-9032.00,0.083333,0.121667,0,0.098333,0.02,0.015,0.026667,0,0.008333,0.033333,0.106667,0.148333,0.108333,0.055,0.023333,0.133333,0,0.178333,0.251667,0.936667,0,0.018333,0.003333,0.018333,0.038333,0.008333,0.005,0.018333,0.053333,0.005,0.008333,0.093333,0,0,0,0,0.003333,0.011667,0,0.041667,0.068333
33-9091.00,0,0.026667,0,0.12,0.016667,0.001667,0.01,0,0,0.016667,0.053333,0.01,0.043333,0.105,0,0.041667,0.015,0.173333,0.16,0.418333,0,0.021667,0,0.015,0.015,0,0,0,0.026667,0,0.003333,0,0,0,0.006667,0,0,0.008333,0,0.115,0.1
33-9092.00,0.093333,0.45,0,0.31,0.093333,0.011667,0.02,0.025,0,0.033333,0.125,0.035,0.13,0.145,0,0.036667,0.01,0.206667,0.575,0.723333,0.005,0.421667,0.016667,0.606667,0.073333,0.033333,0.038333,0.1,0.048333,0,0.025,0.013333,0,0,0,0,0,0.02,0,0.313333,0.248333
33-9093.00,0.118333,0.026667,0,0.135,0.015,0.005,0.02,0,0,0.016667,0.053333,0.046667,0.058333,0.065,0.023333,0.078333,0,0.133333,0.251667,0.76,0,0,0.003333,0.005,0.038333,0.033333,0,0,0.035,0.005,0.016667,0.05,0,0,0,0,0,0,0,0.046667,0.045
33-9099.02,0.123333,0.005,0,0.055,0.036667,0.143333,0.071667,0.016667,0.146667,0.206667,0.22,0.153333,0.381667,0.155,0.023333,0.348333,0.01,0.043333,0.131667,0.711667,0,0,0,0.023333,0.043333,0.003333,0,0,0.081667,0.005,0.111667,0.153333,0,0,0,0,0.015,0.023333,0,0.1,0.038333
35-1011.00,0.063333,0.016667,0,0.315,0.09,0.321667,0.14,0.158333,0.203333,0.35,0.353333,0.106667,0.773333,0.16,0.023333,0.011667,0.005,0.021667,0.378333,0.02,0.053333,0.01,0,0.01,0.048333,0.043333,0.025,0.008333,0.035,0.036667,0.116667,0.018333,0.181667,0.275,0.043333,0,0.046667,0.041667,0.96,0.291667,0.041667
35-1012.00,0.028333,0.01,0,0.46,0.13,0.34,0.111667,0.12,0.186667,0.326667,0.44,0.176667,0.808333,0.15,0.013333,0.006667,0,0.016667,0.18,0.02,0.043333,0,0,0.015,0.005,0.008333,0.005,0,0.026667,0.015,0.025,0.018333,0.003333,0.026667,0.003333,0,0.023333,0.02,0.518333,0.196667,0.051667
35-2011.00,0.048333,0,0,0.135,0,0.023333,0.108333,0.016667,0,0.04,0.053333,0.016667,0.073333,0.026667,0,0,0,0.038333,0.435,0.006667,0.006667,0,0,0.005,0.015,0.008333,0.005,0,0,0,0.011667,0.005,0.015,0.021667,0,0,0,0.011667,0.205,0.026667,0.016667
35-2012.00,0.053333,0.115,0.006667,0.161667,0.01,0.035,0.026667,0,0.025,0.096667,0.125,0.028333,0.22,0.026667,0,0,0.005,0.031667,0.46,0.013333,0.018333,0,0,0.005,0.015,0.023333,0.008333,0.013333,0.008333,0,0.065,0.008333,0.021667,0.04,0,0,0,0,0.406667,0.07,0.088333
35-2013.00,0.013333,0.016667,0,0.555,0.021667,0.07,0.108333,0.061667,0.065,0.143333,0.088333,0.055,0.236667,0.041667,0,0,0,0.021667,0.313333,0,0.033333,0.003333,0,0.01,0.02,0.016667,0.016667,0.013333,0.026667,0.053333,0.046667,0,0.133333,0.225,0.036667,0,0.035,0.023333,0.93,0.085,0.105
35-2014.00,0.063333,0.01,0,0.156667,0.015,0.063333,0.075,0.035,0.03,0.131667,0.053333,0.018333,0.253333,0.026667,0,0,0,0.021667,0.52,0.02,0.03,0,0,0.01,0.023333,0.02,0.013333,0.008333,0,0.015,0.025,0.005,0.05,0.111667,0.015,0,0.011667,0.003333,0.916667,0.041667,0.018333
35-2015.00,0.018333,0,0,0.256667,0.006667,0.02,0.135,0.005,0,0.033333,0.035,0.013333,0.063333,0.026667,0,0,0,0.01,0.473333,0,0.005,0,0,0,0.01,0.008333,0,0,0,0,0.011667,0,0.018333,0.04,0.003333,0,0,0,0.555,0.026667,0.025
35-2021.00,0.028333,0.115,0,0.146667,0,0,0.023333,0,0,0.033333,0.018333,0.013333,0.038333,0,0,0,0,0.021667,0.633333,0,0.018333,0,0,0,0.005,0.015,0,0.008333,0,0,0.011667,0,0.003333,0.008333,0,0,0,0,0.243333,0.013333,0.035
35-3011.00,0.01,0.016667,0,0.6,0.043333,0.096667,0.426667,0.17,0.041667,0.171667,0.101667,0.035,0.305,0.125,0.013333,0.041667,0,0,0.348333,0.176667,0.005,0,0,0.005,0.01,0.008333,0,0,0.03,0.026667,0.011667,0.005,0.071667,0.141667,0.05,0.011667,0.035,0.023333,0.356667,0.08,0.113333
35-3023.00,0.018333,0,0,0.363333,0.011667,0.018333,0.311667,0.025,0.011667,0.136667,0.083333,0.061667,0.063333,0.05,0,0,0,0.005,0.378333,0,0.006667,0,0,0,0.005,0,0,0,0,0,0.03,0.013333,0,0.008333,0,0,0,0,0.205,0.026667,0.051667
35-3023.01,0.033333,0.005,0,0.516667,0.028333,0.02,0.311667,0.11,0.008333,0.08,0.065,0.065,0.088333,0.1,0,0,0,0.01,0.29,0,0.006667,0,0,0,0.015,0.003333,0,0,0.016667,0.005,0,0.013333,0.041667,0.096667,0.011667,0.015,0.023333,0.023333,0.481667,0.08,0.073333
35-3031.00,0,0,0,0.821667,0.04,0.033333,0.395,0.12,0.011667,0.085,0.083333,0.04,0.108333,0.155,0,0.018333,0,0.005,0.268333,0.02,0,0,0,0.015,0,0,0,0,0.005,0.015,0.011667,0.013333,0.006667,0.021667,0.025,0.006667,0.023333,0.003333,0.261667,0.095,0.108333
35-3041.00,0.01,0.281667,0,0.665,0.016667,0.018333,0.14,0,0.003333,0.033333,0.095,0.031667,0.063333,0.026667,0,0,0,0.043333,0.44,0,0.005,0,0,0.01,0.005,0.003333,0,0.023333,0.013333,0,0,0,0,0.03,0,0,0,0,0.275,0.041667,0.226667
35-9011.00,0.013333,0,0,0.485,0.006667,0.001667,0.108333,0.016667,0,0.033333,0.03,0.016667,0.043333,0.026667,0,0,0,0.005,0.59,0,0,0,0,0,0,0,0,0,0,0,0.003333,0,0,0,0,0.003333,0,0,0.198333,0.026667,0.076667
35-9021.00,0.013333,0.01,0,0.025,0,0,0,0,0,0,0,0,0,0,0,0,0.015,0.016667,0.77,0,0,0,0,0,0,0,0,0,0,0,0,0,0,0,0,0,0,0,0.141667,0,0.008333
35-9031.00,0,0,0,0.8,0.051667,0.048333,0.208333,0.09,0.011667,0.033333,0.125,0.131667,0.281667,0.225,0,0,0,0,0.095,0,0,0,0,0,0,0,0,0,0.016667,0.01,0.003333,0.005,0,0.04,0.031667,0.023333,0.018333,0.02,0.166667,0.065,0.1
37-1011.00,0.078333,0.176667,0,0.28,0.135,0.14,0.06,0.021667,0.093333,0.195,0.44,0.238333,0.8,0.155,0,0.018333,0.03,0.055,0.273333,0.073333,0,0,0,0,0.028333,0.008333,0.008333,0.036667,0.04,0,0.043333,0.026667,0,0,0,0,0.011667,0.003333,0.031667,0.15,0.08
37-1012.00,0.193333,0,0.003333,0.156667,0.093333,0.27,0.255,0.115,0.098333,0.213333,0.378333,0.186667,0.793333,0.203333,0.028333,0.036667,0.121667,0.306667,0.441667,0.038333,0.456667,0.623333,0.025,0.038333,0.1,0.055,0.133333,0.008333,0.04,0,0.108333,0.018333,0.026667,0.086667,0,0,0.011667,0.02,0.013333,0.191667,0.028333
37-2011.00,0.078333,0.053333,0,0.035,0,0,0,0,0,0,0.023333,0.008333,0.038333,0,0,0,0.036667,0.066667,0.843333,0.118333,0,0.015,0,0.01,0.023333,0.008333,0,0,0,0,0,0,0,0,0,0,0,0,0,0,0.016667
37-2012.00,0.01,0.121667,0,0.146667,0,0,0.02,0,0,0.021667,0.03,0.013333,0.013333,0,0,0,0.036667,0.038333,0.77,0.02,0,0,0,0.015,0,0,0,0.005,0,0,0,0,0,0.005,0,0,0,0,0.02,0.005,0.038333
37-2021.00,0.093333,0.016667,0,0.081667,0.016667,0.015,0.116667,0.013333,0.011667,0.04,0.046667,0.065,0.073333,0.07,0,0.011667,0.061667,0.508333,0.618333,0.091667,0.126667,0.15,0.025,0.005,0.068333,0.07,0.128333,0.046667,0.005,0,0.06,0.013333,0,0,0,0,0,0,0,0.031667,0.016667
37-3011.00,0.103333,0,0,0.04,0,0.001667,0.016667,0,0,0.021667,0,0,0.028333,0.005,0,0,0.143333,0.465,0.93,0,0.476667,0.905,0.008333,0.028333,0.043333,0.015,0.053333,0,0,0,0.008333,0,0.045,0.091667,0,0,0,0,0,0.013333,0.01
37-3012.00,0.13,0.016667,0,0.04,0.006667,0.015,0.041667,0.008333,0,0.033333,0.023333,0.016667,0.063333,0.026667,0.028333,0.061667,0.025,0.508333,0.786667,0.038333,0.495,0.485,0.02,0,0.151667,0.15,0.195,0.075,0,0,0.121667,0.031667,0,0,0,0,0,0,0,0.041667,0.016667
37-3013.00,0.155,0,0,0.061667,0.015,0,0.02,0,0,0.005,0.035,0.005,0.103333,0.041667,0,0,0.16,0.465,0.938333,0.02,0.271667,0.728333,0,0.033333,0.073333,0.015,0.066667,0.008333,0,0,0.003333,0,0.011667,0.013333,0,0,0,0,0,0.056667,0.01
39-1013.00,0.193333,0.016667,0,0.38,0.121667,0.2,0.15,0.115,0.151667,0.331667,0.335,0.163333,0.786667,0.13,0.033333,0.146667,0.015,0.05,0.086667,0.361667,0,0,0,0.01,0.023333,0,0,0,0.081667,0,0.088333,0.103333,0,0.008333,0,0,0.003333,0.02,0.013333,0.103333,0.085
39-1022.00,0.028333,0.223333,0.006667,0.745,0.211667,0.19,0.208333,0.085,0.065,0.103333,0.556667,0.201667,0.85,0.246667,0.023333,0.048333,0,0.021667,0.05,0.053333,0,0.01,0.045,0.048333,0,0,0,0.008333,0.095,0.02,0.025,0.045,0.006667,0.013333,0.006667,0.003333,0.018333,0.008333,0.058333,0.23,0.356667
39-2011.00,0,0.138333,0,0.223333,0.118333,0.026667,0.051667,0.043333,0,0.016667,0.07,0.035,0.135,0.155,0,0.006667,0,0.038333,0.408333,0.111667,0.113333,0.235,0.935,0.12,0.005,0.011667,0.118333,0.075,0.13,0.031667,0.025,0,0.018333,0.013333,0.115,0.011667,0.015,0.028333,0,0.426667,0.151667
39-2021.00,0.013333,0.335,0,0.263333,0.081667,0,0.048333,0.035,0.003333,0.068333,0.071667,0.106667,0.073333,0.075,0,0,0.01,0.066667,0.611667,0.02,0.145,0.205,0.975,0.053333,0.01,0.016667,0.26,0.115,0.043333,0.02,0.021667,0.008333,0.006667,0.016667,0.01,0.003333,0.011667,0.023333,0.025,0.176667,0.19
39-3011.00,0.01,0,0,0.298333,0.013333,0.045,0.168333,0.021667,0.098333,0.231667,0.053333,0.045,0.088333,0.15,0.013333,0.03,0,0.005,0.055,0.053333,0,0,0,0.005,0.005,0,0,0,0.008333,0.005,0.088333,0.013333,0.003333,0,0.028333,0,0,0.011667,0,0.056667,0.016667
39-3012.00,0.01,0,0,0.251667,0.021667,0.055,0.131667,0.08,0.181667,0.471667,0.065,0.223333,0.098333,0.12,0,0.041667,0,0,0.035,0.038333,0,0,0,0.098333,0,0,0,0,0.008333,0,0.083333,0.031667,0,0,0.003333,0,0,0.028333,0,0.031667,0.018333
39-3021.00,0.668333,0,0,0.066667,0.005,0,0.003333,0.03,0,0.04,0.023333,0.04,0.058333,0.026667,0,0,0.01,0.093333,0.205,0,0,0,0,0,0.266667,0.036667,0,0,0,0.031667,0.038333,0.168333,0.088333,0.081667,0.078333,0.086667,0.023333,0.166667,0,0.026667,0.01
39-3031.00,0.005,0.016667,0.003333,0.705,0.023333,0.015,0.203333,0.053333,0.011667,0.051667,0.106667,0.051667,0.108333,0.12,0,0,0,0,0.136667,0.195,0,0,0,0.125,0,0,0,0,0.021667,0.031667,0,0.013333,0,0.013333,0.156667,0.095,0,0.058333,0,0.06,0.186667
39-3091.00,0.073333,0.01,0,0.566667,0.023333,0.041667,0.283333,0.085,0.03,0.155,0.106667,0.101667,0.113333,0.115,0,0.006667,0.015,0.236667,0.251667,0.183333,0,0.068333,0.008333,0.193333,0.033333,0,0,0,0.021667,0,0.011667,0.013333,0.003333,0.035,0.043333,0.018333,0.006667,0.003333,0,0.07,0.105
39-3092.00,0.028333,0,0,0.333333,0.026667,0.03,0.033333,0.066667,0.011667,0.068333,0.088333,0.153333,0.176667,0.055,0,0,0.046667,0.005,0.225,0.006667,0,0,0,0.018333,0.01,0,0,0,0.066667,0.321667,0,0.008333,0.431667,0.793333,0.333333,0.108333,0.08,0.341667,0.038333,0.08,0.051667
39-3093.00,0.013333,0.048333,0,0.573333,0.016667,0.001667,0.045,0.005,0.003333,0.04,0.088333,0.106667,0.073333,0.026667,0,0,0.005,0.005,0.306667,0.111667,0,0,0,0.111667,0,0,0,0,0.005,0,0,0.005,0,0,0.006667,0,0,0,0,0.041667,0.105
39-4011.00,0.083333,0.165,0.083333,0.308333,0.028333,0.023333,0.066667,0.008333,0.016667,0.073333,0.106667,0.11,0.21,0.095,0.023333,0.176667,0.01,0.105,0.541667,0.066667,0.001667,0,0,0,0.075,0.076667,0.185,0.22,0.063333,0.063333,0.016667,0.021667,0.075,0.096667,0.011667,0,0.018333,0.011667,0,0.056667,0.171667
39-4021.00,0.043333,0.065,0.128333,0.645,0.058333,0.038333,0.075,0.035,0.025,0.04,0.106667,0.163333,0.123333,0.115,0,0.011667,0.025,0.111667,0.41,0.046667,0,0.01,0,0.01,0.015,0,0.008333,0,0.04,0.053333,0,0.005,0.021667,0.058333,0.011667,0.018333,0.011667,0.011667,0,0.06,0.315
39-4031.00,0.038333,0.176667,0.321667,0.806667,0.288333,0.241667,0.37,0.221667,0.196667,0.285,0.3,0.331667,0.668333,0.396667,0.018333,0.243333,0.03,0.225,0.24,0.038333,0,0.01,0,0,0.015,0.016667,0.066667,0.09,0.115,0.183333,0.025,0.065,0.03,0.101667,0.021667,0.035,0.026667,0.05,0,0.118333,0.433333
39-5011.00,0.033333,0.076667,0,0.685,0.078333,0.1,0.266667,0.133333,0.075,0.126667,0.131667,0.118333,0.298333,0.11,0.013333,0,0.005,0.005,0.24,0,0,0,0,0.015,0.01,0.008333,0.008333,0.005,0.04,0.031667,0.008333,0,0.066667,0.188333,0.033333,0.018333,0.018333,0.02,0.025,0.11,0.125
39-5012.00,0.028333,0.081667,0,0.841667,0.108333,0.076667,0.311667,0.255,0.033333,0.085,0.106667,0.121667,0.176667,0.14,0.005,0.006667,0.02,0,0.268333,0,0,0,0.003333,0.01,0.015,0.008333,0.013333,0.013333,0.016667,0.031667,0.011667,0.013333,0.238333,0.41,0.085,0.023333,0.026667,0.031667,0.058333,0.218333,0.148333
39-5091.00,0.048333,0.031667,0,0.286667,0.058333,0.051667,0.08,0.1,0.011667,0.033333,0.053333,0.031667,0.135,0.095,0,0,0.005,0,0.18,0,0,0,0,0.015,0.048333,0.016667,0.025,0.008333,0.04,0.235,0.011667,0.013333,0.816667,0.89,0.79,0.081667,0.085,0.695,0.135,0.145,0.038333
39-5092.00,0.028333,0.076667,0,0.766667,0.051667,0.038333,0.208333,0.11,0.011667,0.085,0.053333,0.11,0.068333,0.026667,0,0,0.01,0,0.225,0,0,0,0,0,0.015,0.008333,0.013333,0.008333,0.005,0.01,0.008333,0.013333,0.181667,0.286667,0.015,0,0,0.003333,0.025,0.075,0.061667
39-5093.00,0.01,0.205,0,0.678333,0.075,0.01,0.105,0.058333,0,0.005,0.041667,0.016667,0.01,0.026667,0,0,0,0,0.246667,0,0,0,0.025,0,0,0.008333,0.025,0.065,0.013333,0,0,0,0.011667,0.045,0.01,0,0,0,0,0.085,0.135
39-5094.00,0.043333,0.436667,0,0.806667,0.216667,0.063333,0.266667,0.206667,0.011667,0.045,0.1,0.086667,0.113333,0.125,0,0.018333,0,0,0.251667,0,0,0,0,0.005,0.038333,0.036667,0.123333,0.14,0.04,0.031667,0.008333,0.008333,0.083333,0.121667,0.025,0.003333,0.023333,0.053333,0.045,0.32,0.186667
39-6011.00,0.013333,0.01,0,0.821667,0.04,0.001667,0.1,0.016667,0,0.021667,0.083333,0.031667,0.043333,0.085,0,0,0,0.248333,0.716667,0.066667,0,0,0,0.015,0,0,0,0,0.005,0.005,0,0,0,0,0.003333,0,0,0.003333,0.006667,0.055,0.105
39-6012.00,0.005,0.021667,0.003333,0.978333,0.226667,0.1,0.228333,0.105,0.065,0.068333,0.113333,0.238333,0.243333,0.145,0.01,0,0,0.038333,0.07,0.026667,0,0.015,0.016667,0.028333,0,0,0,0,0.04,0.063333,0.008333,0.021667,0.018333,0.048333,0.036667,0.051667,0.018333,0.036667,0.096667,0.105,0.191667
39-7011.00,0.005,0,0.025,0.92,0.238333,0.051667,0.163333,0.153333,0.008333,0.021667,0.111667,0.035,0.113333,0.76,0.033333,0.018333,0,0.1,0.05,0.038333,0.006667,0.155,0.025,0.033333,0.01,0.026667,0.03,0,0.17,0.516667,0.008333,0.005,0.091667,0.116667,0.123333,0.035,0.093333,0.146667,0.051667,0.541667,0.138333
39-7012.00,0,0.098333,0.006667,0.913333,0.413333,0.19,0.5,0.26,0.093333,0.068333,0.148333,0.126667,0.351667,0.555,0.023333,0.018333,0,0.121667,0.063333,0.038333,0.005,0.13,0.011667,0.043333,0.005,0,0,0.013333,0.095,0.195,0.016667,0.026667,0.021667,0.045,0.021667,0.026667,0.051667,0.076667,0.071667,0.246667,0.226667
39-9011.00,0,0.183333,0.033333,0.605,0.126667,0.023333,0.02,0.025,0,0.033333,0.143333,0.115,0.13,0.16,0.013333,0.006667,0.005,0.005,0.168333,0.08,0,0.045,0.011667,0.108333,0,0.003333,0.021667,0.018333,0.196667,0.08,0.025,0.008333,0.05,0.151667,0.115,0.136667,0.103333,0.055,0.11,0.716667,0.858333
39-9011.01,0,0.216667,0.01,0.78,0.301667,0.011667,0.026667,0.016667,0.011667,0.04,0.113333,0.043333,0.193333,0.09,0.005,0.006667,0.005,0.06,0.155,0.066667,0,0.025,0.008333,0.088333,0,0.005,0.025,0.041667,0.186667,0.073333,0.021667,0,0.123333,0.141667,0.073333,0.055,0.076667,0.028333,0.256667,0.768333,0.831667
39-9031.00,0.063333,0.346667,0,0.678333,0.495,0.058333,0.131667,0.12,0.003333,0.033333,0.185,0.021667,0.135,0.503333,0,0,0,0.005,0.296667,0.02,0,0.033333,0,0.858333,0.043333,0.016667,0.066667,0.075,0.135,0.031667,0.038333,0.005,0.015,0.058333,0.141667,0.15,0.023333,0.055,0.025,0.76,0.388333
39-9032.00,0.018333,0.138333,0.021667,0.658333,0.228333,0.13,0.145,0.165,0.033333,0.045,0.226667,0.131667,0.543333,0.35,0.043333,0.06,0.036667,0.038333,0.165,0.176667,0.013333,0.313333,0.041667,0.57,0.023333,0,0.008333,0.008333,0.16,0.085,0.051667,0.06,0.206667,0.215,0.2,0.185,0.081667,0.118333,0.078333,0.39,0.566667
39-9041.00,0.01,0.193333,0.03,0.593333,0.578333,0.063333,0.036667,0.025,0.03,0.085,0.396667,0.245,0.455,0.268333,0.028333,0.133333,0.005,0,0.043333,0.311667,0,0,0,0.033333,0,0,0,0.031667,0.311667,0.063333,0.011667,0.05,0.006667,0.013333,0.01,0.006667,0.023333,0.045,0,0.343333,0.805
41-1011.00,0.028333,0,0,0.35,0.161667,0.496667,0.858333,0.311667,0.261667,0.375,0.451667,0.233333,0.858333,0.235,0.013333,0.03,0,0.026667,0.095,0.038333,0.006667,0,0.008333,0,0,0,0,0,0.04,0.005,0.083333,0.065,0.015,0.021667,0,0,0.015,0.023333,0.065,0.186667,0.088333
41-1012.00,0,0.021667,0,0.275,0.238333,0.653333,0.8,0.37,0.266667,0.375,0.446667,0.508333,0.88,0.326667,0.043333,0.036667,0,0.005,0.02,0,0.001667,0,0,0,0,0,0,0,0.061667,0.01,0.103333,0.036667,0,0,0,0,0.023333,0.023333,0.013333,0.16,0.1
41-2011.00,0.013333,0,0,0.275,0.021667,0.026667,0.3,0.053333,0.088333,0.23,0.053333,0.135,0.068333,0.041667,0,0,0,0,0.07,0.02,0,0,0,0,0,0,0,0,0.005,0,0.03,0.026667,0,0,0,0,0,0.02,0.025,0.041667,0.045
41-2012.00,0.013333,0,0,0.213333,0.01,0.023333,0.118333,0.016667,0.266667,0.471667,0.065,0.295,0.103333,0.023333,0,0.018333,0,0,0.043333,0.085,0,0,0,0,0,0,0,0,0,0,0.098333,0.021667,0,0,0,0,0,0,0,0.023333,0.018333
41-2021.00,0.053333,0,0,0.573333,0.061667,0.058333,0.506667,0.115,0.078333,0.248333,0.106667,0.43,0.113333,0.11,0,0.018333,0.03,0.043333,0.066667,0,0.001667,0,0.011667,0.033333,0.015,0,0,0,0.021667,0,0.051667,0.026667,0,0.013333,0.006667,0.023333,0.003333,0.023333,0,0.085,0.051667
41-2022.00,0.466667,0,0,0.161667,0.058333,0.085,0.673333,0.12,0.078333,0.148333,0.095,0.245,0.203333,0.12,0,0.006667,0.095,0.121667,0.256667,0,0.01,0.003333,0,0,0.195,0.008333,0,0,0,0,0.051667,0.098333,0,0,0,0,0.006667,0,0,0.07,0.025
41-2031.00,0.018333,0.005,0,0.35,0.093333,0.143333,0.973333,0.25,0.093333,0.103333,0.106667,0.126667,0.16,0.198333,0,0.011667,0.046667,0.016667,0.07,0.071667,0.005,0,0.011667,0.015,0.015,0,0,0,0.013333,0.01,0.056667,0.026667,0.021667,0.053333,0.018333,0.011667,0.023333,0.023333,0.025,0.095,0.045
41-3011.00,0.005,0,0,0.178333,0.093333,0.685,0.955,0.873333,0.156667,0.16,0.106667,0.313333,0.286667,0.575,0.071667,0.06,0,0.005,0,0,0,0,0,0.005,0,0,0,0,0.096667,0.068333,0.075,0.118333,0.186667,0.236667,0.078333,0.023333,0.185,0.451667,0,0.08,0.031667
41-3021.00,0,0.086667,0,0.321667,0.238333,0.496667,0.928333,0.37,0.463333,0.255,0.148333,0.443333,0.298333,0.421667,0.093333,0.231667,0,0.016667,0,0.038333,0.006667,0,0,0.005,0,0,0,0.013333,0.086667,0.026667,0.098333,0.06,0,0,0.015,0,0.03,0.05,0,0.145,0.143333
41-3031.00,0.01,0,0,0.223333,0.486667,0.751667,0.936667,0.185,0.928333,0.51,0.113333,0.408333,0.4,0.471667,0.16,0.33,0,0,0,0.038333,0.001667,0,0,0.005,0.01,0.011667,0,0,0.15,0.031667,0.365,0.206667,0.006667,0,0.015,0,0.023333,0.028333,0,0.165,0.038333
41-3041.00,0,0,0,0.935,0.295,0.156667,0.8,0.25,0.111667,0.178333,0.106667,0.691667,0.198333,0.135,0.013333,0.03,0,0.01,0,0,0,0.021667,0,0,0,0,0,0,0.061667,0.058333,0.043333,0.158333,0.018333,0.03,0.006667,0,0.043333,0.05,0.025,0.113333,0.135
41-4011.00,0.176667,0.093333,0,0.161667,0.166667,0.461667,0.883333,0.288333,0.208333,0.231667,0.131667,0.313333,0.253333,0.496667,0.043333,0.06,0.025,0.043333,0.02,0,0.026667,0.021667,0.011667,0.015,0.29,0.213333,0.128333,0.171667,0.09,0.046667,0.203333,0.216667,0.021667,0.026667,0.018333,0,0.018333,0.05,0.006667,0.16,0.028333
41-4012.00,0.083333,0.031667,0,0.185,0.113333,0.538333,0.955,0.443333,0.171667,0.201667,0.118333,0.233333,0.236667,0.516667,0.043333,0.036667,0.041667,0.083333,0.035,0,0.03,0.01,0,0.018333,0.058333,0.011667,0.013333,0,0.04,0.031667,0.088333,0.118333,0.021667,0.04,0.015,0,0.035,0.05,0.038333,0.103333,0.025
41-9011.00,0.028333,0.016667,0,0.19,0.051667,0.138333,0.841667,0.71,0.051667,0.068333,0.083333,0.068333,0.098333,0.648333,0.033333,0,0.02,0.031667,0.165,0.006667,0.023333,0.01,0.016667,0.028333,0.043333,0.015,0.035,0.008333,0.04,0.02,0.021667,0.018333,0.053333,0.096667,0.101667,0.018333,0.043333,0.103333,0.173333,0.225,0.031667
41-9012.00,0,0,0,0.103333,0.015,0.051667,0.173333,0.52,0,0,0.006667,0,0.038333,0.145,0.005,0,0,0,0.091667,0,0,0,0,0.058333,0.01,0,0,0,0,0.046667,0,0,0.563333,0.616667,0.468333,0.023333,0.058333,0.261667,0,0.031667,0.01
41-9021.00,0.028333,0,0,0.31,0.181667,0.718333,0.883333,0.351667,0.488333,0.29,0.166667,0.471667,0.73,0.528333,0.113333,0.373333,0.036667,0.021667,0.02,0.026667,0.005,0.015,0,0,0.028333,0.003333,0,0,0.053333,0.031667,0.146667,0.128333,0.011667,0.016667,0.01,0,0.023333,0.108333,0,0.103333,0.045
41-9022.00,0.01,0,0,0.391667,0.338333,0.481667,0.91,0.56,0.353333,0.248333,0.13,0.37,0.316667,0.471667,0.068333,0.396667,0.051667,0.043333,0.02,0.026667,0.006667,0.021667,0,0,0.02,0,0,0,0.095,0.026667,0.108333,0.118333,0.038333,0.053333,0.025,0,0.068333,0.141667,0,0.16,0.091667
41-9031.00,0.248333,0.031667,0,0.113333,0.135,0.726667,0.875,0.405,0.196667,0.19,0.118333,0.211667,0.345,0.628333,0.053333,0.03,0.056667,0.038333,0.02,0,0.006667,0,0,0.005,0.433333,0.126667,0.08,0.075,0.086667,0.026667,0.203333,0.323333,0.015,0.045,0.01,0,0.043333,0.085,0,0.165,0.028333
41-9041.00,0.013333,0.01,0.006667,0.201667,0.055,0.176667,0.92,0.375,0.101667,0.085,0.106667,0.7,0.108333,0.296667,0.023333,0.018333,0,0,0,0,0,0,0,0,0,0,0,0,0.03,0.01,0.016667,0.103333,0,0,0.015,0,0.035,0.095,0,0.08,0.091667
41-9091.00,0.01,0,0,0.156667,0.045,0.166667,0.973333,0.406667,0.078333,0.085,0.071667,0.055,0.181667,0.326667,0.033333,0,0,0.133333,0.173333,0,0.001667,0.015,0,0.028333,0,0,0,0,0.021667,0.005,0.011667,0.021667,0.018333,0.03,0.015,0,0.026667,0.05,0,0.031667,0.031667
43-1011.00,0.023333,0.048333,0,0.28,0.255,0.258333,0.145,0.048333,0.245,0.46,0.576667,0.761667,0.903333,0.275,0.043333,0.091667,0,0,0.01,0.006667,0,0,0,0,0,0,0,0,0.04,0.01,0.06,0.103333,0,0,0,0,0.023333,0.02,0,0.176667,0.103333
43-2011.00,0.108333,0.043333,0.003333,0.246667,0.016667,0.03,0.051667,0.025,0.046667,0.103333,0.106667,0.818333,0.093333,0.085,0.005,0.023333,0,0.031667,0.025,0.085,0,0,0,0,0.043333,0,0,0,0.016667,0.01,0.003333,0.128333,0,0,0,0,0,0.025,0,0.026667,0.048333
43-2021.00,0.083333,0.026667,0,0.423333,0.045,0.023333,0.113333,0.021667,0.033333,0.061667,0.095,0.788333,0.088333,0.05,0,0,0,0,0,0.02,0,0,0,0,0.015,0,0,0,0.013333,0.015,0.016667,0.113333,0,0,0,0,0,0.036667,0,0.06,0.176667
43-3011.00,0.005,0.103333,0,0.125,0.065,0.066667,0.3,0.053333,0.383333,0.516667,0.125,0.771667,0.208333,0.11,0.028333,0.195,0,0,0.003333,0.053333,0,0,0,0,0,0,0,0,0.04,0,0.033333,0.108333,0,0,0,0,0.006667,0.023333,0,0.051667,0.08
43-3021.00,0.023333,0.126667,0,0.066667,0.01,0.03,0.048333,0.013333,0.278333,0.94,0.1,0.906667,0.145,0.031667,0,0.03,0,0,0.016667,0,0,0,0,0,0.005,0,0,0,0,0,0.111667,0.133333,0,0,0,0,0,0,0,0.005,0.013333
43-3031.00,0.013333,0.021667,0,0.045,0.01,0.07,0.033333,0.013333,0.541667,1,0.106667,0.906667,0.193333,0.036667,0.023333,0.073333,0,0,0,0.006667,0,0,0,0,0,0,0,0,0.021667,0,0.251667,0.276667,0,0,0,0,0,0,0,0.023333,0.016667
43-3041.00,0.013333,0,0,0.173333,0.023333,0.051667,0.158333,0.021667,0.333333,0.628333,0.1,0.568333,0.22,0.031667,0,0.06,0,0,0.028333,0.071667,0,0,0,0,0,0,0,0,0.008333,0,0.106667,0.068333,0,0,0,0,0,0,0,0.023333,0.025
43-3051.00,0.013333,0.026667,0,0.071667,0.035,0.045,0.026667,0,0.358333,0.966667,0.396667,0.906667,0.276667,0.041667,0.005,0.06,0,0,0,0,0,0,0,0,0,0,0,0,0.016667,0,0.171667,0.123333,0,0,0,0,0,0,0,0.046667,0.025
43-3061.00,0.023333,0.016667,0,0.066667,0.016667,0.13,0.131667,0.04,0.251667,0.471667,0.106667,0.866667,0.31,0.051667,0.028333,0.073333,0.015,0.031667,0.025,0,0.013333,0.003333,0,0,0.028333,0,0,0,0.008333,0,0.088333,0.103333,0,0,0,0,0.006667,0,0.038333,0.026667,0.01
43-3071.00,0.005,0,0,0.23,0.051667,0.066667,0.255,0.095,0.388333,0.711667,0.106667,0.808333,0.093333,0.095,0,0.06,0,0,0.031667,0.06,0,0,0,0,0,0,0,0,0.026667,0,0.121667,0.078333,0,0,0,0,0,0,0,0.036667,0.045
43-4011.00,0.01,0,0,0.13,0.043333,0.105,0.316667,0.053333,0.736667,0.686667,0.106667,0.836667,0.16,0.085,0.023333,0.055,0,0,0,0.013333,0,0,0,0,0,0,0,0,0.04,0,0.176667,0.153333,0,0,0,0,0.006667,0.016667,0,0.036667,0.016667
43-4021.00,0,0.026667,0,0.113333,0.023333,0.073333,0.1,0.056667,0.196667,0.32,0.125,0.916667,0.16,0.026667,0.013333,0.14,0,0,0,0.006667,0,0,0,0,0,0,0,0.005,0.043333,0.041667,0.06,0.123333,0.011667,0,0,0,0.076667,0.036667,0,0.026667,0.04
43-4031.00,0.01,0.005,0.003333,0.195,0.058333,0.063333,0.033333,0.03,0.161667,0.398333,0.166667,0.916667,0.333333,0.15,0.111667,0.533333,0,0,0.003333,0.098333,0,0,0.008333,0,0,0,0,0,0.086667,0.058333,0.033333,0.118333,0,0,0,0,0.023333,0.028333,0,0.085,0.091667
43-4041.00,0.005,0,0,0.125,0.055,0.156667,0.113333,0.03,0.388333,0.653333,0.16,0.816667,0.253333,0.051667,0.028333,0.238333,0,0,0,0.038333,0,0,0,0,0,0,0,0,0.09,0.005,0.156667,0.123333,0,0,0,0,0.003333,0.008333,0,0.036667,0.065
43-4051.00,0.023333,0.048333,0,0.446667,0.085,0.063333,0.235,0.125,0.136667,0.243333,0.155,0.798333,0.181667,0.12,0,0.03,0,0,0.01,0.02,0,0,0,0,0.005,0,0,0,0.053333,0.026667,0.043333,0.113333,0,0,0.003333,0,0.018333,0.033333,0.006667,0.1,0.125
43-4061.00,0,0.103333,0,0.218333,0.176667,0.048333,0.033333,0.021667,0.196667,0.368333,0.323333,0.735,0.243333,0.115,0.093333,0.341667,0,0,0,0.08,0,0,0,0,0,0,0,0.005,0.17,0.031667,0.116667,0.123333,0,0,0,0,0.006667,0.008333,0,0.176667,0.356667
43-4071.00,0.005,0.103333,0,0.055,0.003333,0,0.013333,0,0.07,0.136667,0.118333,0.946667,0.063333,0.005,0.005,0.146667,0,0,0.046667,0.033333,0,0,0,0,0,0,0,0,0,0,0.025,0.088333,0,0,0,0,0,0.003333,0,0.013333,0.016667
43-4081.00,0.018333,0.016667,0,0.821667,0.078333,0.07,0.245,0.1,0.166667,0.423333,0.185,0.623333,0.243333,0.09,0,0.03,0,0,0.055,0.053333,0,0,0,0,0,0,0,0,0.026667,0.026667,0.078333,0.113333,0.003333,0.008333,0,0,0.023333,0.023333,0.058333,0.051667,0.143333
43-4111.00,0,0.335,0.003333,0.291667,0.105,0.073333,0.121667,0.09,0.191667,0.225,0.323333,0.798333,0.265,0.115,0.013333,0.048333,0,0,0,0.013333,0,0,0,0,0,0,0,0.023333,0.086667,0.031667,0.06,0.093333,0,0.008333,0.006667,0,0.023333,0.028333,0,0.113333,0.21
43-4121.00,0.043333,0.016667,0,0.315,0.101667,0.005,0.023333,0.013333,0.008333,0.108333,0.118333,0.808333,0.123333,0.06,0,0,0,0.01,0.136667,0.013333,0,0,0,0,0.005,0,0.005,0,0.081667,0.161667,0.021667,0.128333,0.026667,0.021667,0,0.011667,0.035,0.045,0,0.23,0.138333
43-4131.00,0.013333,0,0,0.18,0.138333,0.07,0.193333,0.035,0.42,0.61,0.125,0.665,0.21,0.125,0.028333,0.238333,0,0,0,0.02,0,0,0,0,0,0,0,0,0.048333,0,0.146667,0.153333,0,0,0,0,0,0.008333,0,0.06,0.096667
43-4141.00,0,0,0,0.338333,0.135,0.088333,0.493333,0.143333,0.49,0.585,0.141667,0.808333,0.155,0.125,0,0.053333,0,0,0,0.038333,0,0,0,0,0,0,0,0,0.048333,0,0.108333,0.143333,0,0,0,0,0.003333,0.02,0,0.165,0.091667
43-4151.00,0.028333,0.021667,0,0.173333,0.026667,0.073333,0.311667,0.105,0.151667,0.301667,0.095,0.856667,0.16,0.065,0,0,0.015,0.031667,0.038333,0.013333,0.001667,0,0,0,0.023333,0,0,0,0.005,0,0.051667,0.108333,0,0,0,0,0,0.016667,0.006667,0.026667,0.021667
43-4161.00,0,0.081667,0,0.135,0.161667,0.088333,0.045,0.025,0.07,0.16,0.955,0.876667,0.34,0.171667,0.013333,0.133333,0,0,0.003333,0.006667,0,0,0,0,0,0,0,0,0.1,0.026667,0.025,0.031667,0,0,0,0,0.011667,0.008333,0,0.113333,0.148333
43-4171.00,0.005,0.258333,0.01,0.613333,0.061667,0.055,0.113333,0.053333,0.075,0.16,0.185,0.906667,0.166667,0.14,0.018333,0.041667,0,0,0.02,0.02,0,0,0.008333,0,0,0,0,0,0.035,0.031667,0.021667,0.108333,0,0,0,0,0.023333,0.033333,0,0.06,0.116667
43-4181.00,0.018333,0,0,0.848333,0.161667,0.058333,0.408333,0.1,0.078333,0.183333,0.13,0.616667,0.193333,0.208333,0.01,0.036667,0,0.083333,0.083333,0.06,0,0,0,0,0.01,0,0,0,0.04,0.026667,0.038333,0.19,0,0.005,0,0,0.023333,0.023333,0,0.08,0.125
43-5011.00,0.043333,0.005,0,0.108333,0.036667,0.135,0.163333,0.03,0.121667,0.296667,0.1,0.56,0.281667,0.055,0.023333,0.128333,0.005,0.173333,0.15,0.053333,0.006667,0,0,0,0.038333,0,0,0,0.005,0.01,0.07,0.128333,0,0,0,0,0.003333,0.023333,0,0.026667,0.016667
43-5011.01,0.053333,0.016667,0,0.108333,0.028333,0.253333,0.213333,0.08,0.223333,0.273333,0.113333,0.56,0.381667,0.085,0.088333,0.275,0,0.185,0.066667,0.085,0.033333,0.003333,0.016667,0,0.078333,0.005,0.021667,0.018333,0.04,0.031667,0.131667,0.128333,0,0,0,0,0,0.011667,0.02,0.031667,0.013333
43-5021.00,0.063333,0.286667,0,0.151667,0,0.01,0.051667,0.005,0.011667,0.04,0.053333,0.101667,0.043333,0.023333,0,0,0,0.731667,0.57,0.038333,0,0.021667,0.011667,0.068333,0.02,0.005,0.066667,0.085,0,0,0.008333,0.018333,0,0,0,0,0,0.003333,0.013333,0.005,0.045
43-5031.00,0.16,0.258333,0,0.168333,0.096667,0.015,0.02,0,0,0.068333,0.118333,0.5,0.186667,0.09,0.043333,0.225,0,0.038333,0.01,0.67,0,0,0.011667,0,0.09,0.011667,0.005,0.1,0.155,0.031667,0.065,0.323333,0,0,0,0,0.003333,0.066667,0,0.165,0.27
43-5032.00,0.123333,0.053333,0,0.146667,0.021667,0.045,0.048333,0,0.038333,0.131667,0.118333,0.665,0.298333,0.055,0.01,0.018333,0.03,0.355,0.035,0.156667,0.006667,0.006667,0,0.005,0.078333,0,0,0,0.04,0,0.043333,0.19,0,0,0,0,0.003333,0.023333,0,0.026667,0.055
43-5041.00,0.208333,0,0,0.071667,0.005,0.001667,0.02,0,0.016667,0.12,0.046667,0.095,0.013333,0.018333,0,0,0.01,0.396667,0.348333,0.091667,0.001667,0.048333,0.003333,0,0.09,0.026667,0,0,0,0,0.093333,0.055,0,0,0,0,0,0,0,0.008333,0.016667
43-5051.00,0.053333,0,0,0.195,0.015,0.011667,0.223333,0.025,0.041667,0.178333,0.083333,0.886667,0.083333,0.041667,0.005,0.018333,0,0.093333,0.225,0.038333,0,0,0,0,0.02,0,0,0,0,0,0.093333,0.088333,0,0,0,0,0,0,0,0.026667,0.041667
43-5052.00,0.043333,0,0,0.173333,0.015,0.01,0.075,0.025,0.016667,0.085,0.053333,0.158333,0.058333,0.036667,0,0.018333,0,0.551667,0.618333,0.098333,0,0.045,0.011667,0.023333,0.015,0,0,0,0,0,0.008333,0.013333,0,0,0,0,0,0,0,0.026667,0.041667
43-5053.00,0.328333,0,0,0.015,0,0.001667,0,0,0,0.103333,0.035,0.206667,0.043333,0,0,0,0.01,0.208333,0.428333,0.013333,0,0,0,0,0.095,0,0,0,0,0,0.025,0.098333,0,0,0,0,0,0,0,0,0.005
43-5061.00,0.098333,0.016667,0,0.066667,0.035,0.205,0.14,0.048333,0.106667,0.208333,0.136667,0.743333,0.356667,0.1,0.01,0.011667,0.083333,0.06,0.035,0.006667,0.023333,0.003333,0,0,0.136667,0.008333,0,0.005,0.008333,0,0.093333,0.113333,0.011667,0,0.003333,0,0.011667,0.023333,0.045,0.031667,0.021667
43-5071.00,0.058333,0.01,0,0.035,0.005,0.07,0.045,0.016667,0.083333,0.243333,0.053333,0.888333,0.15,0.023333,0,0.011667,0.036667,0.248333,0.295,0.013333,0.023333,0,0.003333,0,0.053333,0,0,0,0,0,0.083333,0.118333,0,0,0,0,0,0,0.013333,0.013333,0.008333
43-5111.00,0.098333,0.026667,0,0.01,0,0.006667,0,0,0.038333,0.333333,0.058333,0.436667,0.063333,0.018333,0,0,0.063333,0.105,0.251667,0,0.05,0.021667,0.025,0,0.115,0.061667,0.075,0.041667,0,0,0.103333,0.036667,0,0,0,0,0,0,0.045,0.013333,0
43-6011.00,0.018333,0.076667,0.01,0.356667,0.081667,0.19,0.08,0.125,0.318333,0.386667,0.233333,0.916667,0.661667,0.15,0.071667,0.128333,0,0,0.006667,0.006667,0,0,0,0,0.01,0.008333,0.025,0.026667,0.096667,0.058333,0.078333,0.123333,0.018333,0.026667,0,0,0.035,0.028333,0.02,0.056667,0.068333
43-6012.00,0,0.031667,0,0.161667,0.028333,0.076667,0.033333,0.016667,0.136667,0.29,0.13,0.906667,0.241667,0.046667,0.103333,0.675,0,0,0.02,0.078333,0,0,0,0,0,0,0.005,0.018333,0.081667,0.073333,0.038333,0.103333,0.003333,0.008333,0,0,0.018333,0.023333,0,0.026667,0.048333
43-6013.00,0.028333,0.568333,0,0.465,0.061667,0.041667,0.045,0.021667,0.161667,0.491667,0.185,0.906667,0.265,0.06,0.013333,0.066667,0,0,0.013333,0.006667,0,0,0,0,0.005,0.026667,0.163333,0.171667,0.081667,0.031667,0.065,0.138333,0,0,0,0,0.015,0.02,0,0.07,0.061667
43-6014.00,0.028333,0.093333,0.01,0.328333,0.055,0.063333,0.048333,0.061667,0.103333,0.171667,0.106667,0.968333,0.248333,0.08,0.071667,0.041667,0,0,0.02,0,0,0,0,0,0.01,0,0.008333,0,0.035,0.031667,0.021667,0.118333,0.006667,0.005,0,0,0.018333,0.033333,0,0.056667,0.085
43-9021.00,0.028333,0.065,0,0.015,0.001667,0,0,0,0.078333,0.225,0.053333,0.886667,0.038333,0.008333,0,0.096667,0,0,0.028333,0.013333,0.005,0,0,0,0.005,0,0,0.008333,0,0,0.025,0.118333,0,0,0,0,0,0.003333,0,0,0.008333
43-9022.00,0.028333,0.016667,0,0.066667,0,0,0.013333,0.013333,0.038333,0.22,0.083333,0.916667,0.058333,0,0.005,0.048333,0,0.005,0.02,0,0,0,0,0,0.01,0,0,0,0.005,0.041667,0.021667,0.233333,0.018333,0.016667,0,0,0.043333,0.05,0,0.018333,0.016667
43-9031.00,0.078333,0.005,0,0.03,0.001667,0.018333,0.02,0.243333,0.011667,0.061667,0.041667,0.396667,0.043333,0.026667,0.01,0,0,0,0.016667,0,0,0,0,0,0.048333,0.003333,0,0,0.005,0.095,0.051667,0.45,0.51,0.665,0.061667,0.018333,0.126667,0.508333,0.013333,0.026667,0.008333
43-9041.00,0.005,0.055,0,0.14,0.031667,0.066667,0.121667,0.025,0.341667,0.448333,0.118333,0.916667,0.171667,0.036667,0.005,0.14,0,0,0,0.033333,0,0,0,0,0,0,0,0.013333,0.04,0.005,0.093333,0.118333,0,0,0,0,0.011667,0,0,0.036667,0.051667
43-9051.00,0.053333,0,0,0.076667,0,0,0.02,0,0,0.05,0.053333,0.888333,0.043333,0,0,0,0,0.093333,0.408333,0.006667,0,0,0,0,0.005,0,0,0,0,0,0.003333,0.005,0,0,0,0,0,0,0,0,0.016667
43-9061.00,0.023333,0.11,0.006667,0.206667,0.023333,0.023333,0.088333,0.043333,0.098333,0.393333,0.19,0.968333,0.15,0.05,0.023333,0.073333,0,0.005,0.028333,0,0,0,0,0,0.005,0,0,0,0.016667,0.02,0.021667,0.093333,0,0,0,0,0.015,0.025,0,0.026667,0.048333
43-9071.00,0.328333,0.005,0,0.055,0,0,0.03,0.008333,0.011667,0.068333,0.053333,0.788333,0.048333,0.018333,0,0,0.005,0.076667,0.193333,0,0,0,0,0,0.078333,0,0,0,0,0,0.025,0.103333,0.015,0.013333,0,0,0,0.016667,0,0.023333,0.016667
43-9081.00,0.005,0,0.006667,0.025,0.02,0,0.006667,0.14,0.003333,0.063333,0.053333,0.753333,0.043333,0.026667,0.028333,0.036667,0,0,0,0,0,0,0,0,0,0,0,0.013333,0.04,0.223333,0.025,0.113333,0.075,0.101667,0.031667,0.003333,0.251667,0.166667,0,0.041667,0.016667
43-9111.00,0.023333,0.055,0,0.015,0.005,0.026667,0.006667,0.013333,0.191667,0.416667,0.065,0.771667,0.053333,0.031667,0.018333,0.006667,0,0,0.003333,0.006667,0.001667,0,0,0,0.043333,0.073333,0.085,0.135,0.12,0.01,0.788333,0.34,0.003333,0,0,0,0.011667,0.023333,0,0.031667,0.005
45-1011.00,0.21,0.048333,0,0.066667,0.075,0.226667,0.088333,0.043333,0.106667,0.236667,0.353333,0.123333,0.751667,0.155,0.028333,0.018333,0.088333,0.471667,0.506667,0.065,0.961667,0.806667,0.318333,0.018333,0.083333,0.061667,0.286667,0.06,0.04,0,0.098333,0.031667,0,0,0,0,0.006667,0,0.045,0.241667,0.035
45-2011.00,0.15,0.11,0,0.05,0.023333,0.048333,0.036667,0.013333,0.051667,0.131667,0.113333,0.113333,0.193333,0.14,0.118333,0.36,0.03,0.133333,0.19,0.355,0.54,0.256667,0.036667,0,0.1,0.163333,0.276667,0.145,0.081667,0.026667,0.208333,0.045,0,0,0,0,0.003333,0.011667,0.116667,0.07,0.031667
45-2021.00,0.048333,0.176667,0,0.061667,0.016667,0.038333,0.051667,0.03,0.021667,0.085,0.046667,0.058333,0.15,0.031667,0.01,0,0.116667,0.116667,0.446667,0.006667,0.636667,0.278333,0.853333,0.015,0.043333,0.055,0.43,0.14,0.04,0,0.098333,0.013333,0,0,0,0,0,0.003333,0.006667,0.065,0.016667
45-2041.00,0.005,0,0,0,0,0,0.01,0,0,0.068333,0,0.013333,0.028333,0,0,0,0.005,0.066667,0.845,0,0.396667,0.033333,0.011667,0,0.02,0.026667,0.066667,0,0,0,0.025,0,0.011667,0,0,0,0,0,0.083333,0,0
45-2091.00,0.543333,0,0,0,0,0,0.006667,0,0,0.016667,0,0.008333,0.028333,0,0,0,0.041667,0.883333,0.716667,0,0.885,0.421667,0.071667,0.005,0.25,0.033333,0.075,0,0,0,0.038333,0.04,0,0,0,0,0,0,0,0,0
45-2092.00,0.203333,0,0,0,0.003333,0.018333,0.02,0,0.003333,0.04,0.053333,0.01,0.098333,0.026667,0,0,0.1,0.533333,0.938333,0,1,0.758333,0.025,0.018333,0.043333,0.065,0.185,0.018333,0,0,0.038333,0,0.003333,0.013333,0,0,0.003333,0,0.045,0.041667,0.013333
45-2093.00,0.165,0.115,0,0.03,0.005,0.02,0.01,0,0.008333,0.028333,0.03,0.008333,0.058333,0.023333,0,0.006667,0.041667,0.465,0.878333,0.026667,0.941667,0.526667,0.645,0.018333,0.043333,0.026667,0.163333,0.12,0.005,0,0.038333,0,0,0,0,0,0.003333,0,0.025,0.031667,0.016667
45-3031.00,0.333333,0,0,0.03,0.001667,0.033333,0.02,0.021667,0.011667,0.033333,0.018333,0.01,0.176667,0.026667,0.028333,0.078333,0.03,0.705,0.87,0.066667,0.14,0.743333,0.1,0.078333,0.105,0.033333,0.138333,0.013333,0.005,0,0.033333,0.013333,0,0,0,0,0,0,0.031667,0.026667,0
45-4011.00,0.118333,0.01,0,0.03,0.015,0.018333,0.016667,0,0,0.033333,0.053333,0.023333,0.073333,0.046667,0.028333,0.018333,0.255,0.355,0.895,0.266667,0.563333,0.956667,0.041667,0.028333,0.058333,0.081667,0.27,0.031667,0.04,0.015,0.038333,0.013333,0,0,0,0,0,0.008333,0,0.041667,0.021667
45-4021.00,0.135,0,0,0,0,0,0,0,0,0.005,0,0,0.005,0,0,0,0.198333,0.201667,0.965,0.013333,0.123333,0.846667,0,0.01,0.043333,0.008333,0.013333,0,0,0,0.011667,0,0,0,0,0,0,0,0,0,0
45-4022.00,0.316667,0,0,0,0,0,0,0,0,0.033333,0,0.006667,0.028333,0,0,0,0.21,0.938333,0.616667,0.02,0.098333,0.453333,0,0.005,0.195,0.008333,0.005,0,0,0,0.008333,0.018333,0,0,0,0,0,0,0,0.005,0
45-4023.00,0.053333,0,0,0.015,0,0.02,0.02,0,0.038333,0.125,0.018333,0.031667,0.063333,0.023333,0,0,0.181667,0.116667,0.313333,0,0.126667,0.285,0,0,0.073333,0.026667,0.016667,0,0,0,0.171667,0.013333,0,0,0,0,0,0,0,0,0
47-1011.00,0.298333,0.005,0,0.081667,0.105,0.215,0.06,0.025,0.088333,0.125,0.385,0.14,0.771667,0.14,0.043333,0.053333,0.655,0.378333,0.341667,0.065,0.015,0.103333,0,0.015,0.44,0.033333,0,0,0.04,0,0.111667,0.04,0.018333,0.021667,0,0,0,0.016667,0,0.115,0.025
47-2011.00,0.851667,0,0,0,0,0,0,0,0,0.005,0,0.005,0.01,0.005,0,0,0.165,0.105,0.911667,0.006667,0,0,0,0,0.611667,0.046667,0,0,0,0,0.111667,0.008333,0.006667,0.005,0,0,0,0,0,0.013333,0
47-2021.00,0.098333,0,0,0,0,0.005,0.01,0,0,0.033333,0,0.01,0.043333,0.008333,0,0,0.301667,0.066667,0.93,0.02,0,0.015,0,0.01,0.201667,0.016667,0,0,0,0,0.156667,0.013333,0.026667,0.053333,0,0,0,0,0,0.026667,0
47-2022.00,0.103333,0,0,0.015,0,0,0.02,0,0,0.021667,0,0.003333,0.038333,0,0,0,0.348333,0.19,0.938333,0,0.001667,0.078333,0,0.01,0.178333,0.016667,0,0,0,0.015,0.093333,0,0.12,0.126667,0.006667,0,0,0,0,0.023333,0.005
47-2031.00,0.15,0,0,0.03,0.006667,0.02,0.023333,0,0.011667,0.033333,0.053333,0.016667,0.083333,0.026667,0,0,0.978333,0.161667,0.878333,0.013333,0.023333,0.09,0,0.018333,0.273333,0.033333,0,0,0,0,0.083333,0.04,0.088333,0.111667,0,0,0,0.016667,0,0.041667,0.01
47-2041.00,0.053333,0,0,0.056667,0,0,0.02,0,0,0.016667,0.011667,0.01,0.018333,0,0,0,0.261667,0.066667,0.851667,0,0,0,0,0,0.053333,0,0,0,0,0,0.088333,0,0.038333,0.053333,0,0,0,0,0,0.008333,0.003333
47-2042.00,0.098333,0,0,0.04,0,0,0.03,0,0,0.033333,0,0.01,0.01,0,0,0,0.261667,0.038333,0.851667,0,0,0,0,0,0.1,0.008333,0,0,0,0,0.075,0,0.088333,0.081667,0,0,0,0,0,0.013333,0.003333
47-2043.00,0.128333,0,0,0.03,0,0.005,0.02,0,0,0,0,0.01,0.033333,0.008333,0,0,0.893333,0.083333,0.878333,0,0,0,0,0.005,0.043333,0.008333,0,0,0,0,0.003333,0,0.021667,0.04,0,0,0,0,0,0.005,0
47-2044.00,0.063333,0,0,0.03,0,0,0.016667,0.005,0,0.033333,0,0.005,0.005,0,0,0,0.29,0.05,0.878333,0,0,0,0,0.01,0.126667,0.016667,0,0,0,0,0.088333,0,0.201667,0.241667,0.006667,0,0.003333,0,0,0.026667,0.005
47-2051.00,0.068333,0,0,0,0,0,0,0,0,0.005,0,0,0.033333,0,0,0,0.226667,0.19,0.93,0.006667,0,0.021667,0,0.01,0.195,0.046667,0,0,0,0,0.098333,0,0.053333,0.045,0,0,0,0,0,0.023333,0
47-2053.00,0.118333,0,0,0.01,0,0,0.01,0,0,0.028333,0,0.005,0.028333,0,0,0,0.285,0.1,0.903333,0,0,0,0,0,0.151667,0.043333,0,0,0,0,0.083333,0,0.148333,0.171667,0.006667,0,0,0,0,0.005,0
47-2061.00,0.22,0.01,0,0,0,0,0,0,0,0.028333,0.011667,0,0.018333,0.008333,0,0,0.47,0.378333,0.973333,0.038333,0.013333,0.095,0,0.028333,0.233333,0.016667,0,0,0,0,0.011667,0,0,0,0,0,0,0,0,0.008333,0.003333
47-2071.00,0.43,0,0,0,0,0,0,0,0,0.033333,0,0.005,0.038333,0,0,0,0.198333,0.883333,0.731667,0.02,0.013333,0.036667,0,0,0.195,0.016667,0,0,0,0,0.025,0.005,0,0,0,0,0,0,0,0.005,0
47-2072.00,0.258333,0,0,0,0,0,0,0,0,0,0,0.003333,0,0,0,0,0.296667,0.796667,0.843333,0.013333,0,0.068333,0,0,0.29,0.008333,0,0,0,0,0.075,0,0,0,0,0,0,0,0,0,0
47-2073.00,0.448333,0,0,0,0.003333,0,0,0,0,0.033333,0.006667,0.01,0.053333,0.018333,0,0,0.243333,0.918333,0.678333,0.046667,0.033333,0.193333,0,0.015,0.44,0.026667,0,0,0,0,0.038333,0.026667,0,0,0,0,0,0,0,0.023333,0
47-2081.00,0.078333,0,0,0,0,0,0,0,0,0.005,0,0.005,0.033333,0,0,0,0.373333,0.1,0.938333,0,0,0,0,0,0.141667,0.008333,0,0,0,0,0.065,0,0.041667,0.091667,0,0.011667,0,0,0,0.013333,0
47-2082.00,0.068333,0,0,0,0,0,0.003333,0,0,0.016667,0,0.005,0,0,0,0,0.331667,0.038333,0.811667,0,0,0,0,0,0.068333,0.008333,0,0,0,0,0.008333,0,0.021667,0.026667,0,0,0,0,0,0.008333,0
47-2111.00,0.925,0.016667,0,0.04,0.01,0.026667,0.033333,0,0.008333,0.045,0.03,0.031667,0.13,0.041667,0.005,0.023333,0.313333,0.15,0.74,0.02,0.013333,0.025,0,0,0.445,0.07,0,0.005,0,0,0.136667,0.065,0.021667,0.026667,0,0,0.006667,0,0,0.056667,0.01
47-2121.00,0.171667,0,0,0.035,0.001667,0.005,0.023333,0.005,0,0.028333,0,0.013333,0.043333,0.008333,0,0,0.313333,0.36,0.843333,0,0,0.006667,0,0,0.216667,0.016667,0,0,0,0,0.07,0.005,0.05,0.086667,0,0,0,0,0,0.018333,0.005
47-2131.00,0.14,0,0,0.015,0,0,0.02,0,0,0.011667,0,0.005,0.013333,0,0,0,0.325,0.145,0.878333,0,0,0,0,0.01,0.178333,0.015,0,0,0,0,0.021667,0,0.018333,0.021667,0,0,0,0,0,0.008333,0
47-2132.00,0.423333,0.005,0,0.015,0,0.001667,0.013333,0,0,0.005,0.03,0.01,0.033333,0,0,0,0.273333,0.093333,0.851667,0.02,0,0.006667,0,0,0.313333,0.046667,0,0,0,0,0.08,0,0,0.008333,0,0,0,0,0,0.013333,0.003333
47-2141.00,0.068333,0,0,0.045,0,0.001667,0.02,0.008333,0.003333,0.033333,0,0.01,0.023333,0,0,0,0.313333,0.066667,0.828333,0,0.006667,0.045,0,0.005,0.1,0.016667,0,0,0,0.005,0.025,0,0.151667,0.268333,0.015,0,0.006667,0,0,0.023333,0.008333
47-2142.00,0.043333,0,0,0.04,0,0,0.02,0.071667,0,0.028333,0.011667,0.015,0.028333,0,0,0,0.273333,0.021667,0.74,0,0,0,0,0,0.078333,0.003333,0,0,0,0,0.03,0,0.211667,0.331667,0.021667,0,0,0,0,0.013333,0.005
47-2151.00,0.14,0.01,0,0,0,0,0,0,0,0,0.018333,0.003333,0.043333,0.005,0,0,0.215,0.565,0.938333,0.013333,0.013333,0.113333,0,0.005,0.216667,0.016667,0,0,0,0,0.046667,0,0,0,0,0,0,0,0,0.026667,0
47-2152.00,0.615,0.031667,0,0.051667,0.01,0.011667,0.02,0,0.011667,0.056667,0.035,0.023333,0.108333,0.026667,0,0.018333,0.261667,0.138333,0.851667,0.038333,0.015,0.036667,0,0.015,0.508333,0.07,0.008333,0.008333,0,0,0.103333,0.026667,0.006667,0.026667,0,0,0,0,0,0.036667,0.013333
47-2161.00,0.053333,0,0,0.025,0,0.005,0.016667,0,0,0.028333,0.006667,0.01,0.068333,0,0,0,0.355,0.055,0.895,0,0,0.021667,0,0.005,0.12,0.011667,0,0,0,0,0.011667,0,0.128333,0.193333,0.01,0,0,0,0.006667,0.026667,0.003333
47-2171.00,0.128333,0,0,0,0,0.001667,0,0,0,0.028333,0,0.008333,0.028333,0.008333,0,0,0.16,0.116667,0.921667,0,0,0.015,0,0.01,0.32,0.016667,0,0,0,0,0.103333,0,0.021667,0.026667,0,0,0,0,0,0.013333,0
47-2181.00,0.078333,0,0,0.03,0.001667,0.006667,0.026667,0,0.008333,0.016667,0.018333,0.01,0.053333,0.023333,0,0,0.343333,0.128333,0.93,0.013333,0.001667,0.036667,0,0.01,0.146667,0.015,0,0,0,0,0.046667,0,0.011667,0.026667,0,0,0,0,0,0.026667,0.008333
47-2211.00,0.466667,0.005,0,0,0.005,0.001667,0.01,0,0,0.028333,0.065,0.01,0.083333,0.023333,0,0,0.278333,0.213333,0.843333,0,0,0.015,0,0.005,0.415,0.036667,0,0,0,0,0.108333,0.008333,0.026667,0.053333,0,0,0,0,0,0.046667,0
47-2221.00,0.16,0,0,0,0,0.001667,0,0,0,0.028333,0,0.01,0.028333,0.005,0,0.006667,0.193333,0.313333,0.946667,0.02,0,0.015,0,0.018333,0.52,0.026667,0,0,0,0,0.098333,0.018333,0.006667,0.013333,0,0,0,0,0,0.018333,0
47-2231.00,0.865,0,0,0.035,0.01,0.026667,0.045,0.005,0.021667,0.061667,0.035,0.028333,0.068333,0.031667,0.005,0.018333,0.301667,0.19,0.811667,0.02,0,0.081667,0,0,0.658333,0.113333,0,0,0,0,0.208333,0.138333,0.018333,0.021667,0,0,0,0.008333,0,0.036667,0.008333
47-3011.00,0.073333,0,0,0,0,0,0,0,0,0.016667,0,0.001667,0,0,0,0,0.255,0.231667,0.93,0,0.001667,0.025,0,0,0.141667,0.016667,0,0,0,0,0.056667,0,0.021667,0.04,0,0,0,0,0,0.013333,0
47-3012.00,0.108333,0,0,0.03,0,0,0.003333,0,0,0.005,0,0.005,0.018333,0,0,0,0.915,0.105,0.895,0.02,0.001667,0.04,0,0,0.131667,0.008333,0,0,0,0,0.038333,0,0.018333,0.045,0,0,0,0,0,0.026667,0.013333
47-3013.00,0.865,0,0,0.03,0,0,0.006667,0,0,0.028333,0,0.013333,0.023333,0,0,0,0.181667,0.236667,0.836667,0.02,0,0.021667,0,0.01,0.385,0.04,0,0,0,0,0.078333,0.026667,0,0.005,0,0,0,0,0,0.026667,0.008333
47-3014.00,0.053333,0,0,0.03,0,0,0,0,0,0,0,0.008333,0.01,0,0,0,0.233333,0.076667,0.836667,0,0,0.018333,0,0.01,0.053333,0.003333,0,0,0,0,0,0,0.05,0.045,0,0,0,0,0,0.018333,0.016667
47-3015.00,0.345,0.01,0,0.03,0,0,0.01,0,0,0.033333,0.011667,0.01,0.028333,0.005,0,0,0.25,0.133333,0.87,0,0.006667,0.036667,0,0.015,0.25,0.016667,0,0,0,0,0.088333,0,0,0,0,0,0,0,0,0.026667,0.01
47-3016.00,0.068333,0,0,0.015,0,0,0.003333,0,0,0,0,0,0.005,0,0,0,0.278333,0.196667,0.921667,0.013333,0,0.025,0,0.01,0.083333,0,0,0,0,0,0.025,0,0,0,0,0,0,0,0,0.008333,0.005
47-4011.00,0.436667,0.01,0,0.056667,0.036667,0.033333,0.026667,0,0.038333,0.101667,0.058333,0.158333,0.253333,0.186667,0.063333,0.348333,0.501667,0.116667,0.205,0.266667,0,0.053333,0,0,0.618333,0.15,0,0.005,0.021667,0,0.208333,0.118333,0.018333,0.021667,0,0,0.011667,0.02,0,0.07,0.016667
47-4021.00,0.925,0,0,0.03,0.001667,0.005,0.006667,0,0,0.033333,0.011667,0.026667,0.063333,0.005,0,0.018333,0.143333,0.168333,0.786667,0.038333,0,0,0,0,0.658333,0.036667,0,0,0,0,0.111667,0.103333,0.003333,0,0,0,0,0,0,0.026667,0.008333
47-4031.00,0.108333,0,0,0.051667,0.01,0.011667,0.083333,0.013333,0.011667,0.011667,0.03,0.006667,0.063333,0.013333,0,0.011667,0.383333,0.178333,0.913333,0.026667,0.07,0.086667,0.003333,0.01,0.151667,0.008333,0,0,0,0,0.038333,0,0.011667,0.013333,0,0,0,0,0,0.013333,0.008333
47-4041.00,0.208333,0.038333,0,0.03,0,0.001667,0.003333,0,0,0.033333,0.006667,0.02,0.068333,0.026667,0.005,0.036667,0.215,0.545,0.886667,0.215,0.015,0.13,0,0.015,0.146667,0.096667,0.085,0.07,0,0,0.03,0.005,0,0,0,0,0,0,0,0.026667,0.008333
47-4051.00,0.298333,0,0,0.03,0,0,0,0,0,0,0.023333,0.01,0.058333,0.026667,0.01,0,0.215,0.87,0.946667,0.073333,0.015,0.306667,0.003333,0.01,0.151667,0.008333,0,0,0,0,0.008333,0,0,0,0,0,0,0,0,0.026667,0.01
47-4061.00,0.523333,0,0,0,0,0,0,0,0,0.005,0.006667,0.01,0.043333,0,0,0,0.193333,0.79,0.913333,0.053333,0.01,0.081667,0,0,0.32,0.016667,0,0,0,0,0.016667,0.008333,0,0,0,0,0,0,0,0.005,0
47-4071.00,0.286667,0.01,0,0.03,0.001667,0,0.02,0,0,0.033333,0.035,0.035,0.068333,0.005,0,0,0.116667,0.66,0.878333,0.038333,0.01,0.04,0,0.01,0.156667,0.016667,0.013333,0.008333,0,0,0.056667,0,0,0,0,0,0,0,0,0.008333,0.008333
47-4091.00,0.098333,0,0,0.03,0.003333,0,0.016667,0,0,0.011667,0,0.001667,0.028333,0.008333,0,0,0.301667,0.166667,0.913333,0,0.005,0.09,0,0.005,0.146667,0.005,0,0,0,0,0.043333,0,0.038333,0.081667,0,0,0,0,0,0.013333,0
47-5011.00,0.703333,0,0,0,0.005,0.001667,0,0,0,0.051667,0.035,0.008333,0.118333,0.008333,0,0,0.056667,0.283333,0.87,0.006667,0.006667,0.025,0,0.023333,0.47,0.07,0,0,0,0,0.093333,0.026667,0,0,0,0,0,0,0,0.031667,0
47-5012.00,0.765,0,0,0,0.026667,0.03,0,0,0.008333,0.056667,0.143333,0.023333,0.288333,0.036667,0.01,0,0.056667,0.385,0.828333,0.02,0.018333,0.036667,0,0.005,0.49,0.101667,0.013333,0,0,0,0.108333,0.008333,0,0,0,0,0,0,0,0.075,0.005
47-5013.00,0.723333,0,0,0.025,0.01,0.033333,0.02,0.008333,0.033333,0.085,0.053333,0.028333,0.093333,0.031667,0,0,0.068333,0.711667,0.818333,0.02,0.015,0.041667,0,0,0.44,0.126667,0.008333,0,0,0,0.103333,0.036667,0,0,0,0,0,0,0,0.023333,0
47-5022.00,0.393333,0,0,0,0,0,0,0,0,0.021667,0,0.005,0.023333,0,0,0,0.17,0.863333,0.655,0,0.021667,0.135,0,0.005,0.301667,0.015,0,0,0,0,0.011667,0.013333,0,0,0,0,0,0,0,0.008333,0
47-5023.00,0.518333,0,0,0,0,0.005,0,0,0,0.033333,0,0.01,0.073333,0.018333,0.005,0,0.078333,0.725,0.826667,0.038333,0.056667,0.145,0,0.005,0.415,0.211667,0.038333,0,0,0,0.083333,0.026667,0,0,0,0,0,0,0,0.013333,0
47-5032.00,0.276667,0.01,0,0.01,0.005,0.023333,0.02,0,0.008333,0.131667,0.046667,0.043333,0.118333,0.026667,0.023333,0.133333,0.056667,0.116667,0.803333,0.183333,0.018333,0.14,0,0.01,0.445,0.213333,0.021667,0,0.005,0,0.213333,0.055,0,0,0,0,0.003333,0.008333,0,0.026667,0
47-5041.00,0.675,0.005,0,0,0,0,0,0,0,0.011667,0,0.005,0.028333,0,0.005,0.036667,0.046667,0.803333,0.87,0.033333,0,0.021667,0,0,0.268333,0.046667,0.005,0,0,0,0.021667,0.005,0,0,0,0,0,0,0,0.018333,0
47-5043.00,0.511667,0,0,0,0,0,0,0,0,0,0,0.001667,0,0,0,0,0.155,0.366667,0.913333,0.046667,0,0.025,0,0,0.273333,0.03,0,0,0,0,0.025,0,0,0,0,0,0,0,0,0.023333,0
47-5044.00,0.55,0,0,0,0,0,0,0,0,0,0,0,0,0,0,0,0.036667,0.856667,0.87,0.006667,0,0.006667,0,0,0.256667,0.016667,0,0,0,0,0.011667,0,0,0,0,0,0,0,0,0,0
47-5051.00,0.068333,0,0,0,0,0,0,0,0,0,0,0.001667,0,0,0,0,0.21,0.138333,0.938333,0,0.018333,0.095,0,0.005,0.095,0.04,0,0,0,0,0.011667,0,0.018333,0.005,0,0,0,0,0,0,0
47-5071.00,0.78,0,0,0,0,0,0,0,0,0.016667,0,0,0.013333,0,0,0,0.221667,0.313333,0.913333,0,0.006667,0.033333,0,0.023333,0.331667,0.03,0,0,0,0,0.003333,0,0,0,0,0,0,0,0,0.005,0
47-5081.00,0.375,0,0,0,0,0,0,0,0,0.005,0,0.006667,0,0,0,0,0.051667,0.583333,0.973333,0,0.015,0.09,0,0.018333,0.238333,0.04,0,0,0,0,0.065,0,0,0,0,0,0,0,0,0,0.003333
49-1011.00,0.688333,0.026667,0,0.156667,0.166667,0.171667,0.15,0.025,0.103333,0.16,0.458333,0.176667,0.773333,0.186667,0.013333,0.036667,0.215,0.201667,0.273333,0.066667,0.026667,0.021667,0,0.018333,0.426667,0.05,0,0,0.043333,0,0.136667,0.088333,0.003333,0.008333,0,0,0.003333,0.02,0,0.218333,0.061667
49-2011.00,0.918333,0.01,0,0.093333,0.036667,0.023333,0.055,0.013333,0.038333,0.061667,0.053333,0.135,0.068333,0.026667,0,0,0.046667,0.116667,0.306667,0,0,0,0,0,0.521667,0.043333,0,0,0,0,0.075,0.506667,0,0,0,0,0,0.011667,0,0.06,0.016667
49-2021.00,0.895,0.005,0,0.03,0.005,0.018333,0.023333,0.005,0,0.056667,0.035,0.065,0.063333,0.023333,0,0.006667,0.126667,0.29,0.723333,0.038333,0,0.131667,0,0.01,0.658333,0.126667,0,0,0,0,0.171667,0.34,0.006667,0,0,0.023333,0,0.08,0,0.026667,0.005
49-2022.00,0.873333,0,0,0.081667,0.021667,0.01,0.075,0.005,0,0.033333,0.046667,0.08,0.058333,0.055,0,0,0.063333,0.19,0.62,0.038333,0,0.033333,0,0.005,0.565,0.061667,0,0,0,0,0.116667,0.388333,0,0,0,0,0,0.02,0,0.085,0.016667
49-2091.00,0.948333,0,0,0.015,0.006667,0,0.006667,0,0,0.051667,0.03,0.028333,0.043333,0.026667,0,0.006667,0.03,0.145,0.396667,0.046667,0,0,0,0,0.888333,0.173333,0,0,0,0,0.24,0.376667,0.003333,0.005,0,0,0,0.003333,0,0.051667,0
49-2092.00,0.97,0,0,0.03,0,0.006667,0.02,0,0,0.033333,0.03,0.031667,0.058333,0.018333,0,0,0.155,0.236667,0.618333,0,0.006667,0,0,0,0.591667,0.085,0,0,0,0,0.083333,0.05,0,0,0,0,0,0,0,0.026667,0.003333
49-2093.00,0.933333,0.01,0,0.03,0.005,0,0.01,0,0,0.033333,0.011667,0.023333,0.043333,0.018333,0,0,0.051667,0.248333,0.441667,0.046667,0.001667,0.021667,0,0,0.665,0.131667,0,0,0,0,0.181667,0.255,0,0.005,0,0.011667,0,0.003333,0,0.031667,0.008333
49-2094.00,0.976667,0.016667,0,0.025,0.02,0.015,0.023333,0,0,0.05,0.046667,0.095,0.093333,0.041667,0,0,0.041667,0.121667,0.325,0.006667,0.013333,0.006667,0,0,0.81,0.15,0.005,0.008333,0,0,0.235,0.353333,0.006667,0.008333,0,0,0,0.008333,0,0.056667,0.003333
49-2095.00,0.948333,0,0,0.01,0.006667,0.01,0,0,0.011667,0.068333,0.03,0.065,0.068333,0.026667,0,0,0.046667,0.088333,0.446667,0.053333,0.005,0.025,0,0,0.86,0.183333,0,0,0,0,0.218333,0.195,0,0.008333,0,0,0.006667,0,0,0.031667,0.005
49-2096.00,0.925,0,0,0.076667,0.01,0.001667,0.045,0,0.008333,0.033333,0,0.028333,0.028333,0.018333,0,0,0.198333,0.15,0.513333,0.02,0.001667,0,0,0,0.631667,0.061667,0,0,0,0,0.103333,0.271667,0.021667,0.021667,0,0.113333,0,0.036667,0,0.026667,0.016667
49-2097.00,0.888333,0,0,0.113333,0.023333,0.01,0.075,0.025,0,0.045,0.046667,0.083333,0.048333,0.041667,0,0,0.1,0.071667,0.378333,0,0,0,0,0.018333,0.54,0.043333,0,0,0,0,0.07,0.255,0.033333,0.045,0.036667,0.17,0,0.126667,0,0.07,0.016667
49-2098.00,0.865,0.016667,0,0.061667,0.015,0.02,0.096667,0.016667,0.003333,0.033333,0.03,0.04,0.043333,0.065,0,0.036667,0.243333,0.05,0.633333,0.405,0,0,0,0,0.495,0.058333,0,0,0.005,0,0.078333,0.25,0.011667,0,0,0,0,0.003333,0,0.056667,0.016667
49-3011.00,0.976667,0.01,0,0.015,0.005,0.005,0.003333,0,0.003333,0.051667,0.035,0.031667,0.073333,0.026667,0,0.018333,0.088333,0.243333,0.74,0.053333,0,0.01,0,0,0.775,0.163333,0.005,0.005,0,0,0.126667,0.113333,0,0.026667,0,0,0.003333,0.003333,0,0.041667,0.005
49-3021.00,0.821667,0,0,0.045,0.001667,0,0.026667,0,0.008333,0.04,0,0.013333,0.028333,0.005,0,0,0.165,0.11,0.835,0,0,0,0,0,0.278333,0.023333,0,0,0,0,0.083333,0.005,0.058333,0.063333,0,0,0,0,0,0.018333,0.008333
49-3022.00,0.648333,0,0,0.066667,0.003333,0,0.033333,0,0,0.021667,0,0.01,0.018333,0,0,0,0.155,0.15,0.795,0,0,0,0,0,0.168333,0.016667,0,0,0,0,0.008333,0,0,0.005,0,0,0,0,0,0.008333,0.01
49-3023.00,0.961667,0.01,0,0.098333,0.015,0.011667,0.063333,0.005,0.011667,0.068333,0.035,0.028333,0.058333,0.026667,0,0,0.046667,0.218333,0.755,0.006667,0.001667,0,0,0.005,0.585,0.113333,0,0,0.005,0,0.093333,0.18,0,0,0,0,0,0.003333,0,0.041667,0.013333
49-3031.00,0.933333,0,0,0.01,0.01,0.006667,0.006667,0,0,0.033333,0.023333,0.016667,0.038333,0.026667,0,0,0.051667,0.32,0.818333,0.038333,0.01,0.01,0,0,0.571667,0.073333,0,0.005,0,0,0.108333,0.118333,0,0,0,0,0,0,0,0.031667,0.008333
49-3041.00,0.918333,0,0,0.056667,0.006667,0.001667,0.02,0,0,0.04,0.018333,0.02,0.013333,0.026667,0,0,0.131667,0.391667,0.693333,0,0.36,0.261667,0.02,0.01,0.578333,0.088333,0.021667,0,0,0,0.108333,0.103333,0,0,0,0,0.003333,0,0,0.023333,0.005
49-3042.00,0.933333,0,0,0.03,0.003333,0,0.02,0,0,0.033333,0.035,0.026667,0.063333,0.013333,0,0,0.1,0.313333,0.693333,0.038333,0.106667,0.1,0,0,0.671667,0.073333,0,0,0,0,0.116667,0.123333,0,0,0,0,0,0,0,0.026667,0
49-3043.00,0.925,0,0,0,0,0,0,0,0,0.033333,0,0.021667,0.043333,0,0,0,0.205,0.26,0.86,0.013333,0,0.015,0,0,0.508333,0.036667,0,0,0,0,0.088333,0.026667,0.015,0.021667,0,0,0,0,0,0.013333,0
49-3051.00,0.918333,0,0,0.056667,0.005,0.005,0.03,0,0,0.028333,0.006667,0.031667,0.048333,0.026667,0,0,0.063333,0.241667,0.67,0,0,0.188333,0,0.015,0.638333,0.066667,0,0,0,0,0.088333,0.083333,0,0,0,0,0,0,0,0.026667,0.008333
49-3052.00,0.94,0,0,0.076667,0.01,0.005,0.023333,0.005,0,0.033333,0.006667,0.015,0.023333,0.026667,0,0,0.031667,0.196667,0.708333,0.006667,0.001667,0.003333,0,0.015,0.526667,0.051667,0,0.005,0,0,0.098333,0.093333,0.011667,0.016667,0,0,0,0,0,0.046667,0.008333
49-3053.00,0.946667,0,0,0.076667,0.023333,0.026667,0.131667,0.053333,0.011667,0.061667,0.053333,0.036667,0.048333,0.026667,0,0,0.095,0.161667,0.59,0,0.043333,0.09,0,0.018333,0.44,0.04,0,0,0,0,0.038333,0.036667,0,0,0,0,0,0,0,0.055,0.016667
49-3091.00,0.793333,0,0,0.178333,0.026667,0.03,0.183333,0.066667,0.011667,0.033333,0.046667,0.035,0.058333,0.041667,0,0,0.121667,0.076667,0.663333,0,0,0.028333,0,0.098333,0.366667,0.008333,0,0,0,0,0.051667,0.013333,0.006667,0.045,0,0,0,0,0,0.06,0.016667
49-3092.00,0.91,0,0,0.076667,0.015,0.006667,0.048333,0.008333,0.008333,0.033333,0.046667,0.035,0.058333,0.041667,0,0,0.111667,0.173333,0.693333,0,0.005,0.06,0,0,0.451667,0.03,0,0,0,0,0.078333,0.036667,0.015,0.026667,0,0,0,0,0,0.05,0.01
49-3093.00,0.681667,0,0,0.076667,0,0.01,0.051667,0,0,0.011667,0.018333,0.01,0.033333,0,0,0,0.03,0.295,0.843333,0,0,0,0,0.015,0.136667,0.008333,0,0,0,0,0.011667,0,0,0,0,0,0,0,0,0,0.008333
49-9011.00,0.793333,0,0,0.076667,0.001667,0.001667,0.045,0,0,0.033333,0.035,0.035,0.028333,0.013333,0,0,0.25,0.166667,0.818333,0.006667,0,0,0,0.005,0.433333,0.016667,0,0,0,0,0.021667,0.045,0,0,0,0,0,0,0,0.023333,0.008333
49-9012.00,0.85,0,0,0.035,0.003333,0,0.016667,0,0,0.056667,0.018333,0.036667,0.023333,0.008333,0,0,0.083333,0.116667,0.611667,0.026667,0.015,0.021667,0,0,0.585,0.073333,0,0,0,0,0.103333,0.118333,0,0,0,0,0,0,0,0.023333,0.005
49-9021.00,0.918333,0.016667,0,0.081667,0.011667,0.023333,0.06,0,0.011667,0.08,0.053333,0.031667,0.113333,0.026667,0,0.006667,0.266667,0.178333,0.771667,0.02,0.005,0.021667,0,0.005,0.631667,0.126667,0,0.005,0,0,0.108333,0.118333,0,0.013333,0,0,0,0,0,0.046667,0.016667
49-9031.00,0.918333,0,0,0.135,0.02,0.02,0.096667,0.025,0.021667,0.068333,0.046667,0.045,0.058333,0.046667,0,0.006667,0.11,0.071667,0.67,0.02,0,0,0,0,0.47,0.046667,0,0,0,0,0.038333,0.098333,0,0.005,0,0,0.006667,0,0.02,0.065,0.013333
49-9041.00,0.933333,0.005,0,0.005,0.01,0,0.013333,0,0.003333,0.04,0.011667,0.031667,0.058333,0.026667,0,0,0.16,0.225,0.716667,0,0.053333,0.003333,0,0.005,0.665,0.085,0.005,0.008333,0,0,0.136667,0.153333,0.003333,0.013333,0,0,0,0,0,0.046667,0
49-9043.00,0.918333,0.005,0,0,0,0.001667,0,0,0,0.033333,0.018333,0.02,0.048333,0,0,0,0.198333,0.29,0.818333,0,0.066667,0.015,0.003333,0.005,0.488333,0.033333,0,0,0,0,0.025,0.04,0,0,0,0,0,0,0,0.013333,0
49-9044.00,0.843333,0.01,0,0,0.005,0,0,0,0.003333,0,0,0.006667,0.043333,0.013333,0,0,0.285,0.253333,0.843333,0.02,0.018333,0.006667,0,0,0.631667,0.058333,0,0,0,0,0.098333,0.045,0.003333,0.021667,0,0,0,0,0,0.041667,0
49-9045.00,0.276667,0,0,0,0,0,0,0,0,0.033333,0,0.008333,0.01,0,0,0,0.255,0.093333,0.86,0,0,0,0,0.005,0.266667,0.073333,0,0,0,0,0.025,0,0.006667,0.021667,0,0,0,0,0,0,0
49-9051.00,0.888333,0,0,0.02,0.005,0,0.01,0,0,0.033333,0.03,0.005,0.068333,0.026667,0,0.006667,0.17,0.615,0.86,0.06,0.018333,0.193333,0,0.028333,0.578333,0.046667,0.005,0,0,0,0.043333,0.026667,0,0,0,0,0,0,0,0.026667,0.008333
49-9052.00,0.858333,0,0,0.081667,0.01,0.02,0.033333,0,0,0.021667,0.035,0.028333,0.048333,0.026667,0,0,0.186667,0.433333,0.818333,0.038333,0.001667,0.153333,0,0.005,0.533333,0.04,0,0,0,0,0.075,0.216667,0,0,0,0,0,0.02,0,0.036667,0.016667
49-9061.00,0.836667,0,0,0.061667,0.01,0,0.023333,0,0,0.028333,0,0.04,0.013333,0.008333,0,0,0.051667,0.016667,0.22,0,0,0.003333,0,0,0.571667,0.076667,0,0,0,0,0.093333,0.138333,0.075,0.045,0.018333,0,0,0.08,0,0.026667,0.005
49-9062.00,0.925,0.381667,0,0.055,0.015,0.005,0.02,0,0.003333,0.068333,0.046667,0.086667,0.063333,0.065,0,0.018333,0.061667,0.055,0.306667,0.013333,0,0,0.008333,0.01,0.733333,0.163333,0.08,0.208333,0.013333,0,0.24,0.266667,0,0.005,0,0,0.003333,0.003333,0,0.085,0.025
49-9063.00,0.635,0,0,0.108333,0.015,0,0.033333,0.035,0,0.021667,0.006667,0.028333,0.005,0.026667,0,0,0.333333,0.01,0.453333,0,0,0,0,0,0.285,0.033333,0,0,0,0.106667,0.046667,0.013333,0.171667,0.275,0.146667,0.423333,0.026667,0.036667,0.013333,0.045,0.013333
49-9064.00,0.83,0,0,0.12,0.006667,0.006667,0.036667,0,0.011667,0.073333,0.046667,0.113333,0.058333,0.013333,0,0,0.051667,0.005,0.155,0,0,0,0,0,0.301667,0.04,0,0,0,0.01,0.065,0.05,0.021667,0.053333,0,0,0,0,0,0.023333,0.008333
49-9071.00,0.88,0.098333,0,0.03,0.005,0.015,0.02,0,0.003333,0.033333,0.053333,0.036667,0.118333,0.031667,0,0,0.515,0.206667,0.818333,0.013333,0.056667,0.065,0.025,0.005,0.508333,0.055,0,0.008333,0,0,0.103333,0.088333,0.018333,0.016667,0,0,0,0,0.02,0.046667,0.01
49-9081.00,0.94,0,0,0.015,0.021667,0.026667,0.016667,0,0.003333,0.051667,0.053333,0.023333,0.088333,0.055,0,0,0.148333,0.185,0.693333,0.026667,0.018333,0.251667,0,0.01,0.803333,0.196667,0,0,0,0,0.181667,0.221667,0,0,0,0,0,0,0,0.075,0.005
49-9091.00,0.843333,0,0,0.061667,0,0.01,0.048333,0,0.025,0.155,0.03,0.086667,0.053333,0.008333,0,0,0.056667,0.121667,0.446667,0.02,0,0,0,0,0.325,0.023333,0,0,0,0,0.038333,0.158333,0,0,0,0.06,0,0.003333,0.006667,0.008333,0.008333
49-9092.00,0.53,0.026667,0,0.015,0.01,0,0.003333,0,0,0.016667,0.018333,0.006667,0.068333,0.026667,0.005,0,0.221667,0.213333,0.886667,0.111667,0.001667,0.378333,0.008333,0.043333,0.501667,0.15,0.085,0.041667,0,0,0.108333,0.018333,0.018333,0.005,0,0,0,0.02,0,0.06,0.005
49-9094.00,0.688333,0,0,0.081667,0.01,0.023333,0.055,0.016667,0.03,0.091667,0.053333,0.106667,0.083333,0.026667,0.01,0.073333,0.221667,0.105,0.555,0.19,0,0,0,0,0.313333,0.023333,0,0,0,0.005,0.07,0.093333,0.003333,0.026667,0,0,0,0,0,0.046667,0.01
49-9095.00,0.55,0,0,0.056667,0.003333,0,0.02,0,0,0.028333,0.018333,0.01,0.043333,0.008333,0,0.023333,0.59,0.278333,0.903333,0.02,0,0.018333,0,0,0.256667,0.016667,0,0,0,0,0.038333,0.018333,0.003333,0.026667,0,0,0,0,0,0.026667,0.01
49-9096.00,0.298333,0,0,0.015,0.005,0.001667,0.013333,0,0,0.028333,0.011667,0.01,0.048333,0.031667,0,0,0.25,0.331667,0.851667,0.026667,0.01,0.06,0,0.01,0.331667,0.016667,0,0,0,0,0.088333,0.005,0.021667,0.013333,0.025,0.011667,0,0.016667,0,0.023333,0
49-9097.00,0.888333,0,0,0,0,0,0,0,0,0.033333,0,0.021667,0.038333,0,0,0,0.073333,0.445,0.655,0.08,0,0.056667,0,0,0.585,0.033333,0,0,0,0,0.078333,0.143333,0,0,0,0,0,0,0,0.026667,0.003333
49-9098.00,0.888333,0.016667,0,0.035,0.001667,0,0.013333,0,0,0.033333,0,0.02,0.01,0,0,0,0.243333,0.236667,0.836667,0.02,0.018333,0.021667,0.003333,0,0.373333,0.03,0,0,0,0,0.051667,0.088333,0,0.021667,0,0.003333,0,0,0,0.023333,0.01
51-1011.00,0.393333,0.005,0,0.03,0.105,0.291667,0.051667,0.03,0.088333,0.19,0.371667,0.153333,0.8,0.171667,0.018333,0.018333,0.231667,0.225,0.18,0.065,0.046667,0.003333,0,0.015,0.32,0.05,0.038333,0.008333,0.04,0,0.218333,0.123333,0.003333,0.016667,0,0,0,0.008333,0.076667,0.13,0.035
51-2011.00,0.758333,0,0,0,0,0,0,0,0,0.033333,0,0.016667,0.023333,0.013333,0,0,0.188333,0.116667,0.778333,0.02,0,0,0,0,0.671667,0.058333,0,0,0,0,0.103333,0.088333,0.021667,0.026667,0,0,0,0,0,0.026667,0
51-2021.00,0.808333,0,0,0,0,0.001667,0,0,0,0.068333,0,0.026667,0.043333,0,0,0,0.025,0.083333,0.473333,0,0,0,0,0,0.39,0.036667,0,0,0,0,0.078333,0.068333,0,0,0,0,0,0,0,0.013333,0
51-2022.00,0.888333,0.005,0,0,0.01,0,0,0,0,0.033333,0.03,0.02,0.028333,0.026667,0,0,0.068333,0.05,0.385,0,0,0,0,0,0.611667,0.088333,0,0.013333,0,0,0.078333,0.2,0.018333,0.04,0,0,0,0,0,0.041667,0
51-2023.00,0.903333,0.01,0,0,0,0,0,0,0,0.033333,0,0.02,0.018333,0,0,0,0.051667,0.083333,0.385,0,0.001667,0,0,0,0.638333,0.088333,0,0.013333,0,0,0.103333,0.133333,0.006667,0.008333,0,0,0,0,0,0.008333,0
51-2031.00,0.85,0,0,0.015,0,0,0.006667,0,0,0.021667,0,0.01,0.028333,0.005,0,0,0.131667,0.185,0.723333,0,0.005,0,0,0,0.578333,0.03,0,0,0,0,0.056667,0.026667,0.003333,0,0,0,0,0,0,0.013333,0
51-2041.00,0.27,0,0,0,0,0,0,0,0,0.021667,0,0.008333,0.023333,0,0,0,0.16,0.266667,0.878333,0,0,0,0,0,0.565,0.026667,0,0,0,0,0.111667,0.008333,0.018333,0.04,0,0,0,0,0,0,0
51-2051.00,0.14,0,0,0.015,0,0,0.003333,0,0,0.028333,0.011667,0.01,0.038333,0.005,0,0,0.21,0.093333,0.818333,0,0,0,0,0,0.261667,0.073333,0,0,0,0,0.025,0,0.041667,0.058333,0,0,0,0,0,0.026667,0
51-2061.00,0.736667,0,0,0.015,0,0,0.003333,0,0,0.045,0,0.016667,0,0,0,0,0.068333,0,0.155,0,0,0,0,0,0.515,0.036667,0,0,0,0,0.116667,0.04,0.018333,0.026667,0,0,0,0,0,0.005,0
51-2092.00,0.31,0,0,0.025,0.043333,0.085,0.02,0.008333,0.033333,0.056667,0.071667,0.051667,0.31,0.046667,0,0,0.193333,0.156667,0.548333,0.013333,0.001667,0,0,0,0.308333,0.02,0.005,0,0,0,0.07,0.098333,0,0.021667,0,0,0,0,0.025,0.11,0.018333
51-3011.00,0.063333,0.005,0,0.076667,0.01,0.03,0.051667,0.038333,0.011667,0.068333,0.041667,0.036667,0.093333,0.026667,0,0,0.015,0.033333,0.46,0,0.018333,0,0,0.005,0.063333,0.026667,0.013333,0,0,0.005,0.093333,0.005,0.115,0.215,0.01,0,0.011667,0.011667,0.893333,0.036667,0.01
51-3021.00,0.038333,0.005,0,0.173333,0.005,0.035,0.218333,0.09,0.03,0.103333,0.041667,0.021667,0.103333,0.023333,0,0,0.031667,0.038333,0.786667,0.006667,0.093333,0.006667,0.011667,0,0.028333,0.016667,0.038333,0,0,0,0.025,0,0.033333,0.073333,0.006667,0,0.003333,0.003333,0.236667,0.026667,0.01
51-3022.00,0.043333,0,0,0,0,0,0.003333,0,0,0.033333,0.041667,0.005,0.028333,0,0,0,0.025,0.05,0.845,0.02,0.106667,0.01,0.011667,0.005,0.028333,0.005,0.038333,0.005,0,0,0.043333,0,0,0,0,0,0,0,0.148333,0.026667,0
51-3023.00,0.023333,0,0,0.015,0,0.005,0.016667,0,0,0.016667,0.023333,0.006667,0.028333,0,0,0,0.02,0.066667,0.86,0,0.126667,0.01,0.025,0.015,0.015,0.015,0.038333,0,0,0,0.008333,0,0,0,0,0,0,0,0.076667,0.013333,0.003333
51-3091.00,0.225,0,0,0,0,0.005,0,0,0,0.085,0,0.016667,0.043333,0,0,0,0,0.145,0.46,0.006667,0.126667,0.006667,0,0,0.105,0.07,0.038333,0,0,0,0.043333,0.018333,0,0,0,0,0.003333,0,0.193333,0.008333,0
51-3092.00,0.293333,0.005,0,0.025,0.003333,0.023333,0,0,0,0.096667,0.053333,0.043333,0.118333,0.008333,0,0,0.005,0.128333,0.446667,0.02,0.075,0,0,0,0.2,0.123333,0.108333,0.041667,0,0,0.136667,0.068333,0.021667,0.04,0.003333,0,0,0,0.325,0.041667,0
51-3093.00,0.328333,0,0,0.01,0,0.001667,0,0,0,0.04,0.011667,0.013333,0.033333,0,0,0,0.02,0.161667,0.433333,0,0.06,0,0,0,0.131667,0.043333,0.025,0,0,0,0.043333,0.013333,0,0,0,0,0,0,0.211667,0.026667,0
51-4021.00,0.416667,0,0,0,0,0,0,0,0,0.033333,0,0.01,0.013333,0,0,0,0.083333,0.173333,0.466667,0,0.001667,0,0,0,0.261667,0.061667,0,0,0,0,0.103333,0.026667,0,0.016667,0,0,0,0,0,0.013333,0
51-4022.00,0.405,0,0,0,0,0,0,0,0,0.033333,0.006667,0.013333,0.028333,0,0,0,0.063333,0.185,0.701667,0,0.005,0,0,0.005,0.408333,0.043333,0,0,0,0,0.098333,0.026667,0.018333,0.026667,0,0,0,0,0,0.026667,0
51-4023.00,0.473333,0,0,0,0.006667,0,0,0,0,0.045,0.03,0.016667,0.068333,0.013333,0,0,0.041667,0.208333,0.506667,0,0,0,0,0,0.33,0.04,0,0,0,0,0.111667,0.013333,0,0,0,0,0,0,0,0.051667,0
51-4031.00,0.258333,0,0,0,0,0,0,0,0,0.033333,0,0.01,0.023333,0,0,0,0.1,0.173333,0.583333,0,0,0,0,0,0.24,0.016667,0,0,0,0,0.046667,0.013333,0.003333,0.013333,0,0,0,0,0,0.008333,0
51-4032.00,0.621667,0,0,0,0,0,0,0,0,0.033333,0,0.013333,0.038333,0,0,0,0.078333,0.126667,0.57,0,0,0,0,0,0.465,0.051667,0,0,0,0,0.136667,0.093333,0,0,0,0,0,0,0,0.026667,0
51-4033.00,0.34,0,0,0,0,0,0,0,0,0.028333,0,0.01,0.018333,0,0,0,0.138333,0.116667,0.611667,0,0,0,0,0,0.306667,0.036667,0,0,0,0,0.046667,0.008333,0,0.005,0,0,0,0,0,0.005,0
51-4034.00,0.55,0,0,0,0.001667,0.005,0,0,0,0.04,0.006667,0.013333,0.048333,0,0,0,0.105,0.156667,0.526667,0,0,0,0,0,0.451667,0.046667,0,0,0,0,0.171667,0.118333,0,0,0,0,0,0,0,0.026667,0
51-4035.00,0.621667,0,0,0,0,0,0,0,0,0.033333,0,0.01,0.018333,0,0,0,0.09,0.178333,0.46,0,0,0,0,0,0.433333,0.046667,0,0,0,0,0.203333,0.108333,0.018333,0.021667,0,0,0,0,0,0.018333,0
51-4041.00,0.83,0.005,0,0,0.006667,0,0.003333,0,0,0.033333,0.006667,0.016667,0.033333,0.013333,0,0,0.121667,0.168333,0.466667,0,0.006667,0,0,0.005,0.678333,0.105,0,0.008333,0,0,0.383333,0.19,0.026667,0.045,0,0,0,0,0,0.023333,0
51-4051.00,0.345,0,0,0,0.001667,0.01,0,0,0,0.068333,0.035,0.023333,0.068333,0.008333,0,0,0.015,0.201667,0.7,0.02,0,0,0,0,0.308333,0.173333,0,0,0,0,0.103333,0.018333,0,0,0,0,0,0,0,0.026667,0
51-4052.00,0.145,0,0,0,0,0,0,0,0,0.028333,0,0.003333,0.005,0,0,0,0.031667,0.243333,0.828333,0,0,0,0,0,0.125,0.085,0,0,0,0,0.025,0,0,0,0,0,0,0,0,0,0
51-4061.00,0.771667,0,0,0,0.001667,0.001667,0,0.005,0,0.028333,0,0.015,0.018333,0.008333,0,0,0.221667,0.178333,0.596667,0,0,0,0,0,0.698333,0.076667,0.013333,0.013333,0,0,0.166667,0.185,0.083333,0.171667,0,0,0,0.011667,0,0.018333,0
51-4062.00,0.43,0,0,0,0,0,0,0,0,0.033333,0,0.013333,0.018333,0,0,0,0.181667,0.105,0.583333,0,0,0,0,0,0.546667,0.043333,0,0,0,0.005,0.161667,0.045,0.151667,0.241667,0.018333,0.006667,0.011667,0,0.013333,0.018333,0
51-4071.00,0.171667,0,0,0,0,0,0,0,0,0.016667,0.011667,0.008333,0.033333,0,0,0,0.153333,0.248333,0.843333,0,0,0,0,0.005,0.296667,0.061667,0,0,0,0,0.038333,0.008333,0.038333,0.053333,0,0,0,0,0,0.026667,0
51-4072.00,0.411667,0,0,0,0,0,0,0,0,0.04,0,0.01,0.018333,0,0,0,0.105,0.168333,0.513333,0,0,0,0,0,0.331667,0.096667,0,0,0,0,0.126667,0.04,0.018333,0.035,0,0,0,0,0,0.008333,0
51-4081.00,0.648333,0,0,0,0.005,0.001667,0,0,0,0.04,0.018333,0.01,0.028333,0.005,0,0,0.095,0.173333,0.541667,0,0,0,0,0,0.408333,0.03,0,0,0,0,0.198333,0.108333,0.015,0.026667,0,0,0,0,0,0.041667,0
51-4111.00,0.505,0,0,0,0,0,0,0,0,0.028333,0,0.016667,0.038333,0.005,0,0,0.138333,0.105,0.59,0,0,0,0,0,0.665,0.061667,0,0,0,0,0.213333,0.098333,0.033333,0.053333,0,0,0,0,0,0.026667,0
51-4121.00,0.321667,0,0,0,0,0,0,0,0,0.028333,0,0.005,0.028333,0,0,0,0.105,0.133333,0.828333,0,0.018333,0.006667,0,0.005,0.408333,0.058333,0,0,0,0,0.093333,0.005,0.033333,0.031667,0,0,0,0,0,0.026667,0
51-4122.00,0.628333,0,0,0,0.005,0.001667,0,0,0,0.033333,0.018333,0.016667,0.058333,0.005,0,0,0.126667,0.11,0.618333,0,0.005,0,0,0,0.451667,0.046667,0,0,0,0,0.056667,0.031667,0.021667,0.04,0,0,0,0,0,0.023333,0
51-4191.00,0.4,0,0,0,0.01,0,0,0,0,0.045,0.035,0.016667,0.043333,0.008333,0,0,0.025,0.178333,0.435,0,0.001667,0,0,0,0.336667,0.15,0,0,0,0,0.156667,0.026667,0,0,0,0,0,0,0,0.06,0.005
51-4192.00,0.375,0,0,0,0,0.001667,0,0,0,0.033333,0,0.016667,0.043333,0.005,0,0,0.186667,0.071667,0.555,0,0,0,0,0.005,0.631667,0.105,0,0,0,0,0.273333,0.063333,0.058333,0.058333,0,0,0.006667,0,0,0.026667,0
51-4193.00,0.405,0,0,0.015,0,0,0.003333,0,0,0.051667,0.011667,0.013333,0.028333,0,0,0.018333,0.031667,0.105,0.415,0.02,0,0,0,0,0.325,0.163333,0,0,0,0,0.093333,0.026667,0.018333,0.04,0,0,0,0,0,0.026667,0
51-4194.00,0.615,0,0,0,0,0,0,0,0,0.033333,0,0.01,0,0,0,0,0.21,0.105,0.596667,0,0.005,0,0,0,0.426667,0.03,0,0,0,0,0.098333,0.005,0.006667,0.021667,0,0,0,0,0,0.018333,0
51-5111.00,0.328333,0,0,0.055,0.005,0.011667,0.02,0.115,0,0.08,0.023333,0.213333,0.043333,0.023333,0,0,0.015,0.05,0.078333,0,0,0,0,0,0.163333,0.016667,0,0,0,0.036667,0.093333,0.443333,0.196667,0.208333,0.018333,0,0.055,0.171667,0,0.023333,0.008333
51-5112.00,0.363333,0,0,0.01,0,0.011667,0,0.021667,0.003333,0.068333,0.03,0.035,0.058333,0,0,0,0.041667,0.185,0.366667,0,0,0,0,0,0.233333,0.016667,0,0,0,0,0.038333,0.098333,0.061667,0.076667,0.003333,0,0.011667,0.058333,0,0.026667,0
51-5113.00,0.31,0,0,0.015,0.005,0.001667,0.006667,0,0,0.033333,0.041667,0.051667,0.093333,0.005,0,0,0.116667,0.111667,0.513333,0,0,0,0,0,0.131667,0.008333,0,0,0,0,0.021667,0.026667,0.07,0.081667,0,0,0,0.045,0.006667,0.041667,0.003333
51-6011.00,0.15,0.026667,0,0.076667,0,0,0.013333,0,0,0.033333,0.006667,0.015,0.028333,0,0,0,0.005,0.128333,0.678333,0,0,0,0,0.005,0.043333,0.008333,0,0,0,0,0.011667,0,0.003333,0,0,0,0,0,0,0.008333,0.008333
51-6021.00,0.058333,0,0,0.04,0,0,0.006667,0,0,0.011667,0,0.01,0,0,0,0,0.005,0.055,0.533333,0,0,0,0,0,0.048333,0.005,0,0,0,0,0,0,0.045,0.081667,0.011667,0,0,0,0,0,0.005
51-6031.00,0.236667,0,0,0.01,0,0,0,0,0,0.033333,0,0.01,0.005,0,0,0,0.03,0.071667,0.273333,0,0,0,0,0,0.048333,0,0,0,0,0,0.011667,0.008333,0.053333,0.091667,0,0,0,0,0,0.008333,0
51-6041.00,0.088333,0,0,0.051667,0,0.001667,0.033333,0.016667,0,0.016667,0,0.01,0,0,0,0,0.273333,0.01,0.403333,0,0.006667,0.006667,0.011667,0.028333,0.048333,0.005,0,0,0,0.015,0.008333,0,0.358333,0.343333,0.018333,0,0.006667,0,0.038333,0.026667,0.005
51-6042.00,0.215,0,0,0,0,0.001667,0,0,0,0.021667,0.018333,0.01,0.033333,0,0,0,0.078333,0.088333,0.371667,0,0,0,0,0.005,0.08,0.005,0,0,0,0,0.008333,0.008333,0.021667,0.045,0,0,0,0,0,0,0
51-6051.00,0.023333,0,0,0.161667,0.005,0,0.023333,0.025,0,0.011667,0.006667,0.016667,0.018333,0,0,0,0.025,0,0.23,0,0,0,0,0,0.023333,0,0,0,0,0.015,0.008333,0,0.25,0.268333,0.031667,0,0.011667,0.003333,0.013333,0.026667,0.008333
51-6052.00,0.048333,0,0,0.446667,0.021667,0.03,0.096667,0.09,0.016667,0.073333,0.03,0.035,0.073333,0.031667,0,0,0.036667,0,0.325,0,0,0,0,0,0.043333,0,0,0,0,0.046667,0.025,0,0.393333,0.588333,0.065,0.006667,0.03,0.023333,0.078333,0.041667,0.016667
51-6061.00,0.321667,0,0,0,0,0,0,0,0,0.04,0,0.008333,0.028333,0,0,0,0.02,0.173333,0.36,0,0.006667,0,0,0,0.201667,0.088333,0.021667,0,0,0,0.065,0.036667,0.03,0.048333,0,0,0,0,0.025,0.013333,0
51-6062.00,0.381667,0,0,0,0,0.001667,0,0,0,0.033333,0.018333,0.016667,0.053333,0,0,0,0.083333,0.166667,0.341667,0,0,0,0,0,0.158333,0.016667,0,0,0,0,0.03,0.045,0.038333,0.076667,0,0,0,0,0.006667,0.018333,0
51-6063.00,0.281667,0,0,0,0,0,0,0,0,0.016667,0,0.01,0.043333,0,0,0,0.046667,0.161667,0.355,0,0.015,0,0,0,0.163333,0.016667,0,0,0,0,0.021667,0.013333,0.038333,0.076667,0,0,0,0,0,0,0
51-6064.00,0.345,0,0,0,0,0,0,0,0,0.056667,0.006667,0.02,0.058333,0,0,0,0.068333,0.093333,0.378333,0,0.013333,0,0,0,0.141667,0.02,0,0,0,0,0.033333,0.013333,0.018333,0.04,0,0,0,0,0,0,0
51-6091.00,0.455,0,0,0,0.001667,0,0,0,0,0.033333,0.018333,0.015,0.028333,0.005,0,0,0.1,0.196667,0.403333,0,0.001667,0,0,0,0.296667,0.085,0.013333,0,0,0,0.103333,0.031667,0.003333,0.008333,0,0,0.003333,0,0,0.023333,0
51-6092.00,0.058333,0,0,0.03,0.01,0.015,0.013333,0.08,0,0.051667,0.035,0.09,0.043333,0.023333,0,0,0.051667,0,0.205,0,0,0,0,0.005,0.146667,0.005,0,0,0.005,0.046667,0.245,0.073333,0.57,0.756667,0.061667,0,0.071667,0.036667,0.031667,0.046667,0
51-6093.00,0.098333,0,0,0.03,0,0,0.013333,0.008333,0,0,0,0.01,0,0,0,0,0.421667,0.048333,0.64,0,0,0,0,0,0.083333,0.008333,0,0,0,0.01,0.008333,0,0.4,0.343333,0.031667,0,0,0,0,0.023333,0.005
51-7011.00,0.171667,0,0,0.015,0,0,0.006667,0,0,0.033333,0,0.01,0.023333,0,0,0,0.993333,0.066667,0.795,0,0.001667,0.003333,0,0.005,0.228333,0.008333,0,0,0,0,0.103333,0.008333,0.143333,0.275,0.003333,0,0,0,0,0.026667,0
51-7021.00,0.058333,0,0,0.005,0,0,0,0,0,0,0,0,0,0,0,0,0.965,0.038333,0.723333,0,0.005,0,0,0,0.053333,0.015,0,0,0,0.01,0,0,0.31,0.361667,0.01,0,0,0,0.006667,0.008333,0
51-7031.00,0.166667,0,0,0,0,0.001667,0.003333,0.035,0,0.028333,0,0.02,0.038333,0.005,0,0,0.956667,0.066667,0.648333,0,0.005,0.006667,0,0,0.421667,0.026667,0,0,0,0.01,0.093333,0.026667,0.31,0.433333,0.025,0.006667,0.015,0.02,0.02,0.023333,0
51-7032.00,0.15,0,0,0.015,0,0.015,0.01,0.005,0.011667,0.045,0,0.028333,0.068333,0.008333,0,0,0.915,0.043333,0.605,0,0.001667,0,0,0,0.396667,0.026667,0,0,0,0,0.151667,0.026667,0.26,0.361667,0.021667,0,0.023333,0.016667,0.02,0.026667,0
51-7041.00,0.393333,0,0,0,0,0,0,0,0,0.028333,0,0.003333,0.005,0,0,0,0.871667,0.168333,0.633333,0,0.018333,0.021667,0,0,0.151667,0.008333,0,0,0,0,0.025,0.055,0,0,0,0,0,0,0,0.005,0
51-7042.00,0.286667,0,0,0,0,0,0,0,0,0.033333,0,0.006667,0.01,0,0,0,0.943333,0.196667,0.685,0,0.006667,0.003333,0,0,0.2,0.016667,0,0,0,0,0.051667,0.098333,0.083333,0.116667,0,0,0,0,0,0.008333,0
51-8011.00,0.681667,0.016667,0,0.015,0.015,0.02,0,0,0.011667,0.056667,0.053333,0.065,0.135,0.036667,0.023333,0.041667,0.02,0.121667,0.145,0.17,0,0,0,0,0.788333,0.508333,0.053333,0.031667,0.013333,0,0.246667,0.185,0,0,0,0,0,0.011667,0,0.046667,0.016667
51-8012.00,0.518333,0,0,0.03,0.021667,0.058333,0.033333,0,0.07,0.12,0.071667,0.135,0.288333,0.041667,0.028333,0.018333,0.01,0.126667,0.046667,0.098333,0,0.015,0,0,0.638333,0.158333,0,0,0.026667,0,0.295,0.295,0,0,0,0,0.003333,0.011667,0,0.07,0.01
51-8013.00,0.858333,0,0,0,0,0.01,0,0,0.003333,0.056667,0.035,0.058333,0.083333,0.026667,0,0.018333,0.046667,0.295,0.28,0.073333,0.001667,0.033333,0,0,0.678333,0.188333,0.013333,0.008333,0,0,0.116667,0.093333,0,0,0,0,0,0,0,0.023333,0.003333
51-8021.00,0.815,0.005,0,0.005,0.003333,0.001667,0,0,0,0.033333,0,0.023333,0.078333,0.026667,0,0,0.051667,0.11,0.306667,0.033333,0.001667,0,0,0,0.643333,0.173333,0,0,0,0,0.131667,0.108333,0,0,0,0,0,0,0,0.031667,0
51-8031.00,0.648333,0.038333,0,0.03,0.011667,0.023333,0.006667,0,0.011667,0.091667,0.071667,0.068333,0.22,0.041667,0.028333,0.055,0.056667,0.276667,0.435,0.08,0.04,0.108333,0.011667,0,0.546667,0.283333,0.095,0.046667,0.026667,0,0.186667,0.133333,0,0,0,0,0.003333,0,0,0.056667,0.016667
51-8091.00,0.363333,0.005,0,0.015,0.003333,0.023333,0.013333,0,0.003333,0.073333,0.046667,0.035,0.083333,0.023333,0,0.011667,0.01,0.19,0.215,0.078333,0.013333,0.003333,0,0,0.495,0.501667,0.113333,0.08,0.005,0,0.171667,0.113333,0,0,0,0,0,0,0,0.026667,0
51-8092.00,0.615,0,0,0.005,0.001667,0.026667,0.003333,0,0.011667,0.068333,0.03,0.071667,0.13,0.023333,0,0,0.02,0.213333,0.21,0.066667,0.006667,0,0,0,0.44,0.153333,0.013333,0,0,0,0.186667,0.143333,0,0,0,0,0,0,0,0.018333,0.008333
51-8093.00,0.615,0,0,0.01,0,0.026667,0.003333,0,0.03,0.108333,0.053333,0.055,0.16,0.023333,0.005,0.018333,0.03,0.361667,0.341667,0.073333,0.006667,0.021667,0,0,0.533333,0.15,0.005,0,0,0,0.176667,0.088333,0,0,0,0,0,0,0,0.026667,0
51-9011.00,0.305,0.01,0,0,0.003333,0.006667,0,0,0.003333,0.068333,0.03,0.031667,0.088333,0.008333,0.01,0.036667,0.01,0.116667,0.385,0.066667,0.01,0,0,0,0.458333,0.461667,0.108333,0.085,0,0,0.186667,0.083333,0,0,0,0,0,0,0,0.026667,0.003333
51-9012.00,0.34,0,0,0,0,0,0,0,0,0.05,0,0.013333,0.043333,0.013333,0,0,0.02,0.185,0.408333,0,0.098333,0,0,0,0.228333,0.14,0.08,0.07,0,0,0.065,0.04,0,0,0,0,0,0,0.058333,0.008333,0
51-9021.00,0.316667,0,0,0,0,0,0,0,0,0.04,0.006667,0.015,0.058333,0,0,0,0.138333,0.208333,0.648333,0.02,0.053333,0.003333,0,0,0.151667,0.043333,0,0,0,0,0.038333,0.008333,0,0,0,0,0,0,0.038333,0.023333,0
51-9022.00,0.171667,0,0,0,0,0,0,0,0,0.005,0,0.005,0,0,0,0,0.458333,0.05,0.828333,0,0.001667,0,0,0,0.11,0.016667,0,0,0,0,0.011667,0,0.038333,0.068333,0,0,0,0,0,0,0
51-9023.00,0.21,0.01,0,0,0,0,0,0,0,0.04,0,0.016667,0.023333,0,0,0,0.036667,0.22,0.561667,0,0.05,0,0,0,0.185,0.11,0.038333,0.041667,0,0,0.065,0.005,0.018333,0.021667,0,0,0,0,0.121667,0,0
51-9031.00,0.103333,0,0,0,0,0,0,0,0,0.016667,0,0.01,0,0,0,0,0.198333,0.031667,0.678333,0,0.013333,0,0,0,0.073333,0.003333,0,0,0,0,0.011667,0,0.05,0.086667,0.003333,0,0,0,0.058333,0.008333,0
51-9032.00,0.27,0,0,0,0,0,0,0,0,0.033333,0,0.013333,0.028333,0,0,0,0.203333,0.166667,0.583333,0,0.03,0,0,0,0.163333,0.016667,0,0,0,0,0.083333,0.005,0.003333,0.008333,0,0,0,0,0.108333,0.008333,0
51-9041.00,0.436667,0,0,0,0,0,0,0,0,0.04,0,0.015,0.043333,0,0,0,0.105,0.196667,0.52,0,0.015,0,0,0,0.301667,0.043333,0.008333,0,0,0,0.056667,0.073333,0.003333,0.04,0,0,0,0,0.031667,0.005,0
51-9051.00,0.356667,0,0,0,0,0.001667,0,0,0,0.04,0.006667,0.016667,0.058333,0,0,0,0.17,0.178333,0.44,0.02,0.018333,0,0,0,0.313333,0.088333,0.005,0,0,0,0.038333,0.013333,0,0,0,0,0,0,0.02,0.005,0
51-9061.00,0.466667,0.026667,0,0.03,0.006667,0.005,0.013333,0,0.011667,0.103333,0.046667,0.08,0.058333,0.026667,0,0.006667,0.193333,0.121667,0.23,0.038333,0.015,0.003333,0,0,0.488333,0.153333,0.066667,0.07,0,0,0.256667,0.093333,0,0,0,0,0.003333,0.008333,0.031667,0.026667,0
51-9071.00,0.231667,0,0,0.108333,0.01,0.035,0.121667,0.095,0.093333,0.166667,0.03,0.04,0.083333,0.026667,0,0.006667,0.221667,0.01,0.435,0.02,0,0,0,0,0.238333,0.081667,0,0,0,0.051667,0.083333,0.04,0.476667,0.643333,0.031667,0,0.058333,0.016667,0.058333,0.036667,0.005
51-9071.06,0.128333,0,0,0.125,0.035,0.033333,0.108333,0.043333,0.116667,0.136667,0.03,0.126667,0.058333,0.055,0,0.018333,0.068333,0,0.16,0.02,0,0,0,0,0.173333,0.208333,0.013333,0.008333,0.026667,0.041667,0.161667,0.026667,0.088333,0.136667,0.015,0,0.015,0.008333,0,0.041667,0.008333
51-9081.00,0.321667,0.443333,0,0.061667,0.015,0.001667,0.006667,0,0,0.061667,0.053333,0.068333,0.068333,0.026667,0,0,0.17,0.01,0.285,0,0,0,0,0,0.488333,0.14,0.148333,0.198333,0.026667,0,0.108333,0.093333,0.101667,0.073333,0.003333,0,0,0,0.031667,0.08,0.025
51-9082.00,0.588333,0.543333,0,0.161667,0.051667,0,0.03,0.005,0,0.04,0.053333,0.061667,0.033333,0.055,0,0.006667,0.193333,0.043333,0.473333,0,0,0,0,0.053333,0.625,0.101667,0.153333,0.263333,0.058333,0,0.171667,0.055,0.041667,0.096667,0,0,0.003333,0,0,0.14,0.138333
51-9083.00,0.498333,0.121667,0,0.061667,0.003333,0.001667,0.01,0,0,0.04,0.018333,0.055,0.048333,0,0,0,0.215,0.083333,0.396667,0,0,0,0,0,0.325,0.11,0.061667,0.085,0,0,0.161667,0.04,0.041667,0.053333,0,0,0,0,0,0.026667,0.01
51-9111.00,0.321667,0,0,0.01,0,0,0.01,0,0,0.033333,0.018333,0.021667,0.033333,0,0,0,0.041667,0.19,0.486667,0.006667,0.07,0,0,0,0.163333,0.015,0.005,0,0,0,0.06,0.013333,0,0.013333,0,0,0,0,0.038333,0.018333,0
51-9123.00,0.058333,0,0,0.03,0,0,0.013333,0.038333,0,0.005,0,0.016667,0,0,0,0,0.415,0.026667,0.5,0,0.001667,0,0,0,0.068333,0.016667,0,0,0,0.031667,0.003333,0,0.376667,0.421667,0.058333,0.006667,0.023333,0.023333,0.051667,0.026667,0.003333
51-9124.00,0.293333,0,0,0.005,0,0,0.003333,0,0,0.021667,0,0.01,0.028333,0,0,0,0.306667,0.178333,0.656667,0,0,0,0,0,0.131667,0.051667,0,0,0,0,0.025,0.008333,0.125,0.156667,0.006667,0,0,0,0.02,0.008333,0
51-9141.00,0.71,0,0,0,0.005,0.001667,0,0,0,0.045,0.041667,0.035,0.043333,0.008333,0,0,0.01,0.071667,0.325,0.02,0,0,0,0,0.618333,0.415,0.03,0,0,0.005,0.116667,0.18,0,0,0,0,0,0,0,0.026667,0
51-9151.00,0.345,0,0,0.076667,0.005,0.005,0.026667,0.076667,0,0.056667,0.006667,0.135,0.028333,0,0,0,0.005,0.1,0.263333,0,0,0.006667,0,0,0.125,0.088333,0,0,0,0.031667,0.051667,0.271667,0.305,0.275,0.061667,0,0.03,0.203333,0.02,0.008333,0.008333
51-9161.00,0.703333,0,0,0,0.003333,0.005,0,0,0,0.045,0.023333,0.023333,0.063333,0.013333,0,0,0.285,0.213333,0.378333,0,0.001667,0,0,0,0.546667,0.055,0,0,0,0,0.235,0.221667,0.021667,0.03,0,0,0.006667,0,0,0.026667,0
51-9162.00,0.648333,0,0,0,0.01,0.023333,0,0,0.003333,0.08,0.03,0.113333,0.068333,0.023333,0,0,0.165,0.121667,0.113333,0,0.001667,0,0,0,0.611667,0.088333,0,0,0,0,0.433333,0.5,0.033333,0.053333,0,0,0.003333,0.003333,0,0.041667,0
51-9191.00,0.27,0,0,0,0,0,0,0,0,0.033333,0,0.01,0.005,0,0,0,0.396667,0.201667,0.435,0,0.005,0,0,0,0.2,0.04,0,0,0,0,0.038333,0.013333,0,0.005,0,0,0,0,0,0,0
51-9192.00,0.171667,0.016667,0,0.005,0,0,0,0,0,0.033333,0,0.01,0.018333,0,0,0,0.015,0.121667,0.5,0,0.021667,0,0,0,0.105,0.04,0.013333,0.013333,0,0,0.011667,0.005,0,0,0,0,0,0,0.038333,0,0
51-9193.00,0.601667,0.021667,0,0,0,0.001667,0,0,0,0.04,0.006667,0.036667,0.028333,0,0,0,0.051667,0.121667,0.301667,0.02,0.06,0,0,0,0.355,0.085,0.035,0.026667,0,0,0.116667,0.04,0,0,0,0,0,0,0.083333,0.026667,0
51-9194.00,0.22,0,0,0.03,0,0,0.02,0.038333,0,0.016667,0.006667,0.021667,0,0,0,0,0.21,0.055,0.366667,0,0.001667,0,0,0,0.261667,0.05,0,0,0,0.031667,0.03,0.04,0.37,0.391667,0.025,0.003333,0.043333,0.05,0,0.013333,0.003333
51-9195.00,0.176667,0,0,0,0,0,0,0,0,0.016667,0,0.013333,0.01,0,0,0,0.221667,0.116667,0.708333,0,0.013333,0,0,0,0.185,0.036667,0,0,0,0,0.033333,0,0.115,0.131667,0.003333,0,0,0,0.051667,0,0
51-9195.03,0.113333,0,0,0.005,0,0,0,0,0,0.028333,0.006667,0.01,0.033333,0,0,0,0.325,0.066667,0.828333,0,0,0.018333,0,0.005,0.156667,0.026667,0,0,0,0.031667,0.088333,0,0.463333,0.453333,0.025,0,0.026667,0.008333,0.006667,0.026667,0
51-9195.04,0.171667,0,0,0.03,0.003333,0,0.023333,0.005,0,0.085,0.006667,0.021667,0.018333,0.005,0,0,0.116667,0.05,0.731667,0,0,0,0,0,0.256667,0.11,0,0,0,0.005,0.093333,0.018333,0.196667,0.22,0.018333,0,0.006667,0.003333,0.031667,0.023333,0
51-9195.05,0.103333,0,0,0.02,0,0.02,0.096667,0.076667,0.008333,0.016667,0.023333,0.016667,0.043333,0.031667,0,0,0.068333,0.116667,0.77,0,0.005,0,0,0,0.1,0.07,0,0,0,0.036667,0.025,0,0.283333,0.326667,0.028333,0,0.011667,0,0.02,0.023333,0.003333
51-9196.00,0.621667,0,0,0.005,0,0,0.01,0,0,0.028333,0,0.015,0.038333,0,0,0,0.153333,0.19,0.371667,0,0.013333,0,0,0,0.216667,0.016667,0,0,0,0,0.093333,0.031667,0.003333,0.016667,0,0,0,0,0,0.005,0
51-9197.00,0.231667,0,0,0,0,0,0,0,0,0.011667,0,0.008333,0.018333,0,0,0,0.056667,0.271667,0.731667,0,0,0,0,0,0.238333,0.008333,0,0,0,0,0.011667,0.005,0,0,0,0,0,0,0,0,0
51-9198.00,0.248333,0,0,0,0,0,0.003333,0,0,0.005,0,0.015,0.005,0,0,0,0.221667,0.343333,0.886667,0,0.018333,0,0,0,0.1,0,0,0,0,0,0,0,0,0,0,0,0,0,0.038333,0.005,0
53-1041.00,0.193333,0,0,0.086667,0.048333,0.048333,0.04,0.016667,0.051667,0.085,0.238333,0.163333,0.683333,0.16,0.005,0.018333,0.025,0.533333,0.348333,0.105,0,0.01,0.003333,0.023333,0.221667,0.043333,0,0,0.021667,0,0.245,0.108333,0,0,0,0,0,0.003333,0,0.135,0.016667
53-1042.00,0.155,0,0,0.098333,0.171667,0.138333,0.063333,0.005,0.065,0.183333,0.488333,0.191667,0.8,0.193333,0.01,0.03,0.1,0.306667,0.446667,0.078333,0.043333,0.015,0,0.005,0.09,0.003333,0,0,0.03,0,0.088333,0.078333,0,0,0,0,0.015,0.011667,0,0.225,0.058333
53-1043.00,0.276667,0.01,0,0.098333,0.096667,0.195,0.096667,0.025,0.098333,0.183333,0.396667,0.186667,0.771667,0.15,0.028333,0.158333,0.088333,0.718333,0.285,0.183333,0.021667,0.021667,0,0.018333,0.168333,0.016667,0,0,0.043333,0,0.098333,0.098333,0,0,0,0,0.018333,0.008333,0,0.14,0.041667
53-2011.00,0.48,0.031667,0,0.151667,0.071667,0.088333,0.033333,0.025,0.06,0.091667,0.088333,0.043333,0.288333,0.258333,0.033333,0.096667,0,0.883333,0.066667,0.195,0,0.021667,0,0.023333,0.47,0.14,0.016667,0.013333,0.026667,0.02,0.268333,0.245,0.003333,0.008333,0.01,0,0.023333,0.036667,0,0.176667,0.028333
53-2012.00,0.576667,0.076667,0,0.118333,0.026667,0.073333,0.051667,0.021667,0.038333,0.063333,0.053333,0.043333,0.241667,0.09,0.033333,0.103333,0.005,0.918333,0.145,0.118333,0.015,0.108333,0.011667,0.033333,0.421667,0.118333,0.016667,0.018333,0.026667,0.01,0.218333,0.153333,0.011667,0.013333,0,0,0.006667,0.023333,0,0.056667,0.025
53-2021.00,0.193333,0.021667,0,0.086667,0.048333,0.048333,0.023333,0,0.016667,0.08,0.07,0.14,0.281667,0.125,0.043333,0.041667,0,0.19,0.02,0.493333,0,0.006667,0,0.005,0.223333,0.066667,0,0,0.04,0,0.218333,0.211667,0,0,0,0,0.003333,0.036667,0,0.123333,0.028333
53-2022.00,0.225,0.048333,0,0.093333,0.016667,0.135,0.033333,0.025,0.051667,0.08,0.148333,0.201667,0.53,0.135,0.073333,0.151667,0.03,0.278333,0.17,0.38,0.005,0.126667,0.055,0.005,0.228333,0.076667,0.013333,0.008333,0.048333,0.015,0.126667,0.228333,0,0,0,0,0,0.036667,0,0.12,0.018333
53-2031.00,0.073333,0.275,0,0.841667,0.085,0.023333,0.153333,0.066667,0.011667,0.073333,0.125,0.098333,0.171667,0.385,0.013333,0.036667,0,0.185,0.235,0.35,0,0,0.003333,0.028333,0.028333,0.005,0.008333,0.041667,0.063333,0.031667,0.008333,0.055,0.003333,0.013333,0.021667,0.006667,0.003333,0.036667,0.135,0.208333,0.253333
53-3011.00,0.155,0.6,0,0.201667,0.021667,0,0.01,0,0,0.016667,0.071667,0.023333,0.043333,0.041667,0.01,0.048333,0,0.843333,0.715,0.266667,0,0.015,0,0.028333,0.048333,0.016667,0.053333,0.171667,0.04,0,0.008333,0.008333,0,0,0,0,0.003333,0,0,0.1,0.388333
53-3031.00,0.171667,0.026667,0,0.185,0.016667,0.07,0.57,0.105,0.041667,0.103333,0.053333,0.068333,0.118333,0.085,0,0.006667,0.015,0.856667,0.435,0.04,0.023333,0.01,0.003333,0.018333,0.038333,0,0,0,0,0,0.011667,0.008333,0,0.005,0,0,0,0,0.11,0.026667,0.035
53-3032.00,0.298333,0,0,0.04,0,0.005,0.03,0,0.011667,0.056667,0.041667,0.02,0.028333,0,0.005,0.036667,0.025,1,0.533333,0.073333,0.03,0.028333,0.008333,0.005,0.08,0.003333,0,0,0,0,0.025,0.031667,0,0,0,0,0,0,0,0,0.008333
53-3033.00,0.21,0,0,0.081667,0.001667,0.015,0.091667,0,0.008333,0.073333,0.035,0.055,0.043333,0.026667,0,0.006667,0.005,0.918333,0.59,0.038333,0.023333,0.028333,0.008333,0.015,0.048333,0,0,0,0,0,0.011667,0.013333,0,0,0,0,0,0,0,0.005,0.016667
53-3051.00,0.22,0.031667,0,0.195,0.021667,0,0.003333,0,0,0.033333,0.095,0.048333,0.063333,0.041667,0,0.06,0.005,0.925,0.251667,0.228333,0,0.021667,0,0.01,0.068333,0.003333,0,0,0.021667,0,0.008333,0.013333,0,0,0,0,0,0,0,0.115,0.185
53-3052.00,0.181667,0.026667,0,0.41,0.021667,0.005,0.04,0,0.011667,0.056667,0.088333,0.023333,0.058333,0.115,0.028333,0.048333,0,0.973333,0.23,0.066667,0,0.006667,0,0,0.053333,0,0,0,0.005,0,0.011667,0.005,0,0,0,0,0,0.008333,0,0.046667,0.135
53-3053.00,0.246667,0.098333,0,0.49,0.011667,0.015,0.051667,0.013333,0.011667,0.063333,0.053333,0.043333,0.058333,0.041667,0,0.03,0,0.938333,0.2,0.038333,0,0.01,0,0.015,0.038333,0,0,0,0.013333,0.005,0.011667,0.013333,0,0,0,0.006667,0,0.011667,0,0.026667,0.138333
53-4011.00,0.536667,0,0,0.03,0.005,0.005,0.006667,0,0,0.045,0.03,0.023333,0.068333,0.036667,0,0.023333,0,0.98,0.215,0.098333,0,0.036667,0,0,0.385,0.036667,0,0,0,0,0.065,0.06,0,0,0,0,0,0.008333,0,0.041667,0.008333
53-4013.00,0.48,0,0,0.03,0.003333,0.01,0.01,0,0,0.033333,0.046667,0.023333,0.078333,0.026667,0,0.011667,0.01,0.958333,0.415,0.085,0,0.025,0,0,0.278333,0.008333,0,0,0,0,0.021667,0.018333,0,0,0,0,0,0.003333,0,0.013333,0.005
53-4022.00,0.505,0,0,0.015,0,0,0,0,0,0.011667,0,0.01,0.023333,0.026667,0,0,0.025,0.925,0.763333,0.085,0,0.033333,0,0.01,0.245,0.015,0,0,0,0,0.021667,0.026667,0,0,0,0,0,0.008333,0,0.013333,0
53-4031.00,0.198333,0.005,0,0.051667,0.016667,0.058333,0.033333,0,0.025,0.131667,0.071667,0.115,0.43,0.08,0.028333,0.096667,0.005,0.843333,0.225,0.163333,0.001667,0.018333,0,0.005,0.151667,0.005,0,0,0.008333,0,0.046667,0.055,0,0,0,0,0,0.02,0,0.041667,0.01
53-4041.00,0.253333,0.016667,0,0.218333,0.015,0.001667,0.03,0,0,0.033333,0.058333,0.023333,0.058333,0.115,0.005,0.006667,0,0.938333,0.145,0.131667,0,0,0,0.005,0.115,0.005,0,0,0,0,0.021667,0.031667,0,0,0,0,0,0.023333,0,0.026667,0.041667
53-5011.00,0.568333,0.01,0,0.025,0.003333,0,0.003333,0,0.003333,0.033333,0.006667,0.005,0.053333,0.013333,0,0.011667,0.068333,0.628333,0.903333,0.105,0,0.371667,0,0.028333,0.216667,0.03,0,0,0,0,0.025,0.013333,0,0,0,0,0,0,0,0.023333,0.003333
53-5021.00,0.418333,0.021667,0,0.076667,0.065,0.135,0.048333,0.021667,0.083333,0.103333,0.155,0.083333,0.601667,0.15,0.053333,0.14,0.041667,0.876667,0.235,0.305,0.005,0.433333,0.003333,0.053333,0.336667,0.131667,0.025,0.005,0.026667,0.026667,0.146667,0.138333,0,0,0,0,0.006667,0.033333,0,0.095,0.025
53-5022.00,0.543333,0.016667,0,0.168333,0.01,0.066667,0.06,0.03,0.011667,0.021667,0.046667,0.02,0.226667,0.055,0.018333,0.011667,0.068333,0.905,0.548333,0.118333,0.005,0.383333,0,0.043333,0.173333,0.016667,0.008333,0,0,0,0.021667,0.018333,0,0,0,0,0,0.008333,0,0.041667,0.016667
53-5031.00,0.91,0.01,0,0.03,0.011667,0.07,0.02,0,0.03,0.085,0.076667,0.058333,0.411667,0.065,0.018333,0.018333,0.073333,0.876667,0.388333,0.145,0,0.048333,0,0.005,0.888333,0.118333,0.005,0,0,0,0.181667,0.195,0,0,0,0,0,0.003333,0,0.041667,0.003333
53-6011.00,0.31,0,0,0.035,0.003333,0,0.003333,0,0,0.051667,0.023333,0.075,0.103333,0.055,0,0,0.061667,0.488333,0.278333,0.15,0.001667,0.173333,0,0,0.201667,0.026667,0,0,0,0,0.038333,0.04,0,0,0,0,0,0.011667,0,0,0.013333
53-6021.00,0.048333,0,0,0.321667,0.01,0.011667,0.1,0.008333,0.025,0.085,0.046667,0.048333,0.043333,0.023333,0,0,0,0.508333,0.366667,0.091667,0,0.006667,0,0,0.005,0,0,0,0,0,0.003333,0.005,0,0,0,0,0,0,0,0.026667,0.031667
53-6031.00,0.575,0,0,0.146667,0.01,0.03,0.203333,0.038333,0.038333,0.113333,0.041667,0.061667,0.063333,0.023333,0,0,0.066667,0.301667,0.633333,0,0,0.025,0,0.01,0.206667,0.016667,0,0,0,0,0.043333,0.018333,0,0,0,0,0,0,0,0.026667,0.016667
53-6041.00,0.316667,0,0,0.076667,0.021667,0.026667,0.02,0.016667,0.021667,0.085,0.058333,0.135,0.093333,0.11,0.048333,0.133333,0.068333,0.196667,0.178333,0.183333,0,0.04,0,0.005,0.463333,0.131667,0.008333,0,0.105,0.02,0.336667,0.216667,0.011667,0.026667,0,0,0.023333,0.036667,0,0.06,0.035
53-6051.00,0.286667,0,0,0.04,0.028333,0.026667,0.02,0,0.038333,0.143333,0.041667,0.168333,0.16,0.055,0.028333,0.176667,0.051667,0.415,0.235,0.246667,0.013333,0.033333,0.008333,0,0.233333,0.03,0,0,0.021667,0,0.126667,0.04,0,0,0,0,0,0,0.006667,0.041667,0.013333
53-6051.01,0.786667,0.026667,0,0.035,0.016667,0.038333,0.01,0,0.038333,0.113333,0.058333,0.158333,0.21,0.09,0.073333,0.238333,0.073333,0.236667,0.17,0.298333,0,0.021667,0,0,0.611667,0.158333,0.025,0.031667,0.026667,0,0.196667,0.195,0,0.005,0,0,0.011667,0.02,0,0.055,0.01
53-6051.07,0.745,0.01,0,0.015,0.005,0.015,0.013333,0,0.003333,0.068333,0.041667,0.075,0.063333,0.026667,0.028333,0.078333,0.061667,0.508333,0.21,0.215,0.015,0.015,0,0.005,0.403333,0.058333,0.013333,0,0.005,0,0.078333,0.078333,0,0,0,0,0,0,0,0.018333,0.01
53-6061.00,0.033333,0.081667,0,0.773333,0.048333,0.01,0.066667,0.008333,0,0.005,0.101667,0.055,0.088333,0.166667,0,0,0,0.25,0.195,0.145,0,0,0,0.015,0.023333,0,0,0,0.043333,0.005,0,0.008333,0,0,0,0,0,0,0.038333,0.135,0.246667
53-7011.00,0.316667,0,0,0,0,0.006667,0.003333,0,0,0.033333,0.023333,0.021667,0.053333,0,0,0,0.051667,0.278333,0.648333,0.02,0.033333,0,0,0,0.211667,0.016667,0,0,0,0,0.011667,0.013333,0,0,0,0,0,0,0.006667,0,0
53-7021.00,0.498333,0,0,0,0,0,0,0,0,0.033333,0.006667,0.016667,0.043333,0,0,0,0.215,0.843333,0.533333,0,0.015,0.028333,0,0,0.268333,0.008333,0,0,0,0,0.093333,0.013333,0,0,0,0,0,0,0,0.008333,0
53-7031.00,0.441667,0,0,0,0,0.015,0,0,0,0.016667,0.023333,0.013333,0.093333,0,0.005,0,0.088333,0.836667,0.723333,0.038333,0.023333,0.378333,0,0.005,0.29,0.033333,0.005,0,0,0,0.038333,0.005,0,0,0,0,0,0,0,0,0
53-7041.00,0.345,0,0,0,0,0,0,0,0,0.011667,0,0.006667,0.018333,0,0,0,0.165,0.501667,0.648333,0,0.021667,0.033333,0,0,0.211667,0.005,0,0,0,0,0.008333,0.013333,0,0,0,0,0,0,0,0.005,0
53-7051.00,0.15,0,0,0,0,0.001667,0,0,0,0.021667,0,0.01,0.01,0,0,0,0.11,0.973333,0.763333,0.013333,0.026667,0.01,0,0.005,0.09,0.003333,0,0,0,0,0.065,0.013333,0,0,0,0,0,0,0,0,0
53-7061.00,0.108333,0,0,0.071667,0,0,0.02,0,0,0.005,0,0.003333,0.013333,0,0,0,0.015,0.248333,0.795,0,0.013333,0.018333,0,0,0.043333,0.005,0,0,0,0,0,0,0,0.008333,0,0,0,0,0,0,0.008333
53-7062.00,0.063333,0.01,0,0.03,0,0.006667,0.016667,0,0,0.033333,0.053333,0.021667,0.043333,0,0,0,0.116667,0.531667,0.973333,0.046667,0.056667,0.018333,0,0.028333,0.043333,0,0,0,0,0,0.021667,0.005,0,0,0,0,0,0,0.006667,0.005,0.008333
53-7063.00,0.208333,0,0,0,0,0,0,0,0,0.021667,0,0.008333,0.005,0,0,0,0.17,0.213333,0.818333,0,0.046667,0,0,0,0.1,0.008333,0,0,0,0,0.078333,0.005,0,0,0,0,0,0,0.006667,0,0
53-7064.00,0.023333,0,0,0.03,0,0,0.02,0,0,0.033333,0,0.021667,0.013333,0,0,0,0.046667,0.071667,0.693333,0,0.056667,0,0,0,0.02,0,0,0,0,0,0.008333,0,0,0,0,0,0,0,0.051667,0,0.005
53-7065.00,0.048333,0.016667,0,0.108333,0.015,0.03,0.15,0.071667,0.03,0.085,0.046667,0.078333,0.068333,0.036667,0,0,0.03,0.35,0.755,0.013333,0.006667,0,0.003333,0.005,0.01,0,0,0,0,0,0.016667,0.018333,0.018333,0.026667,0,0,0,0,0.031667,0.026667,0.018333
53-7071.00,0.808333,0,0,0.01,0.001667,0.023333,0.006667,0,0.016667,0.045,0.041667,0.068333,0.088333,0.036667,0,0,0.03,0.266667,0.313333,0.046667,0,0.021667,0,0,0.526667,0.198333,0.025,0.005,0,0,0.166667,0.103333,0,0,0,0,0.003333,0.003333,0,0.026667,0.003333
53-7072.00,0.491667,0,0,0,0,0.005,0,0,0,0.033333,0,0.023333,0.063333,0.013333,0,0,0.025,0.23,0.366667,0,0.021667,0.018333,0,0,0.343333,0.07,0.013333,0,0,0,0.176667,0.018333,0,0,0,0,0,0,0,0.013333,0
53-7073.00,0.821667,0,0,0,0,0.01,0,0,0.025,0.056667,0,0.016667,0.053333,0.008333,0,0,0.041667,0.495,0.59,0.02,0.015,0.1,0,0,0.366667,0.076667,0.005,0,0,0,0.166667,0.07,0,0,0,0,0,0,0,0,0
53-7081.00,0.231667,0,0,0.015,0,0,0,0,0,0.016667,0,0.01,0.028333,0,0,0,0.026667,0.883333,0.946667,0.02,0.001667,0.048333,0,0.023333,0.078333,0.003333,0,0,0,0,0,0.005,0,0,0,0,0,0,0,0,0.005
53-7121.00,0.203333,0,0,0,0,0,0.003333,0,0,0.061667,0,0.02,0.048333,0,0,0,0.02,0.863333,0.886667,0.06,0.06,0.021667,0,0.01,0.146667,0.036667,0,0,0,0,0.038333,0.026667,0,0,0,0,0,0,0,0,0
