onetsoc_code,4.A.1.a.1,4.A.1.a.2,4.A.1.b.1,4.A.1.b.2,4.A.1.b.3,4.A.2.a.1,4.A.2.a.2,4.A.2.a.3,4.A.2.a.4,4.A.2.b.1,4.A.2.b.2,4.A.2.b.3,4.A.2.b.4,4.A.2.b.5,4.A.2.b.6,4.A.3.a.1,4.A.3.a.2,4.A.3.a.3,4.A.3.a.4,4.A.3.b.1,4.A.3.b.2,4.A.3.b.4,4.A.3.b.5,4.A.3.b.6,4.A.4.a.1,4.A.4.a.2,4.A.4.a.3,4.A.4.a.4,4.A.4.a.5,4.A.4.a.6,4.A.4.a.7,4.A.4.a.8,4.A.4.b.1,4.A.4.b.2,4.A.4.b.3,4.A.4.b.4,4.A.4.b.5,4.A.4.b.6,4.A.4.c.1,4.A.4.c.2,4.A.4.c.3
11-1011.00,0.89,0.8125,0.8075,0.3775,0.565,0.795,0.865,0.8725,0.845,0.9625,0.83,0.8275,0.8925,0.7075,0.8825,0.24,0.215,0.26,0.4175,0.7925,0.155,0.0525,0.1125,0.65,0.7875,0.9375,0.8875,0.95,0.5775,0.7025,0.8675,0.725,0.775,0.9075,0.7525,0.935,0.9275,0.7375,0.755,0.695,0.7775
11-1021.00,0.855,0.7275,0.805,0.405,0.5575,0.775,0.77,0.6475,0.76,0.8325,0.675,0.7,0.71,0.7025,0.8,0.2775,0.25,0.2675,0.225,0.865,0.28,0.2075,0.2225,0.735,0.68,0.835,0.6425,0.82,0.505,0.645,0.72,0.385,0.7475,0.7025,0.6025,0.8,0.7275,0.665,0.6,0.675,0.715
11-2011.00,0.83,0.445,0.65,0.1925,0.4475,0.5925,0.6275,0.3375,0.565,0.705,0.7625,0.695,0.605,0.585,0.7925,0.225,0.27,0.2125,0.205,0.9025,0.07,0.0525,0.085,0.5775,0.5025,0.8125,0.8425,0.7525,0.3425,0.66,0.455,0.545,0.5175,0.49,0.435,0.495,0.405,0.3275,0.5275,0.3225,0.38
11-2021.00,0.8325,0.5675,0.81,0.1125,0.6475,0.5925,0.59,0.4025,0.6875,0.835,0.82,0.7075,0.7675,0.6,0.8375,0.1775,0.0925,0.05,0.195,0.85,0.0725,0.035,0.0375,0.5,0.5975,0.9375,0.8,0.92,0.36,0.8175,0.67,0.4525,0.7425,0.77,0.535,0.71,0.59,0.545,0.3975,0.3125,0.545
11-2022.00,0.8225,0.525,0.7025,0.155,0.535,0.7875,0.7125,0.6075,0.7375,0.9075,0.715,0.7375,0.8125,0.62,0.775,0.0875,0.05,0.12,0.19,0.8225,0.0825,0.0125,0.035,0.655,0.65,0.925,0.8875,0.9275,0.4875,0.965,0.785,0.62,0.8,0.9,0.8325,0.8925,0.875,0.8225,0.5375,0.715,0.525
11-2033.00,0.835,0.56,0.5275,0.2175,0.3125,0.5,0.7625,0.675,0.6,0.6425,0.6225,0.7925,0.7225,0.5225,0.7675,0.31,0.18,0.1225,0.1925,0.785,0.01,0.0075,0.065,0.69,0.5375,0.84,0.735,0.845,0.3475,0.5975,0.535,0.6,0.5275,0.595,0.535,0.4175,0.48,0.435,0.6275,0.3125,0.4025
11-3012.00,0.905,0.7025,0.7225,0.5375,0.52,0.61,0.6925,0.6775,0.625,0.805,0.615,0.7175,0.49,0.7975,0.8475,0.5425,0.5275,0.48,0.39,0.7875,0.26,0.3725,0.345,0.7375,0.5675,0.86,0.71,0.79,0.5575,0.3725,0.65,0.515,0.735,0.6775,0.585,0.725,0.66,0.555,0.7575,0.565,0.6925
11-3013.00,0.855,0.7975,0.855,0.7675,0.6875,0.75,0.6525,0.785,0.715,0.8725,0.8075,0.7725,0.685,0.7675,0.8325,0.625,0.545,0.6025,0.5525,0.685,0.6725,0.5825,0.505,0.7225,0.69,0.86,0.76,0.685,0.485,0.415,0.7425,0.4775,0.755,0.725,0.6775,0.685,0.6575,0.55,0.66,0.565,0.71
11-3013.01,0.8625,0.7125,0.7875,0.645,0.5625,0.71,0.725,0.8125,0.7775,0.9125,0.6975,0.79,0.75,0.6875,0.75,0.5275,0.4125,0.35,0.375,0.8125,0.4375,0.3125,0.3825,0.775,0.67,0.8625,0.7375,0.85,0.685,0.6625,0.8125,0.6,0.7625,0.85,0.775,0.8025,0.83,0.725,0.5875,0.7225,0.685
11-3021.00,0.8575,0.6975,0.8275,0.49,0.66,0.715,0.735,0.68,0.8125,0.8775,0.645,0.7225,0.7475,0.68,0.8275,0.2525,0.1625,0.245,0.1575,0.975,0.245,0.12,0.2475,0.59,0.64,0.84,0.5325,0.725,0.345,0.5275,0.625,0.2025,0.725,0.78,0.55,0.745,0.69,0.6125,0.5375,0.645,0.645
11-3031.00,0.8075,0.5275,0.58,0.2875,0.415,0.68,0.8175,0.805,0.7375,0.805,0.5175,0.695,0.65,0.66,0.765,0.22,0.13,0.195,0.185,0.835,0.07,0.0325,0.09,0.6525,0.5675,0.82,0.635,0.8275,0.3425,0.435,0.53,0.5875,0.7525,0.6775,0.6225,0.7725,0.79,0.595,0.59,0.4675,0.4175
11-3031.01,0.94,0.51,0.72,0.14,0.54,0.635,0.82,0.71,0.905,0.9375,0.655,0.78,0.8025,0.615,0.7825,0.095,0.08,0.09,0.0425,0.86,0.04,0,0.03,0.65,0.74,0.92,0.86,0.83,0.385,0.53,0.625,0.24,0.605,0.74,0.56,0.71,0.72,0.68,0.52,0.58,0.67
11-3031.03,0.96,0.4925,0.845,0.19,0.6925,0.67,0.8625,0.62,0.9375,0.8725,0.6825,0.74,0.65,0.44,0.7525,0.05,0.04,0.0625,0.035,0.8575,0.015,0,0.015,0.5675,0.6825,0.8025,0.76,0.6825,0.205,0.5275,0.4025,0.255,0.4125,0.5325,0.525,0.4425,0.52,0.48,0.2675,0.2475,0.3025
11-3051.00,0.865,0.7975,0.7375,0.755,0.63,0.6675,0.6925,0.6575,0.6175,0.8575,0.6425,0.6625,0.635,0.6525,0.71,0.515,0.5775,0.6425,0.4475,0.825,0.42,0.4575,0.43,0.675,0.5975,0.7975,0.58,0.715,0.385,0.3725,0.66,0.3125,0.6875,0.685,0.6175,0.6775,0.695,0.5325,0.53,0.5025,0.6125
11-3051.01,0.84,0.8025,0.91,0.7725,0.74,0.7875,0.805,0.885,0.9075,0.825,0.6425,0.79,0.6425,0.6325,0.8175,0.3725,0.3575,0.49,0.265,0.89,0.3775,0.2925,0.3325,0.945,0.7975,0.95,0.6825,0.8,0.325,0.3625,0.6775,0.1725,0.675,0.72,0.7225,0.6975,0.6675,0.71,0.555,0.6025,0.545
11-3061.00,0.855,0.57,0.5925,0.455,0.565,0.54,0.7625,0.75,0.7625,0.9075,0.695,0.815,0.7375,0.64,0.8325,0.2225,0.185,0.18,0.1575,0.8425,0.355,0.07,0.0825,0.75,0.6325,0.8825,0.86,0.8325,0.3975,0.3825,0.7625,0.5275,0.7625,0.75,0.7775,0.7775,0.7925,0.6575,0.6175,0.58,0.6325
11-3071.00,0.8175,0.7075,0.685,0.57,0.605,0.65,0.69,0.725,0.6875,0.8425,0.6675,0.69,0.6475,0.7075,0.765,0.33,0.365,0.305,0.4175,0.7625,0.265,0.265,0.22,0.635,0.58,0.8375,0.7325,0.7275,0.43,0.54,0.695,0.4325,0.725,0.75,0.6525,0.7425,0.685,0.5675,0.56,0.575,0.685
11-3071.04,0.775,0.595,0.6775,0.4175,0.6075,0.655,0.655,0.6425,0.8,0.845,0.725,0.7025,0.7375,0.63,0.7625,0.2125,0.2625,0.25,0.275,0.7625,0.3225,0.155,0.1425,0.595,0.655,0.845,0.725,0.8575,0.31,0.5725,0.75,0.3225,0.715,0.8325,0.7,0.785,0.75,0.6675,0.4875,0.6775,0.725
11-3111.00,0.8325,0.4525,0.5725,0.1075,0.31,0.5,0.715,0.7875,0.7375,0.81,0.6375,0.785,0.75,0.625,0.725,0.12,0.12,0.12,0.0125,0.8325,0,0,0.0125,0.7025,0.6775,0.87,0.785,0.8575,0.4275,0.44,0.7125,0.12,0.6075,0.6,0.595,0.6675,0.625,0.65,0.6425,0.37,0.645
11-3121.00,0.795,0.62,0.6475,0.25,0.455,0.75,0.75,0.8975,0.7375,0.91,0.6825,0.75,0.7375,0.6375,0.8625,0.2725,0.17,0.1375,0.1825,0.8075,0.035,0.045,0.125,0.7375,0.7275,0.9325,0.715,0.9325,0.6025,0.6125,0.9325,0.5125,0.7275,0.8625,0.7725,0.785,0.83,0.8175,0.625,0.8075,0.6475
11-3131.00,0.9275,0.635,0.67,0.2325,0.595,0.6425,0.75,0.66,0.7225,0.865,0.795,0.83,0.8125,0.74,0.83,0.205,0.1525,0.08,0.0525,0.9275,0.17,0.0175,0.0525,0.76,0.785,0.9475,0.5625,0.9025,0.42,0.63,0.6425,0.125,0.7675,0.865,0.9825,0.8225,0.92,0.7775,0.535,0.535,0.5525
11-9013.00,0.7225,0.68,0.705,0.685,0.6325,0.5925,0.6025,0.635,0.675,0.8575,0.725,0.675,0.6775,0.7325,0.81,0.5875,0.6175,0.6125,0.67,0.5225,0.2975,0.55,0.445,0.67,0.59,0.7725,0.6775,0.695,0.425,0.5775,0.62,0.48,0.7125,0.56,0.62,0.645,0.605,0.4625,0.575,0.5425,0.7125
11-9021.00,0.7875,0.8125,0.7225,0.8125,0.685,0.67,0.75,0.815,0.6875,0.8025,0.6325,0.75,0.65,0.8125,0.8125,0.5875,0.5125,0.5,0.525,0.675,0.5875,0.3625,0.4,0.775,0.625,0.85,0.7625,0.725,0.5525,0.5875,0.7375,0.45,0.8,0.75,0.75,0.775,0.7375,0.6125,0.65,0.675,0.7375
11-9031.00,0.7375,0.585,0.625,0.595,0.5175,0.7,0.5225,0.8075,0.4075,0.77,0.69,0.6825,0.6375,0.695,0.71,0.46,0.4125,0.14,0.1925,0.6425,0.105,0.0525,0.1125,0.71,0.5325,0.825,0.7875,0.8325,0.82,0.535,0.7575,0.775,0.7275,0.7375,0.84,0.77,0.745,0.62,0.72,0.6425,0.68
11-9032.00,0.9025,0.7325,0.6875,0.495,0.55,0.7025,0.775,0.6175,0.7575,0.9225,0.785,0.735,0.74,0.62,0.87,0.325,0.2625,0.28,0.2525,0.78,0.215,0.185,0.175,0.745,0.6725,0.9125,0.8825,0.965,0.685,0.575,0.86,0.765,0.845,0.91,0.9425,0.74,0.9,0.8,0.7875,0.765,0.6775
11-9033.00,0.8475,0.6375,0.7775,0.2075,0.5325,0.7075,0.7225,0.7925,0.7625,0.915,0.7775,0.75,0.775,0.655,0.8325,0.19,0.07,0.06,0.0575,0.76,0.02,0.0425,0.0575,0.57,0.7275,0.8425,0.6825,0.8525,0.445,0.5375,0.71,0.4175,0.6975,0.74,0.595,0.7325,0.7,0.6325,0.6825,0.595,0.5425
11-9041.00,0.9325,0.69,0.7975,0.6525,0.765,0.66,0.7625,0.8675,0.695,0.8575,0.805,0.8225,0.4875,0.6225,0.79,0.235,0.19,0.2975,0.23,0.8875,0.83,0.1975,0.225,0.6925,0.625,0.9125,0.8575,0.7025,0.3325,0.45,0.6,0.36,0.8875,0.635,0.715,0.815,0.72,0.495,0.4075,0.4875,0.4425
11-9051.00,0.82,0.7425,0.84,0.7475,0.7,0.6675,0.61,0.7525,0.5725,0.81,0.63,0.66,0.615,0.67,0.6625,0.7125,0.6575,0.49,0.2325,0.565,0.3025,0.375,0.34,0.5175,0.5525,0.74,0.585,0.7575,0.5,0.5925,0.675,0.6575,0.7625,0.6575,0.7875,0.7325,0.79,0.585,0.6025,0.725,0.6625
11-9071.00,0.7975,0.6625,0.665,0.455,0.4575,0.5975,0.6625,0.79,0.6775,0.8025,0.5725,0.6,0.5725,0.665,0.655,0.2925,0.325,0.4475,0.1325,0.7625,0.1975,0.2325,0.2625,0.7225,0.5825,0.8375,0.5125,0.72,0.375,0.39,0.765,0.83,0.615,0.6275,0.66,0.67,0.71,0.575,0.55,0.6825,0.58
11-9072.00,0.855,0.6525,0.74,0.47,0.5825,0.61,0.595,0.4625,0.54,0.895,0.9,0.7725,0.7225,0.7975,0.8425,0.655,0.5975,0.2375,0.36,0.835,0.1675,0.195,0.235,0.685,0.8275,0.9175,0.8475,0.9075,0.6275,0.485,0.8125,0.8125,0.665,0.7825,0.83,0.8275,0.735,0.625,0.5925,0.725,0.615
11-9081.00,0.82,0.585,0.8175,0.53,0.32,0.5475,0.64,0.625,0.62,0.845,0.745,0.6475,0.715,0.74,0.7375,0.4025,0.415,0.3825,0.3825,0.8175,0.155,0.2725,0.22,0.595,0.5175,0.8675,0.79,0.785,0.68,0.645,0.7775,0.79,0.7975,0.6825,0.8225,0.7125,0.755,0.6175,0.7675,0.73,0.54
11-9111.00,0.87,0.7775,0.7225,0.385,0.5625,0.685,0.8225,0.885,0.84,0.8575,0.695,0.83,0.74,0.795,0.8225,0.3125,0.24,0.3425,0.17,0.89,0.215,0.16,0.1775,0.7675,0.7225,0.9075,0.7125,0.86,0.635,0.5175,0.785,0.5625,0.83,0.8125,0.7975,0.8225,0.875,0.74,0.76,0.785,0.7875
11-9121.00,0.885,0.895,0.855,0.6275,0.6675,0.7025,0.8,0.795,0.8675,0.895,0.7175,0.8875,0.83,0.765,0.8925,0.41,0.3225,0.475,0.395,0.8175,0.265,0.2925,0.2975,0.8525,0.805,0.89,0.7775,0.87,0.34,0.475,0.53,0.3025,0.8175,0.8025,0.6425,0.765,0.685,0.61,0.6025,0.65,0.7325
11-9121.01,0.8475,0.775,0.685,0.495,0.4475,0.545,0.62,0.77,0.6125,0.675,0.5325,0.6025,0.4675,0.7525,0.8575,0.3725,0.3625,0.29,0.1,0.8475,0.235,0.2025,0.24,0.8825,0.53,0.7825,0.5325,0.715,0.62,0.15,0.3575,0.55,0.5575,0.4175,0.635,0.315,0.5,0.34,0.735,0.1425,0.4325
11-9131.00,0.8825,0.7075,0.7475,0.55,0.56,0.67,0.705,0.715,0.6675,0.85,0.5675,0.635,0.695,0.79,0.7875,0.395,0.3575,0.3975,0.325,0.8225,0.23,0.195,0.1675,0.7325,0.69,0.8725,0.66,0.7475,0.4875,0.5475,0.8525,0.5975,0.78,0.6875,0.66,0.785,0.7425,0.6075,0.785,0.695,0.6025
11-9141.00,0.85,0.5125,0.5,0.525,0.4,0.5625,0.6625,0.65,0.625,0.8675,0.5875,0.75,0.5925,0.6625,0.7625,0.2625,0.1,0.1375,0.275,0.8,0.1,0.1625,0.225,0.5925,0.54,0.8375,0.775,0.7875,0.425,0.525,0.7775,0.5875,0.7875,0.75,0.7,0.7375,0.6325,0.5875,0.6575,0.6125,0.65
11-9151.00,0.87,0.7,0.745,0.3775,0.3075,0.6275,0.655,0.76,0.62,0.7625,0.7175,0.7875,0.745,0.715,0.82,0.365,0.23,0.16,0.295,0.8075,0.1075,0.0475,0.075,0.71,0.615,0.9125,0.7775,0.7825,0.7525,0.3175,0.695,0.66,0.7475,0.69,0.6575,0.685,0.58,0.5875,0.7875,0.4575,0.35
11-9161.00,0.8625,0.6825,0.75,0.5675,0.535,0.625,0.7025,0.7025,0.6925,0.87,0.6625,0.7375,0.785,0.6375,0.83,0.4275,0.375,0.3325,0.525,0.8375,0.285,0.295,0.3225,0.81,0.715,0.875,0.8175,0.875,0.725,0.535,0.7225,0.8075,0.785,0.8575,0.8125,0.785,0.6825,0.6825,0.6775,0.6475,0.7625
11-9171.00,0.895,0.7975,0.82,0.64,0.4675,0.7475,0.83,0.8,0.55,0.915,0.85,0.8225,0.6625,0.805,0.8575,0.7225,0.7375,0.5075,0.635,0.8225,0.175,0.2475,0.23,0.7825,0.7175,0.835,0.7925,0.88,0.895,0.62,0.7125,0.9475,0.855,0.6425,0.7375,0.7925,0.7225,0.8225,0.83,0.4,0.58
11-9179.01,0.7125,0.56,0.52,0.625,0.4325,0.52,0.48,0.5875,0.5375,0.7125,0.74,0.74,0.635,0.845,0.76,0.77,0.63,0.3275,0.1925,0.6625,0.1825,0.27,0.19,0.7,0.53,0.885,0.6925,0.8375,0.6725,0.5675,0.645,0.61,0.7125,0.74,0.845,0.8,0.845,0.6625,0.71,0.72,0.5675
11-9179.02,0.8125,0.885,0.79,0.695,0.6225,0.75,0.695,0.765,0.645,0.8,0.745,0.78,0.69,0.765,0.6525,0.515,0.3775,0.39,0.13,0.8025,0.1875,0.2275,0.165,0.5675,0.615,0.845,0.585,0.84,0.8525,0.7075,0.8375,0.7975,0.8025,0.79,0.63,0.76,0.7725,0.675,0.78,0.6125,0.6275
11-9199.01,0.88,0.565,0.815,0.295,0.5,0.555,0.815,0.92,0.8075,0.87,0.63,0.8575,0.76,0.5675,0.74,0.1525,0.065,0.0975,0.0225,0.8375,0.1075,0.01,0.0425,0.825,0.9025,0.9025,0.9125,0.805,0.2825,0.5,0.63,0.17,0.5875,0.625,0.63,0.5975,0.63,0.6625,0.5,0.4575,0.4325
11-9199.08,0.8975,0.6925,0.8325,0.59,0.38,0.6425,0.705,0.775,0.7375,0.8975,0.6425,0.67,0.715,0.59,0.7625,0.42,0.215,0.1925,0.3075,0.8,0.285,0.1925,0.2625,0.825,0.6125,0.8575,0.75,0.86,0.525,0.6825,0.715,0.4425,0.6125,0.715,0.81,0.6925,0.7375,0.6375,0.5125,0.4525,0.5575
13-1011.00,0.8775,0.3275,0.62,0.085,0.32,0.5225,0.3325,0.355,0.415,0.6475,0.7525,0.7125,0.5925,0.6825,0.7025,0.1225,0.155,0.0375,0.0325,0.675,0.0675,0.025,0.0175,0.48,0.4725,0.6275,0.7375,0.7825,0.32,0.67,0.59,0.39,0.5575,0.46,0.2175,0.285,0.39,0.5525,0.4975,0.1975,0.3275
13-1021.00,0.85,0.57,0.7525,0.28,0.585,0.675,0.67,0.635,0.685,0.79,0.6125,0.685,0.6225,0.4975,0.7225,0.2925,0.165,0.32,0.185,0.6525,0.1325,0.075,0.145,0.6475,0.5075,0.765,0.755,0.805,0.3225,0.63,0.6225,0.5425,0.6025,0.615,0.5775,0.53,0.4825,0.5725,0.5725,0.375,0.6
13-1022.00,0.805,0.6075,0.7,0.3725,0.5725,0.5525,0.73,0.4675,0.6225,0.685,0.575,0.6675,0.495,0.4725,0.645,0.35,0.39,0.3275,0.1525,0.755,0.165,0.055,0.0175,0.5525,0.3675,0.76,0.6925,0.66,0.39,0.495,0.6425,0.3425,0.4175,0.4525,0.385,0.4175,0.4275,0.3625,0.565,0.305,0.6575
13-1023.00,0.895,0.61,0.7225,0.42,0.5525,0.7025,0.7625,0.7625,0.765,0.7775,0.58,0.67,0.645,0.5975,0.79,0.185,0.1975,0.145,0.1325,0.83,0.2775,0.0925,0.105,0.7775,0.6675,0.855,0.8675,0.8025,0.29,0.315,0.7225,0.5,0.57,0.645,0.6575,0.67,0.7075,0.625,0.605,0.4875,0.5275
13-1031.00,0.89,0.64,0.87,0.425,0.5825,0.6375,0.76,0.7125,0.765,0.87,0.475,0.745,0.4725,0.505,0.8075,0.18,0.1375,0.13,0.2525,0.92,0.0875,0.035,0.035,0.835,0.685,0.845,0.895,0.7525,0.48,0.35,0.8225,0.6375,0.3775,0.505,0.4375,0.285,0.3325,0.365,0.545,0.255,0.435
13-1032.00,0.81,0.55,0.7475,0.6875,0.6925,0.665,0.6925,0.6075,0.6925,0.88,0.5225,0.76,0.53,0.65,0.7725,0.4375,0.1675,0.325,0.7025,0.92,0.28,0.085,0.3825,0.88,0.565,0.83,0.815,0.635,0.5875,0.4525,0.8525,0.8475,0.3125,0.4225,0.535,0.3575,0.3175,0.5675,0.5425,0.2075,0.5225
13-1041.00,0.91,0.7225,0.795,0.51,0.445,0.4975,0.8375,0.8725,0.7425,0.7575,0.4875,0.6475,0.505,0.5725,0.695,0.475,0.3575,0.3425,0.5025,0.795,0.175,0.1725,0.2325,0.865,0.6325,0.7975,0.835,0.5875,0.4175,0.2575,0.6,0.805,0.4425,0.4875,0.4275,0.32,0.4325,0.6,0.6975,0.1975,0.2325
13-1041.04,0.8075,0.78,0.7625,0.7225,0.63,0.6625,0.6275,0.93,0.5775,0.8125,0.53,0.59,0.6575,0.585,0.7825,0.515,0.3825,0.17,0.555,0.835,0.245,0.095,0.01,0.745,0.66,0.825,0.855,0.8125,0.275,0.305,0.6775,0.69,0.545,0.515,0.4025,0.52,0.3975,0.55,0.7275,0.245,0.3975
13-1041.06,0.9625,0.67,0.85,0.525,0.5275,0.565,0.8475,0.6625,0.775,0.9125,0.6375,0.8825,0.6675,0.6625,0.8,0.7375,0.685,0.3425,0.6875,0.8125,0.25,0.3125,0.315,0.95,0.7875,0.9375,0.9125,0.8,0.7925,0.2125,0.6975,0.875,0.68,0.5875,0.7625,0.71,0.6975,0.6625,0.675,0.645,0.6625
13-1041.07,0.9,0.42,0.6125,0.2875,0.45,0.5375,0.6175,0.9075,0.7625,0.805,0.475,0.8,0.7125,0.6375,0.7625,0.1,0.0625,0.0875,0.0275,0.8125,0.125,0.0375,0.0625,0.685,0.8025,0.8625,0.825,0.7875,0.2125,0.475,0.6975,0.1625,0.675,0.6375,0.5625,0.4875,0.5125,0.6875,0.5625,0.3625,0.3625
13-1041.08,0.9,0.5525,0.625,0.2375,0.4725,0.5125,0.83,0.825,0.71,0.7375,0.54,0.8025,0.4875,0.4725,0.695,0.11,0.21,0.2225,0.1325,0.8675,0.0525,0.065,0.17,0.75,0.625,0.8325,0.805,0.695,0.3025,0.42,0.565,0.4175,0.565,0.565,0.645,0.645,0.58,0.645,0.685,0.4875,0.4725
13-1051.00,0.91,0.6125,0.705,0.33,0.87,0.59,0.7725,0.66,0.8925,0.83,0.6375,0.8075,0.59,0.7025,0.7025,0.1375,0.125,0.025,0.035,0.8925,0.25,0.045,0.0675,0.7025,0.69,0.8175,0.6925,0.705,0.2375,0.3975,0.4875,0.16,0.5125,0.59,0.5225,0.5675,0.59,0.6075,0.3975,0.25,0.4375
13-1071.00,0.815,0.585,0.595,0.14,0.3775,0.55,0.68,0.7875,0.5775,0.7975,0.5775,0.735,0.5225,0.6675,0.8025,0.29,0.24,0.175,0.0125,0.8875,0.01,0.0075,0.015,0.845,0.575,0.915,0.6675,0.82,0.635,0.3525,0.7775,0.505,0.5025,0.61,0.66,0.535,0.6075,0.67,0.845,0.5575,0.4125
13-1074.00,0.4225,0.4725,0.4675,0.6025,0.385,0.5675,0.45,0.6675,0.345,0.505,0.18,0.315,0.3,0.44,0.47,0.4175,0.2825,0.1875,0.63,0.385,0.0075,0.2225,0.075,0.3625,0.205,0.4125,0.1825,0.5425,0.4425,0.3875,0.39,0.32,0.45,0.3175,0.6025,0.345,0.44,0.195,0.555,0.3225,0.4525
13-1075.00,0.8625,0.3925,0.5625,0.155,0.2775,0.5725,0.7125,0.75,0.6425,0.825,0.5875,0.6775,0.5375,0.62,0.7,0.12,0.095,0.095,0.1675,0.63,0.025,0.025,0.0375,0.55,0.655,0.775,0.595,0.8125,0.4275,0.375,0.87,0.425,0.55,0.6175,0.5525,0.5,0.5125,0.5475,0.5375,0.405,0.4
13-1081.00,0.8225,0.6675,0.625,0.365,0.5625,0.51,0.75,0.6775,0.7275,0.8325,0.625,0.6975,0.6875,0.7075,0.845,0.1975,0.22,0.22,0.23,0.8225,0.195,0.1775,0.2075,0.72,0.635,0.855,0.78,0.8025,0.26,0.605,0.655,0.345,0.6675,0.76,0.635,0.6675,0.655,0.6975,0.5725,0.635,0.635
13-1081.01,0.84,0.7725,0.74,0.3975,0.66,0.63,0.76,0.6625,0.8075,0.7825,0.7175,0.7625,0.695,0.675,0.7825,0.2725,0.2275,0.315,0.26,0.88,0.435,0.1625,0.1525,0.62,0.715,0.815,0.7075,0.7075,0.315,0.425,0.5425,0.26,0.5425,0.6025,0.5675,0.5875,0.5725,0.555,0.4575,0.4025,0.575
13-1081.02,0.8575,0.7025,0.66,0.2725,0.5225,0.6375,0.8175,0.6825,0.8625,0.8175,0.6475,0.7025,0.66,0.5675,0.75,0.2375,0.2275,0.25,0.1925,0.8875,0.17,0.1475,0.1925,0.7025,0.75,0.84,0.8075,0.7725,0.3875,0.3875,0.5575,0.285,0.5675,0.5675,0.6125,0.5,0.5725,0.5225,0.5,0.33,0.475
13-1111.00,0.925,0.715,0.75,0.25,0.63,0.65,0.7875,0.725,0.85,0.905,0.785,0.81,0.845,0.6,0.8225,0.1775,0.1775,0.1425,0.1675,0.8225,0.13,0.06,0.0825,0.7625,0.845,0.9125,0.8325,0.9125,0.37,0.7375,0.7375,0.475,0.65,0.725,0.69,0.535,0.69,0.8625,0.5475,0.345,0.55
13-1121.00,0.78,0.6025,0.7625,0.58,0.5675,0.795,0.7525,0.5725,0.5975,0.89,0.7475,0.705,0.63,0.835,0.9075,0.585,0.555,0.43,0.3375,0.8575,0.32,0.2275,0.405,0.675,0.715,0.8775,0.8675,0.7825,0.5325,0.6475,0.795,0.835,0.7325,0.77,0.59,0.7075,0.715,0.645,0.7625,0.4625,0.69
13-1131.00,0.87,0.3575,0.5475,0.1375,0.5,0.6075,0.6775,0.525,0.775,0.85,0.845,0.75,0.85,0.67,0.81,0.19,0.095,0.1425,0.35,0.845,0.025,0.025,0.0875,0.6775,0.65,0.7975,0.9275,0.9525,0.44,0.775,0.6625,0.6975,0.5825,0.7625,0.595,0.56,0.725,0.725,0.525,0.405,0.4875
13-1141.00,0.81,0.465,0.465,0.1675,0.38,0.525,0.7625,0.8225,0.785,0.7625,0.55,0.715,0.575,0.3925,0.7375,0.155,0.1675,0.13,0.0725,0.7975,0.12,0.0825,0.12,0.655,0.6075,0.7975,0.725,0.7375,0.38,0.4,0.5725,0.275,0.4275,0.535,0.475,0.45,0.4525,0.62,0.62,0.3575,0.4175
13-1151.00,0.815,0.575,0.6625,0.2725,0.4775,0.555,0.695,0.63,0.675,0.7825,0.7275,0.825,0.7725,0.6425,0.74,0.25,0.2075,0.17,0.1425,0.76,0.185,0.1075,0.1525,0.6475,0.7925,0.9025,0.6425,0.83,0.445,0.5675,0.5675,0.435,0.6075,0.6425,0.8925,0.5,0.825,0.7975,0.49,0.42,0.4575
13-1161.00,0.965,0.5875,0.75,0.2175,0.59,0.6475,0.91,0.4875,0.945,0.8875,0.785,0.785,0.7825,0.6125,0.83,0.08,0.065,0.13,0.055,0.9025,0.055,0.0225,0.0975,0.7175,0.925,0.7725,0.805,0.805,0.1625,0.67,0.4575,0.435,0.62,0.5875,0.4575,0.5,0.5,0.7275,0.5225,0.305,0.5975
13-1161.01,0.87,0.5425,0.75,0.2075,0.565,0.425,0.87,0.555,0.9125,0.9025,0.84,0.91,0.8575,0.5325,0.74,0.035,0.0425,0.1425,0.0325,0.9575,0.0975,0.0225,0.075,0.6075,0.8075,0.825,0.695,0.7275,0.1625,0.6075,0.445,0.1625,0.4675,0.5,0.575,0.5,0.5,0.75,0.49,0.24,0.5
13-1199.04,0.875,0.59,0.7375,0.2625,0.5125,0.545,0.7275,0.75,0.7625,0.7975,0.595,0.7375,0.7375,0.63,0.7725,0.0825,0.0675,0.0675,0.1025,0.875,0.2375,0.09,0.0825,0.795,0.7375,0.91,0.535,0.795,0.33,0.37,0.5125,0.1675,0.6025,0.6475,0.705,0.6375,0.59,0.6475,0.5575,0.33,0.3625
13-1199.06,0.7975,0.4775,0.7575,0.325,0.5425,0.57,0.745,0.4425,0.6,0.7075,0.585,0.6925,0.4975,0.44,0.6075,0.1625,0.3125,0.235,0.0925,0.915,0.13,0.035,0.1425,0.6875,0.47,0.6125,0.645,0.6975,0.3375,0.7175,0.5225,0.5275,0.4975,0.33,0.42,0.375,0.34,0.3375,0.58,0.26,0.48
13-1199.07,0.8875,0.6875,0.8,0.65,0.5625,0.6,0.75,0.8625,0.7625,0.8375,0.7375,0.8,0.7225,0.71,0.775,0.4875,0.2125,0.1875,0.3,0.825,0.5,0.125,0.1875,0.75,0.725,0.83,0.8375,0.825,0.5,0.67,0.7375,0.605,0.6325,0.6875,0.6675,0.6575,0.67,0.8,0.6175,0.5125,0.6
13-2011.00,0.865,0.655,0.685,0.285,0.4775,0.51,0.7975,0.84,0.7825,0.7925,0.5825,0.765,0.5775,0.6225,0.7925,0.14,0.1525,0.14,0.0825,0.8625,0.0575,0.04,0.07,0.8175,0.68,0.855,0.7,0.785,0.36,0.4375,0.55,0.355,0.6575,0.65,0.67,0.5925,0.61,0.5775,0.685,0.4875,0.5475
13-2022.00,0.9575,0.51,0.9125,0.74,0.74,0.8475,0.9025,0.7825,0.9125,0.8475,0.565,0.9025,0.575,0.62,0.74,0.49,0.4675,0.1425,0.2075,0.8475,0.13,0.0975,0.1475,0.87,0.7275,0.62,0.74,0.75,0.26,0.3975,0.4125,0.51,0.5325,0.4675,0.49,0.455,0.435,0.565,0.685,0.25,0.4575
13-2023.00,0.905,0.4275,0.6775,0.6775,0.53,0.6075,0.8325,0.6775,0.845,0.73,0.4575,0.7275,0.4275,0.53,0.6075,0.3575,0.1525,0.22,0.48,0.88,0.22,0.095,0.1425,0.8125,0.75,0.5725,0.6675,0.51,0.1775,0.2925,0.4175,0.4175,0.3575,0.2925,0.47,0.4275,0.405,0.5425,0.5825,0.24,0.3025
13-2031.00,0.8675,0.5925,0.695,0.155,0.4525,0.3775,0.86,0.7075,0.7525,0.7025,0.555,0.6775,0.5875,0.42,0.7475,0.1725,0.17,0.14,0.0875,0.87,0.11,0.08,0.1125,0.705,0.5375,0.8075,0.465,0.6075,0.35,0.235,0.3575,0.2525,0.3475,0.345,0.32,0.2775,0.28,0.3825,0.485,0.2225,0.475
13-2041.00,0.895,0.4625,0.6375,0.1625,0.375,0.4875,0.85,0.6875,0.9125,0.7625,0.4,0.7125,0.375,0.375,0.6625,0.0625,0.0625,0.1125,0.0125,0.8625,0.0375,0,0.0125,0.6325,0.7,0.8125,0.4875,0.6875,0.1625,0.3,0.395,0.2125,0.325,0.4,0.5,0.4125,0.4875,0.4,0.4125,0.2375,0.1875
13-2052.00,0.9425,0.47,0.595,0.03,0.52,0.52,0.865,0.75,0.92,0.89,0.5975,0.865,0.73,0.62,0.76,0.02,0.02,0.01,0.02,0.905,0.01,0.01,0.0475,0.76,0.8075,0.6925,0.8025,0.89,0.5675,0.605,0.5,0.62,0.44,0.49,0.56,0.5,0.53,0.75,0.5575,0.28,0.36
13-2053.00,0.95,0.5,0.6925,0.1125,0.4325,0.585,0.7825,0.725,0.8575,0.9075,0.4925,0.7075,0.4,0.3425,0.7575,0.1075,0.1325,0.075,0.0925,0.8525,0.0075,0,0.025,0.7075,0.6125,0.75,0.7675,0.8275,0.1925,0.585,0.6825,0.3325,0.3675,0.4825,0.4475,0.3575,0.3975,0.45,0.5725,0.2,0.25
13-2061.00,0.925,0.6425,0.76,0.1625,0.3925,0.6625,0.74,0.9125,0.88,0.8075,0.3575,0.75,0.565,0.4775,0.7725,0.0425,0.055,0.0975,0.1525,0.7725,0.0225,0,0.0225,0.76,0.67,0.87,0.785,0.7725,0.2075,0.315,0.5425,0.185,0.6525,0.6825,0.5425,0.555,0.5975,0.5425,0.4675,0.38,0.26
13-2071.00,0.89,0.35,0.7,0.1,0.22,0.33,0.73,0.615,0.67,0.78,0.555,0.75,0.51,0.52,0.655,0.105,0.125,0.115,0.0525,0.8475,0,0.0225,0.0725,0.8475,0.53,0.685,0.75,0.6875,0.55,0.385,0.605,0.71,0.3475,0.43,0.5225,0.345,0.5425,0.5425,0.71,0.12,0.24
13-2072.00,0.875,0.535,0.665,0.3075,0.4375,0.67,0.82,0.8725,0.815,0.77,0.565,0.735,0.4575,0.5025,0.735,0.15,0.1275,0.1725,0.0825,0.81,0.05,0.0525,0.095,0.6975,0.645,0.765,0.7775,0.835,0.27,0.5875,0.575,0.6575,0.515,0.6,0.33,0.3675,0.3425,0.4975,0.585,0.2775,0.275
13-2081.00,0.8925,0.6425,0.8125,0.345,0.5525,0.44,0.83,0.865,0.68,0.76,0.4725,0.6575,0.485,0.5675,0.7875,0.21,0.215,0.1875,0.1125,0.9425,0.0425,0.04,0.12,0.75,0.6975,0.835,0.97,0.69,0.5025,0.3125,0.59,0.935,0.4825,0.61,0.605,0.3825,0.4075,0.5025,0.57,0.2175,0.13
13-2082.00,0.8925,0.475,0.655,0.2975,0.425,0.3225,0.81,0.7375,0.7225,0.715,0.425,0.87,0.405,0.6075,0.715,0.1075,0.155,0.285,0.0725,0.9175,0,0,0.1875,0.81,0.7025,0.62,0.595,0.69,0.4475,0.25,0.5125,0.62,0.38,0.405,0.535,0.3875,0.3925,0.5825,0.56,0.2025,0.3325
13-2099.01,0.8625,0.4,0.625,0.2125,0.6325,0.425,0.875,0.5125,0.9,0.83,0.725,0.775,0.5375,0.45,0.6125,0.05,0.025,0.1125,0.0125,0.92,0.075,0.0125,0.0375,0.55,0.7625,0.7625,0.6,0.5875,0.15,0.5,0.3,0.0875,0.3675,0.475,0.4875,0.5,0.5,0.5625,0.1875,0.2375,0.3
13-2099.04,0.9275,0.605,0.77,0.355,0.56,0.615,0.84,0.8325,0.885,0.84,0.57,0.7925,0.66,0.66,0.78,0.31,0.25,0.2,0.27,0.87,0.14,0.05,0.11,0.82,0.73,0.85,0.77,0.78,0.4275,0.4375,0.66,0.43,0.61,0.63,0.65,0.59,0.5525,0.65,0.56,0.45,0.52
15-1211.00,0.8975,0.7575,0.695,0.5975,0.55,0.66,0.8575,0.67,0.7875,0.8975,0.6575,0.86,0.615,0.495,0.66,0.25,0.3125,0.5725,0.1925,0.99,0.2025,0.2225,0.4125,0.6475,0.6725,0.7925,0.5675,0.6425,0.5725,0.14,0.5325,0.1325,0.3675,0.535,0.4475,0.3875,0.38,0.365,0.3575,0.13,0.425
15-1211.01,0.9175,0.7,0.7625,0.3925,0.5375,0.5725,0.81,0.81,0.87,0.8925,0.8225,0.845,0.725,0.6425,0.845,0.225,0.225,0.3225,0.0625,0.94,0.405,0.075,0.2025,0.785,0.875,0.88,0.655,0.8575,0.44,0.45,0.6075,0.3025,0.7375,0.8325,0.7375,0.675,0.655,0.6975,0.58,0.38,0.4525
15-1212.00,0.875,0.73,0.8225,0.3625,0.545,0.5175,0.7725,0.78,0.77,0.735,0.64,0.7625,0.5675,0.4075,0.6675,0.155,0.17,0.2275,0.085,0.925,0.2375,0.09,0.3825,0.7575,0.685,0.75,0.5325,0.6125,0.1625,0.33,0.3975,0.1875,0.4625,0.4575,0.4325,0.355,0.4175,0.5025,0.5675,0.3175,0.39
15-1221.00,0.905,0.5125,0.8275,0.4175,0.8,0.635,0.83,0.635,0.89,0.9125,0.8825,0.8925,0.6775,0.595,0.6675,0.2025,0.165,0.3575,0.165,0.9925,0.2925,0.1875,0.31,0.8425,0.8175,0.825,0.805,0.6875,0.295,0.31,0.46,0.2425,0.4575,0.47,0.545,0.4125,0.33,0.57,0.3775,0.305,0.4325
15-1231.00,0.85,0.625,0.585,0.5075,0.4325,0.5225,0.6975,0.64,0.7075,0.725,0.595,0.8625,0.4925,0.5875,0.69,0.34,0.4,0.34,0.1325,0.9875,0.4475,0.3075,0.4475,0.5675,0.585,0.7925,0.5225,0.74,0.42,0.22,0.54,0.1125,0.36,0.3925,0.4775,0.3125,0.3675,0.525,0.3975,0.2875,0.37
15-1232.00,0.8625,0.675,0.645,0.6075,0.5025,0.5425,0.7675,0.655,0.6425,0.825,0.6275,0.815,0.56,0.5,0.615,0.33,0.41,0.4875,0.245,0.945,0.285,0.3675,0.47,0.7275,0.695,0.84,0.6525,0.695,0.3275,0.3825,0.435,0.235,0.355,0.56,0.595,0.3375,0.485,0.59,0.535,0.23,0.43
15-1241.00,0.85,0.7375,0.7375,0.625,0.5,0.55,0.7125,0.7875,0.725,0.7625,0.6125,0.825,0.625,0.6175,0.645,0.3,0.3125,0.4,0.225,0.9375,0.4,0.2625,0.5,0.725,0.625,0.75,0.625,0.565,0.275,0.2875,0.5375,0.3,0.5625,0.4625,0.5875,0.4625,0.45,0.6125,0.5125,0.2875,0.5125
15-1241.01,0.8325,0.6775,0.715,0.5125,0.6675,0.62,0.8,0.7125,0.75,0.88,0.655,0.8325,0.5875,0.75,0.7375,0.31,0.3375,0.225,0.2975,0.87,0.5875,0.225,0.44,0.655,0.6775,0.845,0.6875,0.69,0.285,0.44,0.525,0.37,0.6,0.5725,0.5125,0.525,0.475,0.69,0.5375,0.1875,0.525
15-1242.00,0.78,0.605,0.7775,0.2875,0.51,0.42,0.73,0.6875,0.75,0.795,0.6825,0.67,0.575,0.5875,0.655,0.1075,0.0975,0.22,0.1275,0.9575,0.115,0.1325,0.2475,0.6525,0.6175,0.71,0.395,0.715,0.4625,0.2025,0.605,0.0325,0.52,0.475,0.5,0.28,0.2975,0.475,0.3025,0.2325,0.445
15-1243.00,0.845,0.6375,0.775,0.345,0.725,0.5825,0.845,0.725,0.905,0.8225,0.725,0.81,0.7,0.5125,0.6775,0.05,0.0475,0.13,0,0.94,0.345,0.0125,0.12,0.715,0.63,0.7875,0.5125,0.62,0.285,0.3225,0.4875,0.1425,0.525,0.535,0.5375,0.5125,0.535,0.6425,0.3575,0.31,0.2975
15-1243.01,0.8575,0.4675,0.7625,0.1475,0.4775,0.4575,0.87,0.5875,0.8875,0.7375,0.74,0.805,0.565,0.5,0.675,0.0225,0.0225,0.12,0.0225,0.99,0.12,0,0.0975,0.5,0.6925,0.7275,0.4025,0.63,0.205,0.325,0.3925,0.0575,0.455,0.5325,0.49,0.3575,0.4175,0.6075,0.38,0.2825,0.305
15-1244.00,0.7925,0.5875,0.755,0.42,0.425,0.455,0.7,0.4975,0.6475,0.825,0.6325,0.81,0.555,0.56,0.77,0.31,0.3525,0.5325,0.125,0.965,0.375,0.32,0.68,0.655,0.67,0.6775,0.48,0.4875,0.4425,0.295,0.3475,0.1175,0.38,0.35,0.5175,0.2475,0.3875,0.4425,0.31,0.0725,0.4975
15-1251.00,0.8775,0.6125,0.805,0.3975,0.72,0.4475,0.8975,0.6375,0.88,0.8625,0.8375,0.79,0.65,0.3425,0.6475,0.1625,0.13,0.1725,0.075,0.9875,0.2,0.125,0.2625,0.705,0.6275,0.7825,0.45,0.6125,0.2925,0.2875,0.2925,0.1475,0.515,0.6375,0.4475,0.3875,0.4375,0.6075,0.27,0.2175,0.3475
15-1252.00,0.76,0.675,0.665,0.265,0.4175,0.4025,0.845,0.735,0.8,0.835,0.8325,0.775,0.69,0.58,0.765,0.1675,0.05,0.32,0.03,0.9025,0.1725,0.015,0.1625,0.695,0.6525,0.8075,0.38,0.635,0.32,0.1525,0.3475,0.03,0.335,0.305,0.4575,0.1725,0.4275,0.5675,0.33,0.1325,0.275
15-1253.00,0.9125,0.625,0.805,0.34,0.485,0.6125,0.845,0.81,0.815,0.7125,0.7125,0.84,0.5525,0.5675,0.7725,0.105,0.06,0.1625,0.0375,0.985,0.11,0.0525,0.1175,0.765,0.58,0.86,0.39,0.75,0.28,0.2425,0.4775,0.08,0.62,0.6125,0.5075,0.47,0.555,0.5225,0.37,0.25,0.3225
15-1254.00,0.87,0.49,0.6675,0.365,0.5825,0.51,0.7825,0.5825,0.635,0.8125,0.845,0.8225,0.5825,0.615,0.7275,0.105,0.0625,0.25,0.0525,0.97,0.145,0.02,0.1675,0.615,0.5825,0.72,0.51,0.635,0.23,0.3225,0.47,0.1975,0.4475,0.5625,0.4575,0.4175,0.375,0.5725,0.395,0.25,0.355
15-1255.01,0.7625,0.5,0.6625,0.225,0.525,0.5875,0.7375,0.4025,0.6875,0.925,0.975,0.675,0.65,0.4375,0.65,0.075,0.0625,0.17,0,0.9625,0.2875,0,0.1125,0.65,0.54,0.825,0.4625,0.7,0.275,0.46,0.58,0.175,0.475,0.575,0.4125,0.475,0.3875,0.4725,0.275,0.2625,0.2625
15-1299.01,0.8875,0.5375,0.685,0.3875,0.435,0.4125,0.7375,0.6625,0.725,0.8425,0.8,0.775,0.6375,0.5125,0.7225,0.1125,0.175,0.2375,0.075,0.975,0.275,0.1325,0.25,0.5975,0.71,0.855,0.5125,0.6875,0.2,0.3625,0.425,0.3,0.575,0.67,0.6375,0.5625,0.5875,0.6375,0.575,0.3,0.4375
15-1299.02,0.87,0.5825,0.685,0.3225,0.6875,0.5575,0.875,0.6725,0.9025,0.7875,0.7375,0.8525,0.5925,0.575,0.69,0.135,0.1775,0.2425,0.1925,0.9825,0.2825,0.0775,0.2525,0.6925,0.74,0.805,0.605,0.7,0.235,0.285,0.2625,0.4075,0.495,0.385,0.58,0.365,0.48,0.55,0.375,0.1975,0.345
15-1299.03,0.825,0.5875,0.7125,0.2875,0.5625,0.5625,0.7875,0.85,0.7125,0.75,0.565,0.7225,0.6975,0.58,0.7,0.3,0.2875,0.2,0.1,0.8875,0.17,0.125,0.2,0.8125,0.6375,0.825,0.575,0.725,0.2,0.5525,0.5375,0.275,0.625,0.625,0.6,0.55,0.5875,0.6625,0.685,0.4625,0.5125
15-1299.05,0.875,0.6325,0.86,0.395,0.395,0.46,0.79,0.7625,0.8425,0.7925,0.645,0.855,0.5925,0.4875,0.6975,0.145,0.1325,0.2625,0.1175,0.9725,0.42,0.1575,0.305,0.79,0.7225,0.815,0.685,0.58,0.29,0.29,0.42,0.1975,0.5925,0.6175,0.7625,0.5125,0.5925,0.6575,0.435,0.3425,0.5275
15-1299.08,0.8525,0.59,0.7375,0.5225,0.5125,0.5,0.7625,0.7275,0.715,0.8625,0.58,0.7625,0.6025,0.5125,0.75,0.33,0.3525,0.375,0.215,0.92,0.4775,0.2375,0.6025,0.725,0.6675,0.75,0.5575,0.58,0.3525,0.3075,0.4425,0.2375,0.4875,0.5225,0.6475,0.465,0.545,0.6375,0.4325,0.3075,0.5225
15-1299.09,0.9175,0.775,0.8225,0.4275,0.7625,0.7025,0.785,0.775,0.79,0.85,0.6875,0.85,0.8325,0.8625,0.905,0.25,0.19,0.225,0.15,0.88,0.405,0.1075,0.2625,0.7975,0.8325,0.925,0.785,0.8325,0.535,0.62,0.81,0.3925,0.965,0.8575,0.6625,0.8225,0.715,0.75,0.6625,0.595,0.85
15-2011.00,0.885,0.555,0.7325,0.125,0.615,0.42,0.9275,0.795,0.9475,0.865,0.6075,0.8475,0.58,0.455,0.6425,0.045,0.0525,0.115,0.0175,0.92,0.0725,0.01,0.0525,0.5625,0.76,0.8525,0.6475,0.625,0.215,0.3575,0.3975,0.1425,0.4725,0.535,0.51,0.5825,0.565,0.6525,0.2775,0.34,0.2975
15-2021.00,0.7875,0.2625,0.4125,0.175,0.5625,0.3875,0.825,0.4125,0.8875,0.8,0.925,0.8375,0.5625,0.4625,0.6125,0.05,0.075,0.075,0.025,0.8125,0.075,0.0625,0.1125,0.5875,0.7375,0.625,0.5525,0.4875,0.2,0.275,0.275,0.175,0.425,0.425,0.8125,0.46,0.605,0.55,0.325,0.25,0.2375
15-2031.00,0.95,0.63,0.8325,0.275,0.69,0.5825,0.87,0.4875,0.9175,0.9175,0.775,0.81,0.725,0.6775,0.7025,0.095,0.1075,0.13,0.13,0.9175,0.2025,0.095,0.1125,0.6075,0.81,0.7625,0.5875,0.62,0.3625,0.465,0.4525,0.225,0.4625,0.5825,0.525,0.465,0.4525,0.715,0.3225,0.2625,0.405
15-2041.00,0.875,0.4875,0.725,0.0975,0.725,0.525,0.9475,0.7375,0.9875,0.9075,0.75,0.825,0.6125,0.3875,0.7375,0.025,0.0125,0.1,0.025,0.9875,0.0375,0.0125,0.0875,0.775,0.925,0.85,0.5925,0.65,0.185,0.325,0.375,0.175,0.5,0.5125,0.6,0.45,0.475,0.75,0.375,0.2625,0.225
15-2041.01,0.76,0.2725,0.6425,0.1375,0.425,0.4125,0.7925,0.5525,0.9175,0.8075,0.6425,0.7825,0.545,0.5225,0.715,0.1475,0.0975,0.1425,0.065,0.9125,0.0875,0.065,0.1075,0.6125,0.785,0.84,0.6675,0.635,0.2925,0.2825,0.4125,0.215,0.4775,0.5525,0.5325,0.5425,0.51,0.695,0.295,0.3625,0.3125
15-2051.01,0.875,0.44,0.7275,0.0575,0.5675,0.4775,0.91,0.56,0.9325,0.705,0.6925,0.7625,0.5125,0.4425,0.7375,0.0225,0.0225,0.0125,0.0125,0.92,0.0225,0,0.0125,0.625,0.8875,0.8075,0.5,0.66,0.215,0.3525,0.3875,0.1475,0.4325,0.42,0.4875,0.42,0.4875,0.6025,0.375,0.225,0.2725
15-2051.02,0.875,0.525,0.7625,0.2375,0.525,0.5625,0.8825,0.8,0.75,0.79,0.575,0.725,0.55,0.6575,0.7875,0.1,0.075,0.0875,0.0875,0.925,0.1875,0.0625,0.0625,0.8625,0.625,0.8,0.71,0.7,0.2625,0.3375,0.5125,0.15,0.65,0.6,0.5625,0.5125,0.4875,0.5125,0.45,0.2375,0.3375
15-2099.01,0.9025,0.7375,0.7875,0.27,0.575,0.62,0.94,0.545,0.94,0.8225,0.7825,0.8325,0.54,0.455,0.68,0.125,0.15,0.155,0.04,0.9775,0.41,0.0825,0.3325,0.715,0.76,0.7825,0.365,0.5275,0.2325,0.26,0.245,0.26,0.355,0.38,0.4525,0.3,0.4,0.49,0.3,0.1775,0.235
17-1011.00,0.845,0.5475,0.6075,0.5625,0.5725,0.5825,0.69,0.7625,0.7025,0.85,0.87,0.8125,0.65,0.7625,0.775,0.3225,0.225,0.175,0.2025,0.9175,0.87,0.06,0.1625,0.8225,0.6875,0.81,0.81,0.775,0.4875,0.5,0.6425,0.475,0.725,0.715,0.69,0.675,0.6425,0.6075,0.535,0.5,0.55
17-1012.00,0.875,0.6375,0.6,0.5375,0.6575,0.565,0.5925,0.7,0.6375,0.825,0.875,0.7375,0.6,0.6125,0.7125,0.275,0.1875,0.1625,0.2375,0.775,0.8875,0.0875,0.125,0.55,0.475,0.7875,0.79,0.725,0.4,0.475,0.46,0.55,0.6575,0.65,0.5925,0.575,0.5875,0.4725,0.4625,0.425,0.395
17-1021.00,0.965,0.68,0.7975,0.425,0.695,0.5125,0.78,0.805,0.77,0.805,0.715,0.8025,0.5975,0.6975,0.685,0.1825,0.19,0.365,0.2525,0.9225,0.575,0.2275,0.4075,0.785,0.6275,0.7675,0.7775,0.705,0.2825,0.1275,0.5575,0.63,0.6,0.5525,0.5575,0.335,0.3025,0.43,0.4675,0.07,0.2575
17-1022.00,0.8375,0.5875,0.7,0.5,0.55,0.5125,0.825,0.7625,0.85,0.8025,0.6325,0.7775,0.625,0.7875,0.75,0.675,0.425,0.43,0.575,0.8825,0.6,0.35,0.45,0.89,0.675,0.75,0.7,0.7,0.4,0.4,0.6,0.5625,0.65,0.5875,0.675,0.65,0.6625,0.6,0.5925,0.5625,0.5625
17-1022.01,0.87,0.6675,0.75,0.5675,0.655,0.5475,0.895,0.805,0.87,0.7975,0.6025,0.805,0.5375,0.63,0.6475,0.555,0.4825,0.51,0.4625,0.9075,0.51,0.3525,0.4175,0.825,0.6725,0.7125,0.6825,0.5575,0.24,0.25,0.3325,0.4625,0.51,0.4075,0.5675,0.4525,0.4625,0.5875,0.5,0.375,0.4625
17-2011.00,0.8425,0.7575,0.8425,0.59,0.5625,0.695,0.885,0.6575,0.8825,0.8725,0.825,0.8375,0.51,0.5525,0.7475,0.2225,0.1975,0.3575,0.2475,0.97,0.6125,0.2375,0.2825,0.83,0.755,0.815,0.5975,0.65,0.2025,0.34,0.3625,0.025,0.5275,0.495,0.6175,0.42,0.47,0.625,0.3725,0.2775,0.3675
17-2021.00,0.8625,0.7125,0.75,0.775,0.75,0.7125,0.8375,0.825,0.8875,0.875,0.825,0.8625,0.7375,0.7625,0.8,0.395,0.3375,0.4875,0.4625,0.925,0.7375,0.4125,0.4125,0.83,0.71,0.8,0.6875,0.675,0.3,0.325,0.4625,0.4125,0.5375,0.5875,0.5375,0.5125,0.46,0.58,0.4375,0.3375,0.55
17-2031.00,0.8475,0.675,0.7725,0.62,0.63,0.6425,0.8375,0.7825,0.9025,0.8625,0.815,0.8375,0.62,0.5975,0.7275,0.2725,0.285,0.435,0.185,0.925,0.5325,0.2725,0.5225,0.75,0.695,0.805,0.6525,0.5975,0.4125,0.2925,0.38,0.195,0.555,0.6075,0.63,0.5975,0.5125,0.575,0.455,0.3925,0.5225
17-2041.00,0.8475,0.795,0.7075,0.6475,0.6125,0.565,0.7925,0.775,0.84,0.925,0.62,0.685,0.555,0.59,0.675,0.205,0.2075,0.3925,0.1625,0.88,0.6625,0.2625,0.2075,0.675,0.7025,0.8325,0.4575,0.63,0.26,0.325,0.5,0.1025,0.51,0.6075,0.535,0.4775,0.5425,0.675,0.2825,0.325,0.3475
17-2051.00,0.8925,0.575,0.655,0.7625,0.6425,0.5475,0.7625,0.785,0.725,0.8625,0.6425,0.785,0.475,0.7625,0.7375,0.25,0.1425,0.12,0.1425,0.775,0.785,0.0725,0.1425,0.6675,0.5725,0.8225,0.7625,0.655,0.19,0.405,0.5475,0.5,0.775,0.6775,0.5725,0.6375,0.5825,0.625,0.42,0.55,0.6075
17-2051.01,0.8075,0.5,0.715,0.56,0.715,0.58,0.7725,0.8175,0.785,0.9425,0.67,0.7625,0.5675,0.7375,0.7625,0.2725,0.1825,0.1475,0.3075,0.8625,0.715,0.125,0.2375,0.7725,0.69,0.875,0.795,0.7625,0.33,0.41,0.6375,0.775,0.715,0.725,0.6675,0.67,0.6825,0.7375,0.4325,0.465,0.545
17-2061.00,0.8525,0.595,0.7425,0.5275,0.7575,0.5725,0.8275,0.785,0.8625,0.915,0.845,0.87,0.66,0.5925,0.725,0.165,0.1725,0.345,0.12,0.965,0.705,0.115,0.6025,0.7425,0.66,0.8125,0.51,0.5775,0.275,0.32,0.465,0.1725,0.5775,0.625,0.5425,0.525,0.4825,0.66,0.385,0.3575,0.4575
17-2071.00,0.83,0.7125,0.7475,0.4725,0.57,0.6575,0.7325,0.81,0.83,0.9675,0.8025,0.8775,0.6275,0.895,0.835,0.325,0.245,0.3,0.3225,0.98,0.8425,0.18,0.465,0.885,0.6625,0.7925,0.685,0.6425,0.3,0.19,0.48,0.2,0.6825,0.5775,0.585,0.4175,0.5675,0.63,0.41,0.33,0.5975
17-2072.00,0.775,0.62,0.725,0.515,0.5275,0.48,0.74,0.6825,0.8425,0.79,0.71,0.6725,0.5825,0.5125,0.595,0.28,0.335,0.6025,0.24,0.885,0.8225,0.425,0.6575,0.715,0.655,0.7025,0.635,0.63,0.2725,0.3225,0.3225,0.0625,0.38,0.505,0.4775,0.3125,0.405,0.5525,0.3225,0.1875,0.4625
17-2072.01,0.77,0.735,0.745,0.5175,0.5825,0.565,0.7175,0.67,0.67,0.91,0.83,0.7625,0.69,0.6125,0.7375,0.255,0.265,0.4325,0.22,0.995,0.5375,0.1625,0.42,0.68,0.63,0.7925,0.72,0.785,0.3,0.5675,0.5225,0.3475,0.56,0.55,0.485,0.435,0.4475,0.6425,0.4925,0.3325,0.4525
17-2081.00,0.845,0.7875,0.7375,0.7025,0.6675,0.6425,0.7375,0.785,0.81,0.8325,0.6775,0.715,0.7375,0.69,0.7625,0.345,0.2375,0.285,0.3,0.845,0.725,0.225,0.215,0.6775,0.725,0.775,0.69,0.69,0.4125,0.4375,0.5825,0.63,0.715,0.6675,0.62,0.6775,0.6075,0.725,0.44,0.5475,0.6425
17-2111.00,0.8475,0.6875,0.77,0.795,0.6225,0.615,0.735,0.8775,0.74,0.8225,0.635,0.7525,0.63,0.6025,0.755,0.4175,0.365,0.33,0.405,0.7175,0.4175,0.255,0.25,0.77,0.7525,0.8175,0.6975,0.705,0.495,0.5425,0.605,0.3425,0.565,0.59,0.75,0.62,0.65,0.74,0.5725,0.36,0.49
17-2111.02,0.8375,0.62,0.73,0.71,0.6925,0.59,0.75,0.91,0.72,0.87,0.6825,0.845,0.595,0.68,0.73,0.32,0.1925,0.1625,0.23,0.7975,0.7975,0.145,0.2,0.7025,0.72,0.74,0.7875,0.73,0.27,0.51,0.595,0.385,0.57,0.605,0.64,0.635,0.645,0.73,0.48,0.45,0.4175
17-2112.00,0.8025,0.7175,0.735,0.605,0.655,0.565,0.73,0.6675,0.7275,0.8525,0.755,0.715,0.57,0.4875,0.685,0.41,0.3525,0.5425,0.305,0.83,0.675,0.365,0.3575,0.635,0.6025,0.76,0.5825,0.645,0.2575,0.3475,0.375,0.0925,0.4625,0.465,0.5275,0.3725,0.41,0.515,0.48,0.22,0.395
17-2112.01,0.8875,0.675,0.8625,0.6,0.6625,0.6375,0.7625,0.7125,0.8025,0.8675,0.7125,0.775,0.725,0.5,0.675,0.425,0.325,0.325,0.2775,0.8025,0.3625,0.1375,0.1625,0.6975,0.7225,0.85,0.565,0.7375,0.3375,0.5125,0.5125,0.2625,0.55,0.6325,0.7375,0.525,0.55,0.7375,0.5375,0.25,0.46
17-2112.02,0.8875,0.8,0.8375,0.7875,0.7125,0.7375,0.825,0.975,0.855,0.855,0.4725,0.7375,0.5375,0.5375,0.6625,0.2375,0.25,0.4725,0.0825,0.82,0.375,0.2,0.2375,0.8825,0.775,0.825,0.625,0.7,0.1975,0.375,0.565,0.21,0.5125,0.575,0.5625,0.4625,0.5125,0.645,0.4725,0.2625,0.4375
17-2112.03,0.8375,0.77,0.78,0.6625,0.6625,0.655,0.7975,0.635,0.8025,0.875,0.7125,0.6825,0.56,0.5375,0.72,0.385,0.3175,0.5575,0.27,0.82,0.76,0.46,0.365,0.75,0.635,0.8075,0.48,0.72,0.3375,0.49,0.53,0.105,0.5575,0.61,0.5575,0.52,0.5,0.5875,0.49,0.3275,0.4425
17-2121.00,0.805,0.53,0.7075,0.69,0.5425,0.5425,0.7075,0.805,0.765,0.7775,0.6775,0.735,0.555,0.6525,0.6525,0.4725,0.305,0.485,0.4175,0.75,0.625,0.39,0.305,0.75,0.6175,0.645,0.67,0.6325,0.3425,0.355,0.46,0.4475,0.4875,0.4725,0.5125,0.4725,0.435,0.695,0.42,0.2625,0.42
17-2131.00,0.845,0.81,0.8225,0.7975,0.715,0.655,0.7375,0.6425,0.8575,0.8575,0.7975,0.845,0.6675,0.62,0.725,0.31,0.3325,0.475,0.2025,0.775,0.5475,0.3925,0.4275,0.7625,0.69,0.7,0.675,0.6425,0.345,0.5125,0.475,0.345,0.65,0.6425,0.69,0.69,0.63,0.62,0.5,0.475,0.535
17-2141.00,0.8475,0.74,0.805,0.6475,0.5925,0.54,0.615,0.855,0.6875,0.8925,0.865,0.8075,0.58,0.52,0.7675,0.3375,0.2825,0.4725,0.225,0.93,0.955,0.38,0.3225,0.735,0.7175,0.79,0.56,0.535,0.4075,0.3125,0.42,0.21,0.555,0.5175,0.53,0.44,0.445,0.5425,0.4025,0.1725,0.2575
17-2141.01,0.785,0.715,0.705,0.715,0.6925,0.595,0.775,0.55,0.84,0.84,0.715,0.795,0.6375,0.58,0.715,0.33,0.3075,0.545,0.285,0.75,0.5675,0.455,0.4775,0.7025,0.725,0.7725,0.545,0.5675,0.2725,0.3525,0.41,0.1375,0.535,0.6025,0.625,0.4875,0.56,0.6025,0.38,0.3525,0.5125
17-2141.02,0.8575,0.54,0.69,0.6625,0.6775,0.63,0.8325,0.8325,0.8575,0.8925,0.69,0.7375,0.575,0.6425,0.75,0.2625,0.2625,0.3575,0.5825,0.9275,0.595,0.31,0.3575,0.775,0.7025,0.75,0.6075,0.655,0.31,0.4525,0.5725,0.1375,0.5475,0.6075,0.5825,0.5475,0.56,0.56,0.44,0.275,0.44
17-2151.00,0.85,0.7475,0.7925,0.455,0.6675,0.6,0.825,0.815,0.8225,0.9275,0.635,0.7125,0.6375,0.615,0.7625,0.3075,0.22,0.28,0.2775,0.9375,0.535,0.0975,0.15,0.7875,0.7725,0.87,0.6425,0.76,0.2675,0.4475,0.63,0.255,0.7175,0.6675,0.69,0.5575,0.5425,0.7425,0.565,0.2325,0.5025
17-2161.00,0.845,0.75,0.8,0.65,0.6775,0.6075,0.8125,0.9625,0.8575,0.845,0.6775,0.75,0.5875,0.56,0.6075,0.2,0.175,0.405,0.2025,0.875,0.55,0.25,0.2975,0.7125,0.75,0.825,0.6075,0.6125,0.3225,0.4125,0.535,0.215,0.575,0.56,0.6675,0.595,0.575,0.69,0.3575,0.3575,0.465
17-2171.00,0.85,0.5825,0.8425,0.43,0.6925,0.6725,0.8,0.6025,0.895,0.8725,0.7775,0.7375,0.775,0.6925,0.795,0.135,0.09,0.14,0.09,0.8575,0.455,0.1025,0.1325,0.68,0.685,0.775,0.775,0.7525,0.275,0.4575,0.64,0.0975,0.685,0.5925,0.3775,0.555,0.4075,0.6675,0.445,0.355,0.5975
17-2199.03,0.8325,0.6925,0.715,0.7725,0.6825,0.66,0.795,0.715,0.8625,0.84,0.8175,0.8225,0.6375,0.66,0.705,0.3525,0.16,0.2275,0.205,0.875,0.4875,0.295,0.2725,0.7375,0.7625,0.83,0.7975,0.7275,0.2625,0.545,0.5225,0.3625,0.595,0.705,0.6125,0.59,0.6475,0.7375,0.455,0.41,0.535
17-2199.05,0.905,0.74,0.7225,0.57,0.565,0.4175,0.655,0.66,0.615,0.88,0.7975,0.705,0.585,0.605,0.6725,0.235,0.1675,0.435,0.1525,0.9825,0.85,0.3625,0.455,0.8075,0.555,0.73,0.645,0.6675,0.2825,0.2475,0.4075,0.165,0.4925,0.5075,0.5375,0.4375,0.4675,0.55,0.41,0.2825,0.28
17-2199.06,0.85,0.6425,0.69,0.635,0.62,0.4675,0.745,0.6275,0.75,0.8575,0.75,0.735,0.555,0.4975,0.6925,0.375,0.3775,0.49,0.1825,0.855,0.7475,0.34,0.55,0.7175,0.5575,0.7375,0.6475,0.7725,0.3075,0.3075,0.3125,0.09,0.3675,0.41,0.4125,0.405,0.4225,0.5325,0.285,0.265,0.355
17-2199.07,0.8375,0.5975,0.7075,0.5875,0.6525,0.425,0.7925,0.6425,0.8375,0.87,0.7925,0.76,0.4675,0.575,0.63,0.2275,0.315,0.5225,0.1625,0.8875,0.7075,0.2825,0.4675,0.76,0.6375,0.6925,0.575,0.5675,0.25,0.3375,0.37,0.1025,0.4425,0.5,0.4675,0.465,0.42,0.5,0.2825,0.2725,0.4025
17-2199.08,0.875,0.75,0.775,0.7175,0.63,0.5675,0.7825,0.7175,0.8325,0.9075,0.8675,0.8425,0.665,0.6825,0.7175,0.3325,0.3925,0.7425,0.3325,0.9425,0.8075,0.6025,0.65,0.7575,0.6375,0.725,0.565,0.62,0.3525,0.3825,0.55,0.1925,0.63,0.6175,0.6425,0.5575,0.525,0.5825,0.4175,0.2675,0.45
17-2199.09,0.8325,0.775,0.7625,0.75,0.725,0.5825,0.8,0.5125,0.905,0.87,0.8225,0.775,0.655,0.56,0.63,0.3225,0.38,0.7375,0.275,0.8,0.56,0.375,0.475,0.7375,0.69,0.785,0.62,0.56,0.3925,0.4175,0.38,0.2975,0.4875,0.6075,0.725,0.5825,0.62,0.7025,0.4625,0.3575,0.475
17-3011.00,0.84,0.5325,0.635,0.405,0.5775,0.4325,0.6575,0.83,0.62,0.7425,0.7075,0.71,0.4575,0.5525,0.6725,0.18,0.11,0.115,0.1475,0.9425,0.895,0.04,0.15,0.6675,0.5,0.7225,0.5925,0.57,0.2325,0.275,0.4,0.2825,0.48,0.4175,0.395,0.4175,0.355,0.4975,0.335,0.185,0.185
17-3012.00,0.8875,0.3925,0.675,0.3825,0.605,0.425,0.6975,0.75,0.5925,0.6975,0.5325,0.7475,0.4725,0.6,0.8,0.19,0.17,0.27,0.17,0.94,0.915,0.2,0.3725,0.695,0.5575,0.8425,0.5675,0.6175,0.3125,0.12,0.3625,0.1925,0.4375,0.39,0.4375,0.2075,0.34,0.305,0.4025,0.1,0.18
17-3013.00,0.8075,0.6775,0.625,0.5675,0.535,0.4875,0.6025,0.6125,0.5675,0.695,0.755,0.6775,0.4575,0.46,0.605,0.255,0.2425,0.345,0.2425,0.93,0.9275,0.2775,0.19,0.665,0.54,0.73,0.515,0.515,0.2675,0.2,0.2725,0.1475,0.405,0.2625,0.3475,0.3475,0.335,0.4125,0.475,0.0625,0.205
17-3021.00,0.91,0.885,0.8825,0.6525,0.7225,0.695,0.7325,0.8025,0.715,0.82,0.5525,0.745,0.465,0.675,0.6225,0.345,0.4125,0.5125,0.325,0.855,0.515,0.4,0.56,0.8525,0.53,0.82,0.6475,0.735,0.29,0.3475,0.335,0.01,0.515,0.485,0.4375,0.295,0.3525,0.43,0.345,0.1575,0.475
17-3022.00,0.87,0.7,0.78,0.4925,0.6575,0.44,0.825,0.8,0.6775,0.71,0.5825,0.695,0.37,0.5975,0.7475,0.255,0.195,0.1775,0.445,0.8625,0.665,0.15,0.17,0.665,0.655,0.7775,0.67,0.675,0.2775,0.24,0.525,0.425,0.43,0.37,0.335,0.36,0.3575,0.57,0.4825,0.1625,0.2525
17-3023.00,0.7975,0.6675,0.705,0.72,0.5825,0.55,0.7075,0.7475,0.68,0.81,0.645,0.7275,0.4475,0.585,0.6775,0.4725,0.4825,0.5725,0.3525,0.855,0.6425,0.435,0.7025,0.7275,0.565,0.755,0.575,0.6225,0.375,0.3125,0.4,0.27,0.505,0.48,0.5675,0.4425,0.46,0.505,0.46,0.2075,0.425
17-3024.00,0.715,0.77,0.6625,0.7375,0.4625,0.5375,0.685,0.695,0.665,0.73,0.59,0.6575,0.4475,0.4675,0.6975,0.5825,0.53,0.76,0.43,0.8225,0.565,0.625,0.8125,0.78,0.51,0.7825,0.445,0.6475,0.3775,0.2625,0.32,0.215,0.505,0.485,0.56,0.395,0.49,0.5325,0.4375,0.1875,0.33
17-3024.01,0.785,0.785,0.795,0.715,0.5675,0.6475,0.6025,0.75,0.66,0.785,0.66,0.705,0.4425,0.58,0.6925,0.545,0.56,0.7625,0.465,0.8975,0.6825,0.67,0.84,0.705,0.6075,0.775,0.5125,0.6125,0.25,0.2375,0.3175,0.0675,0.475,0.4175,0.56,0.4175,0.465,0.58,0.42,0.2275,0.3575
17-3025.00,0.7575,0.6025,0.6,0.6875,0.415,0.53,0.6175,0.7175,0.63,0.6475,0.4725,0.6,0.4225,0.4925,0.5725,0.4425,0.385,0.4275,0.5325,0.6875,0.4025,0.385,0.3475,0.7275,0.5075,0.7775,0.5,0.5725,0.34,0.2225,0.465,0.4325,0.4825,0.34,0.41,0.3175,0.3375,0.4275,0.3425,0.145,0.3275
17-3026.00,0.715,0.685,0.6175,0.66,0.5925,0.545,0.5825,0.55,0.62,0.79,0.7525,0.7225,0.5175,0.5225,0.68,0.5225,0.61,0.58,0.4375,0.71,0.7625,0.59,0.455,0.6275,0.4925,0.7325,0.515,0.5975,0.2875,0.245,0.31,0.1675,0.4925,0.445,0.54,0.475,0.4475,0.465,0.3425,0.1725,0.37
17-3026.01,0.855,0.765,0.7775,0.7775,0.6325,0.5275,0.79,0.6575,0.8325,0.8025,0.6575,0.7375,0.57,0.67,0.7375,0.42,0.395,0.72,0.375,0.8825,0.5125,0.685,0.645,0.815,0.695,0.735,0.565,0.6575,0.4875,0.3425,0.4075,0.315,0.54,0.4475,0.855,0.58,0.6175,0.6625,0.4475,0.355,0.54
17-3027.00,0.84,0.695,0.77,0.7925,0.675,0.5475,0.755,0.765,0.705,0.79,0.64,0.7225,0.56,0.585,0.7325,0.51,0.495,0.6,0.525,0.705,0.7525,0.6175,0.45,0.8,0.73,0.79,0.6625,0.7025,0.3225,0.325,0.44,0.2675,0.55,0.5,0.58,0.4875,0.4775,0.5325,0.3625,0.2075,0.32
17-3027.01,0.76,0.695,0.675,0.74,0.5,0.49,0.685,0.685,0.695,0.76,0.63,0.7225,0.4175,0.575,0.63,0.5675,0.64,0.6025,0.75,0.87,0.5475,0.6675,0.6625,0.805,0.5675,0.7875,0.49,0.5475,0.2675,0.26,0.375,0.24,0.49,0.49,0.5925,0.445,0.4425,0.425,0.445,0.2775,0.3975
17-3029.01,0.88,0.84,0.7625,0.955,0.7275,0.75,0.785,0.9425,0.8075,0.81,0.625,0.7375,0.63,0.5825,0.655,0.5575,0.6025,0.7375,0.56,0.785,0.6125,0.4775,0.5125,0.875,0.6425,0.7375,0.715,0.6475,0.4325,0.375,0.56,0.4275,0.58,0.59,0.7625,0.5675,0.69,0.625,0.535,0.4325,0.5
17-3029.08,0.795,0.7375,0.75,0.785,0.5125,0.5225,0.7275,0.6925,0.6125,0.7625,0.545,0.67,0.41,0.5675,0.625,0.535,0.655,0.75,0.3525,0.75,0.41,0.5,0.5575,0.75,0.5,0.715,0.455,0.59,0.2375,0.2625,0.4325,0.2275,0.4875,0.41,0.465,0.3875,0.455,0.41,0.4875,0.2725,0.4775
17-3031.00,0.785,0.4175,0.6125,0.38,0.47,0.42,0.68,0.63,0.6825,0.655,0.4575,0.665,0.4075,0.5175,0.61,0.47,0.3325,0.4675,0.375,0.8825,0.5775,0.255,0.355,0.79,0.56,0.6975,0.52,0.49,0.2325,0.1875,0.3275,0.26,0.4725,0.38,0.48,0.3675,0.38,0.4125,0.4125,0.155,0.28
19-1011.00,0.8575,0.7275,0.76,0.445,0.6625,0.675,0.8375,0.6525,0.8875,0.8575,0.81,0.815,0.7275,0.6125,0.7275,0.3975,0.2725,0.37,0.4425,0.87,0.195,0.195,0.2175,0.75,0.815,0.75,0.7725,0.76,0.425,0.6125,0.555,0.455,0.575,0.675,0.7725,0.6075,0.6025,0.7725,0.425,0.3575,0.5325
19-1012.00,0.8525,0.7375,0.8075,0.59,0.6425,0.5675,0.7625,0.84,0.7725,0.8175,0.795,0.75,0.545,0.5675,0.7725,0.4875,0.5125,0.5675,0.33,0.715,0.33,0.2625,0.33,0.8875,0.7025,0.8325,0.6025,0.7275,0.3525,0.41,0.545,0.2375,0.6075,0.6475,0.625,0.59,0.6475,0.725,0.5225,0.3975,0.535
19-1013.00,0.8,0.69,0.75,0.525,0.7375,0.595,0.8225,0.6875,0.87,0.8225,0.7625,0.8325,0.715,0.7025,0.75,0.525,0.3925,0.37,0.5,0.905,0.2625,0.37,0.31,0.8,0.7625,0.7975,0.725,0.6075,0.405,0.44,0.465,0.5475,0.595,0.56,0.6675,0.6425,0.5825,0.6675,0.475,0.3925,0.535
19-1021.00,0.925,0.8375,0.8875,0.75,0.825,0.7375,0.925,0.6325,0.9875,0.925,0.9375,0.9375,0.83,0.6375,0.775,0.3375,0.4375,0.6125,0.2875,0.9175,0.525,0.3875,0.605,0.9375,0.875,0.8375,0.6175,0.65,0.4,0.395,0.4125,0.2375,0.565,0.58,0.7875,0.7125,0.6875,0.5875,0.5625,0.4125,0.58
19-1022.00,0.8175,0.7725,0.75,0.6025,0.6775,0.6075,0.785,0.8075,0.83,0.75,0.69,0.7375,0.62,0.6925,0.8075,0.3975,0.5125,0.6825,0.3075,0.84,0.3975,0.3625,0.3625,0.8175,0.7375,0.795,0.6375,0.6475,0.3625,0.2625,0.3975,0.295,0.535,0.5225,0.6375,0.5675,0.5225,0.5,0.5575,0.4875,0.6925
19-1023.00,0.8475,0.725,0.795,0.5175,0.635,0.615,0.7475,0.7125,0.74,0.835,0.72,0.755,0.7275,0.7125,0.8025,0.4925,0.3975,0.4275,0.7,0.8625,0.3125,0.3625,0.155,0.715,0.69,0.845,0.865,0.83,0.4025,0.4025,0.6275,0.78,0.6325,0.66,0.56,0.5375,0.5175,0.72,0.6125,0.425,0.575
19-1029.01,0.86,0.645,0.8425,0.42,0.6275,0.5875,0.8825,0.3175,0.9425,0.89,0.925,0.8725,0.69,0.6075,0.73,0.12,0.1625,0.2125,0.0175,0.9825,0.3025,0.1125,0.2525,0.69,0.7975,0.7225,0.79,0.6675,0.29,0.37,0.4525,0.185,0.6075,0.555,0.6175,0.65,0.5075,0.505,0.375,0.335,0.535
19-1029.02,0.875,0.6825,0.7975,0.615,0.68,0.645,0.845,0.6,0.88,0.8375,0.8175,0.85,0.73,0.64,0.77,0.345,0.405,0.49,0.1625,0.84,0.27,0.26,0.27,0.875,0.7,0.8175,0.64,0.6625,0.395,0.28,0.4425,0.25,0.49,0.5675,0.73,0.615,0.645,0.5475,0.51,0.405,0.5575
19-1029.03,0.95,0.59,0.74,0.39,0.63,0.43,0.855,0.5,0.89,0.86,0.78,0.88,0.73,0.55,0.79,0.17,0.37,0.365,0.09,0.845,0.16,0.17,0.28,0.895,0.75,0.78,0.69,0.64,0.42,0.25,0.41,0.29,0.55,0.61,0.77,0.67,0.62,0.575,0.49,0.38,0.54
19-1029.04,0.88,0.755,0.825,0.6075,0.905,0.7475,0.9675,0.6725,0.8725,0.945,0.76,0.9075,0.815,0.7375,0.8725,0.5575,0.555,0.5125,0.4575,0.9125,0.39,0.3125,0.345,0.7875,0.815,0.875,0.6125,0.775,0.47,0.3925,0.57,0.365,0.7175,0.6375,0.7525,0.645,0.57,0.495,0.6225,0.3525,0.6475
19-1031.00,0.8575,0.695,0.6475,0.5,0.62,0.6075,0.75,0.7925,0.875,0.795,0.62,0.76,0.555,0.685,0.76,0.705,0.5,0.4125,0.575,0.8575,0.4125,0.195,0.26,0.785,0.76,0.7925,0.7275,0.7275,0.4775,0.455,0.535,0.6375,0.6425,0.5325,0.62,0.575,0.575,0.62,0.575,0.3925,0.51
19-1031.02,0.78,0.8225,0.705,0.6725,0.6725,0.53,0.675,0.75,0.78,0.8575,0.7625,0.815,0.805,0.68,0.755,0.725,0.57,0.4825,0.75,0.6775,0.33,0.455,0.25,0.7225,0.6425,0.9,0.7675,0.84,0.385,0.36,0.8225,0.795,0.6525,0.665,0.53,0.555,0.5325,0.45,0.6575,0.395,0.5725
19-1031.03,0.7875,0.5475,0.7125,0.4825,0.495,0.5825,0.6675,0.555,0.5475,0.6725,0.8325,0.7725,0.5775,0.745,0.695,0.5125,0.4275,0.3325,0.48,0.85,0.2475,0.2875,0.2,0.745,0.805,0.865,0.8375,0.8375,0.42,0.525,0.63,0.975,0.6925,0.6675,0.77,0.6275,0.67,0.585,0.6375,0.5725,0.68
19-1032.00,0.76,0.81,0.72,0.76,0.6775,0.69,0.71,0.8075,0.73,0.87,0.57,0.615,0.665,0.7775,0.785,0.6925,0.5175,0.5275,0.7075,0.7375,0.4575,0.3925,0.28,0.8325,0.7125,0.84,0.835,0.785,0.34,0.41,0.62,0.68,0.685,0.62,0.51,0.4925,0.49,0.615,0.7775,0.3975,0.645
19-1041.00,0.8825,0.565,0.765,0.21,0.68,0.4175,0.895,0.61,0.9875,0.9075,0.7775,0.8825,0.695,0.625,0.75,0.0825,0.08,0.0925,0.08,0.895,0.08,0.0275,0.0525,0.7775,0.895,0.82,0.855,0.75,0.355,0.4075,0.445,0.555,0.64,0.7225,0.695,0.5825,0.6175,0.67,0.485,0.42,0.485
19-1042.00,0.8175,0.565,0.7675,0.585,0.7575,0.4775,0.765,0.535,0.785,0.815,0.83,0.895,0.5675,0.6725,0.775,0.27,0.1875,0.3075,0.3375,0.8125,0.2,0.2825,0.2175,0.7675,0.6575,0.8675,0.34,0.705,0.415,0.1975,0.215,0.09,0.4825,0.62,0.6375,0.45,0.5325,0.5775,0.375,0.2175,0.3025
19-2011.00,0.9575,0.3925,0.7925,0.37,0.75,0.435,0.9125,0.4125,0.9675,0.8525,0.7925,0.8925,0.63,0.5325,0.695,0.2075,0.2275,0.2725,0.1075,0.9775,0.25,0.2175,0.26,0.75,0.695,0.7275,0.66,0.62,0.38,0.2725,0.285,0.3325,0.5,0.5,0.6425,0.5,0.5,0.435,0.3475,0.2175,0.315
19-2012.00,0.8825,0.655,0.8225,0.45,0.705,0.6425,0.8475,0.64,0.8975,0.835,0.785,0.835,0.6675,0.55,0.6775,0.165,0.23,0.3325,0.09,0.8925,0.4025,0.145,0.2325,0.7875,0.695,0.7625,0.6875,0.5825,0.345,0.3575,0.33,0.27,0.495,0.4675,0.5875,0.4225,0.5225,0.585,0.3325,0.18,0.47
19-2021.00,0.9,0.525,0.675,0.325,0.5275,0.6,0.8125,0.5125,0.9375,0.775,0.71,0.8125,0.55,0.565,0.7,0.125,0.1,0.225,0.075,0.9475,0.1975,0.1575,0.2375,0.6125,0.8025,0.7125,0.75,0.6375,0.25,0.2,0.3625,0.45,0.54,0.575,0.6125,0.525,0.5125,0.55,0.3875,0.325,0.29
19-2031.00,0.775,0.6875,0.77,0.68,0.64,0.595,0.72,0.7375,0.7975,0.7725,0.585,0.76,0.5525,0.6275,0.695,0.505,0.515,0.565,0.26,0.705,0.3875,0.425,0.34,0.8475,0.69,0.7275,0.4725,0.5375,0.3775,0.4125,0.485,0.13,0.55,0.5875,0.6175,0.465,0.5175,0.5,0.375,0.3775,0.5075
19-2032.00,0.845,0.83,0.75,0.715,0.6625,0.5475,0.845,0.715,0.845,0.8325,0.7625,0.7975,0.525,0.56,0.6425,0.2375,0.2975,0.4525,0.0825,0.7975,0.405,0.3125,0.275,0.7625,0.7375,0.75,0.6675,0.6075,0.285,0.3575,0.3325,0.25,0.5125,0.5725,0.62,0.56,0.5475,0.5125,0.3575,0.3575,0.4525
19-2041.00,0.89,0.79,0.8375,0.615,0.6425,0.4475,0.765,0.91,0.8525,0.815,0.505,0.7825,0.44,0.6525,0.6925,0.4175,0.16,0.1875,0.355,0.855,0.2725,0.165,0.1725,0.7475,0.7425,0.815,0.8525,0.7525,0.2175,0.2775,0.535,0.5325,0.46,0.515,0.51,0.5125,0.5125,0.63,0.4025,0.255,0.3025
19-2042.00,0.9225,0.6725,0.845,0.355,0.5975,0.5575,0.83,0.5775,0.92,0.7975,0.8125,0.835,0.655,0.5675,0.7575,0.4325,0.3675,0.3275,0.4175,0.86,0.3525,0.25,0.2425,0.7575,0.7575,0.8475,0.75,0.72,0.2575,0.38,0.4525,0.46,0.61,0.5475,0.72,0.58,0.565,0.645,0.46,0.3525,0.485
19-2043.00,0.91,0.75,0.795,0.4425,0.67,0.5225,0.795,0.58,0.955,0.8625,0.7375,0.785,0.67,0.59,0.7025,0.3875,0.3175,0.285,0.34,0.91,0.285,0.2625,0.3975,0.8175,0.795,0.75,0.715,0.6475,0.2275,0.3875,0.4425,0.42,0.59,0.5575,0.5675,0.6025,0.5225,0.625,0.33,0.3875,0.465
19-2099.01,0.865,0.6675,0.77,0.4475,0.75,0.6,0.895,0.72,0.89,0.8325,0.78,0.79,0.68,0.66,0.77,0.26,0.19,0.39,0.26,0.95,0.36,0.14,0.36,0.8025,0.82,0.7925,0.68,0.63,0.17,0.31,0.38,0.355,0.55,0.62,0.69,0.565,0.54,0.605,0.5,0.39,0.48
19-3011.00,0.9375,0.395,0.6775,0.0725,0.6975,0.5625,0.9125,0.545,0.98,0.7825,0.78,0.8575,0.5975,0.4775,0.695,0.02,0.02,0.03,0,0.9375,0.03,0.01,0.0525,0.625,0.865,0.815,0.7925,0.6075,0.1825,0.395,0.395,0.345,0.4375,0.47,0.685,0.51,0.575,0.6425,0.38,0.27,0.2725
19-3022.00,0.8275,0.54,0.62,0.24,0.71,0.48,0.92,0.59,0.92,0.85,0.74,0.77,0.7025,0.68,0.7975,0.095,0.115,0.15,0.03,0.94,0.07,0.0475,0.115,0.75,0.8275,0.78,0.8075,0.74,0.2875,0.3275,0.4525,0.42,0.655,0.645,0.645,0.595,0.5775,0.655,0.52,0.4625,0.5675
19-3032.00,0.9325,0.4525,0.6625,0.0675,0.47,0.7125,0.87,0.74,0.9,0.92,0.66,0.84,0.78,0.565,0.84,0.1,0.05,0.06,0,0.89,0,0,0.02,0.72,0.905,0.885,0.76,0.91,0.355,0.6,0.6,0.26,0.65,0.73,0.79,0.65,0.83,0.94,0.5,0.6775,0.45
19-3033.00,0.84,0.56,0.62,0.15,0.18,0.73,0.73,0.76,0.76,0.905,0.72,0.8325,0.6675,0.66,0.69,0.0825,0.11,0.075,0.07,0.57,0.05,0.02,0.03,0.85,0.75,0.6875,0.54,0.92,0.9,0.2925,0.73,0.59,0.34,0.5,0.63,0.47,0.6425,0.74,0.58,0.22,0.2
19-3034.00,0.8825,0.7875,0.7375,0.135,0.1425,0.3025,0.4325,0.4575,0.67,0.7075,0.57,0.6225,0.4175,0.415,0.6825,0.0325,0.0675,0.06,0.095,0.5325,0.03,0.03,0.03,0.51,0.69,0.8025,0.65,0.7975,0.62,0.2,0.545,0.265,0.4725,0.5725,0.565,0.3825,0.505,0.595,0.5125,0.1875,0.2325
19-3039.02,0.95,0.66,0.76,0.375,0.49,0.72,0.96,0.66,0.91,0.91,0.5825,0.91,0.59,0.59,0.73,0.16,0.3125,0.26,0.02,0.77,0.11,0.07,0.14,0.9,0.89,0.68,0.76,0.82,0.82,0.22,0.48,0.605,0.51,0.4575,0.68,0.47,0.53,0.74,0.5825,0.3125,0.4275
19-3039.03,0.9575,0.75,0.875,0.3125,0.5525,0.75,0.9375,0.615,0.9575,0.875,0.5725,0.855,0.555,0.51,0.72,0.1775,0.26,0.155,0.0525,0.7925,0.105,0.03,0.0725,0.9375,0.9475,0.8225,0.7925,0.78,0.885,0.24,0.49,0.6425,0.4475,0.4675,0.8025,0.605,0.605,0.78,0.51,0.3025,0.3025
19-3041.00,0.9625,0.5525,0.75,0.2125,0.6375,0.6975,0.9075,0.5,0.9475,0.7375,0.8375,0.875,0.6625,0.565,0.75,0.125,0.0625,0.1125,0.05,0.8425,0.0125,0,0.0625,0.7625,0.9125,0.7375,0.725,0.725,0.3375,0.3025,0.435,0.5275,0.5875,0.4625,0.825,0.5125,0.5625,0.565,0.4875,0.325,0.3875
19-3051.00,0.91,0.51,0.67,0.11,0.58,0.58,0.8025,0.86,0.83,0.9,0.8,0.84,0.88,0.68,0.8125,0.11,0.07,0.03,0.15,0.77,0.15,0.01,0.02,0.59,0.82,0.87,0.9,0.82,0.28,0.51,0.81,0.81,0.77,0.7925,0.49,0.6,0.52,0.64,0.52,0.49,0.56
19-3091.00,0.95,0.5925,0.8425,0.2,0.4725,0.695,0.825,0.4,0.8625,0.725,0.7875,0.85,0.65,0.5875,0.6875,0.3125,0.3,0.1875,0.175,0.8375,0.065,0.065,0.14,0.8675,0.875,0.7625,0.7375,0.8375,0.3,0.3125,0.475,0.5,0.5375,0.475,0.8125,0.5375,0.5875,0.5625,0.4625,0.355,0.4625
19-3092.00,0.8625,0.525,0.7375,0.225,0.5125,0.5875,0.875,0.5625,0.895,0.7375,0.75,0.8125,0.6575,0.5125,0.71,0.3125,0.2625,0.25,0.1325,0.8875,0.2875,0.1,0.2,0.775,0.8,0.75,0.605,0.6875,0.3,0.2375,0.425,0.6175,0.5,0.4725,0.685,0.375,0.45,0.5375,0.395,0.2625,0.325
19-3093.00,0.9025,0.565,0.875,0.3,0.46,0.69,0.785,0.57,0.625,0.6575,0.5175,0.6125,0.55,0.4875,0.5475,0.215,0.36,0.115,0.1275,0.8275,0.1375,0.055,0.0625,0.76,0.7475,0.7125,0.765,0.7425,0.1925,0.33,0.4225,0.49,0.4775,0.495,0.4025,0.2575,0.29,0.4025,0.525,0.185,0.49
19-3094.00,0.9475,0.64,0.88,0.12,0.635,0.76,0.9,0.5575,0.95,0.72,0.8075,0.9225,0.615,0.56,0.7125,0.0375,0.0675,0.115,0.0375,0.8,0.01,0.0375,0.0775,0.69,0.885,0.78,0.7125,0.63,0.3375,0.28,0.375,0.375,0.44,0.385,0.87,0.46,0.58,0.615,0.44,0.3375,0.3275
19-3099.01,0.9375,0.575,0.7375,0.225,0.675,0.55,0.8375,0.7125,0.9,0.8325,0.7625,0.8125,0.7875,0.565,0.7375,0.1375,0.125,0.075,0.1625,0.8625,0.2625,0.0525,0.0625,0.675,0.8375,0.8125,0.8375,0.7625,0.375,0.575,0.645,0.6,0.6625,0.6875,0.575,0.625,0.6325,0.7,0.5375,0.55,0.525
19-4012.00,0.68,0.64,0.71,0.615,0.435,0.4375,0.67,0.5225,0.6,0.6675,0.4675,0.6525,0.475,0.61,0.6675,0.68,0.6575,0.57,0.77,0.5625,0.365,0.645,0.4675,0.7075,0.4325,0.7,0.5,0.625,0.4075,0.2225,0.4025,0.37,0.4225,0.3525,0.45,0.425,0.3275,0.4,0.385,0.24,0.435
19-4012.01,0.825,0.655,0.6425,0.5325,0.5325,0.5425,0.63,0.6125,0.7725,0.7625,0.66,0.76,0.565,0.63,0.5975,0.565,0.4575,0.5425,0.7275,0.8575,0.4675,0.4575,0.5,0.695,0.7075,0.7175,0.74,0.685,0.4775,0.6625,0.5225,0.5225,0.4575,0.5425,0.5975,0.4575,0.5325,0.6525,0.435,0.2725,0.435
19-4013.00,0.73,0.82,0.78,0.6475,0.4225,0.575,0.495,0.7525,0.6725,0.6375,0.41,0.6525,0.355,0.335,0.6275,0.305,0.3,0.5225,0.17,0.805,0.145,0.1875,0.3475,0.79,0.4325,0.785,0.345,0.5475,0.4975,0.325,0.4525,0.2275,0.6375,0.535,0.825,0.5925,0.67,0.445,0.5675,0.3225,0.535
19-4021.00,0.7975,0.6725,0.8475,0.6,0.635,0.2475,0.9025,0.5425,0.86,0.7525,0.5475,0.735,0.55,0.5125,0.7,0.415,0.67,0.5175,0.25,0.775,0.1175,0.2,0.3375,0.9125,0.5725,0.745,0.3625,0.5725,0.2025,0.0475,0.3075,0.4025,0.365,0.2825,0.45,0.2325,0.2275,0.2775,0.3025,0.095,0.3475
19-4031.00,0.765,0.8325,0.715,0.8075,0.5925,0.675,0.8325,0.77,0.75,0.8175,0.4375,0.685,0.4725,0.505,0.795,0.5425,0.66,0.6525,0.365,0.785,0.4775,0.3325,0.555,0.8725,0.5425,0.7875,0.4,0.4825,0.4,0.165,0.3075,0.1525,0.5425,0.395,0.61,0.31,0.39,0.4675,0.44,0.25,0.3875
19-4042.00,0.81,0.6125,0.705,0.62,0.465,0.375,0.67,0.7625,0.6675,0.625,0.4525,0.705,0.465,0.715,0.66,0.545,0.4325,0.4875,0.59,0.7125,0.285,0.33,0.33,0.845,0.6025,0.7375,0.6075,0.69,0.285,0.34,0.5475,0.5725,0.535,0.525,0.535,0.455,0.5125,0.5125,0.525,0.295,0.38
19-4043.00,0.78,0.635,0.65,0.53,0.595,0.4875,0.6925,0.5325,0.655,0.52,0.48,0.6475,0.4175,0.45,0.6575,0.5125,0.515,0.62,0.455,0.785,0.3,0.425,0.46,0.82,0.545,0.7125,0.445,0.5625,0.23,0.23,0.24,0.2375,0.365,0.3475,0.3875,0.2925,0.395,0.375,0.4175,0.1325,0.405
19-4051.00,0.815,0.9175,0.8575,0.8975,0.54,0.495,0.7175,0.7725,0.6675,0.715,0.4275,0.81,0.3975,0.4575,0.565,0.585,0.52,0.8,0.52,0.6275,0.3,0.47,0.39,0.88,0.4875,0.825,0.41,0.51,0.29,0.1125,0.305,0.18,0.5,0.435,0.6625,0.38,0.4775,0.3625,0.5125,0.1625,0.255
19-4051.02,0.835,0.835,0.81,0.6775,0.655,0.5025,0.7575,0.8225,0.7325,0.7,0.52,0.7425,0.505,0.5875,0.6775,0.56,0.4325,0.44,0.325,0.7175,0.3225,0.3325,0.49,0.8575,0.65,0.8475,0.455,0.615,0.5075,0.3,0.415,0.205,0.595,0.515,0.535,0.4025,0.57,0.525,0.4725,0.15,0.37
19-4061.00,0.8225,0.4275,0.68,0.1575,0.545,0.3375,0.9175,0.445,0.875,0.5875,0.555,0.65,0.595,0.44,0.6975,0.0475,0.1125,0.1275,0.045,0.9325,0.07,0,0.0625,0.815,0.7275,0.855,0.5775,0.615,0.2225,0.295,0.2925,0.4225,0.4925,0.375,0.5325,0.375,0.3675,0.4275,0.52,0.2525,0.3075
19-4071.00,0.77,0.7,0.7825,0.7475,0.6275,0.5975,0.71,0.705,0.6075,0.8325,0.5925,0.7425,0.705,0.715,0.77,0.7,0.66,0.5975,0.85,0.6675,0.4225,0.5475,0.3675,0.635,0.58,0.81,0.705,0.7875,0.5125,0.3375,0.6375,0.625,0.6925,0.6475,0.6425,0.575,0.6025,0.605,0.5175,0.49,0.4825
19-4092.00,0.865,0.5875,0.7375,0.4475,0.4975,0.58,0.7325,0.72,0.7,0.7375,0.34,0.7675,0.48,0.3525,0.645,0.635,0.665,0.5275,0.46,0.7475,0.29,0.165,0.1975,0.8075,0.8025,0.7875,0.77,0.7175,0.49,0.1225,0.38,0.7275,0.4775,0.5,0.485,0.35,0.51,0.4575,0.6025,0.205,0.3325
19-4099.01,0.735,0.7925,0.7325,0.7175,0.5075,0.52,0.7225,0.79,0.7725,0.5525,0.385,0.6425,0.4075,0.2925,0.615,0.3925,0.4475,0.515,0.1775,0.74,0.235,0.42,0.4675,0.86,0.5,0.7125,0.14,0.4225,0.2475,0.11,0.32,0.0625,0.3475,0.2675,0.5675,0.2375,0.345,0.2925,0.405,0.14,0.2375
19-4099.03,0.845,0.655,0.725,0.47,0.6825,0.6375,0.8,0.6925,0.7725,0.71,0.6425,0.7825,0.5375,0.585,0.6575,0.28,0.3075,0.5825,0.2225,0.9125,0.435,0.25,0.405,0.675,0.6325,0.7625,0.6325,0.655,0.2025,0.3575,0.3975,0.2225,0.585,0.4475,0.585,0.425,0.41,0.4825,0.445,0.3025,0.4375
19-5011.00,0.8925,0.825,0.825,0.75,0.5425,0.6125,0.76,0.87,0.8475,0.83,0.59,0.8475,0.6425,0.6525,0.7275,0.5225,0.4425,0.34,0.455,0.795,0.375,0.325,0.38,0.8575,0.7725,0.805,0.74,0.7825,0.6125,0.63,0.6625,0.4025,0.67,0.675,0.805,0.5875,0.685,0.7825,0.6475,0.4025,0.5
19-5012.00,0.8225,0.81,0.8325,0.785,0.595,0.655,0.715,0.9,0.75,0.75,0.63,0.7975,0.7025,0.6425,0.75,0.475,0.3575,0.3875,0.5,0.785,0.405,0.25,0.275,0.81,0.69,0.8925,0.6425,0.6975,0.6075,0.5925,0.6625,0.3575,0.5825,0.655,0.81,0.5825,0.655,0.7025,0.5475,0.4075,0.465
21-1011.00,0.9375,0.8575,0.895,0.5125,0.395,0.795,0.895,0.785,0.785,0.875,0.7425,0.7075,0.785,0.7575,0.8375,0.385,0.2875,0.42,0.445,0.8725,0.205,0.2,0.2075,0.87,0.55,0.705,0.79,0.7325,0.865,0.54,0.805,0.72,0.625,0.65,0.6225,0.4375,0.66,0.7,0.5825,0.3725,0.3275
21-1012.00,0.9425,0.655,0.7325,0.395,0.4325,0.5475,0.815,0.7725,0.715,0.895,0.6675,0.8525,0.6575,0.63,0.81,0.2025,0.155,0.1375,0.0875,0.86,0.0375,0,0.0025,0.7825,0.7075,0.9375,0.7675,0.9275,0.685,0.3975,0.655,0.7225,0.5175,0.57,0.57,0.445,0.6325,0.83,0.575,0.2225,0.3
21-1013.00,0.885,0.46,0.7575,0.07,0.29,0.6475,0.46,0.7225,0.5275,0.94,0.6325,0.7725,0.7025,0.545,0.7675,0.075,0.12,0.0625,0.065,0.7625,0.025,0.025,0.065,0.9375,0.6425,0.7975,0.6775,0.82,0.9275,0.3375,0.7925,0.6525,0.45,0.3975,0.4825,0.2375,0.65,0.53,0.5475,0.18,0.0575
21-1014.00,0.91,0.545,0.6875,0.135,0.3125,0.67,0.6875,0.815,0.6525,0.885,0.8325,0.8225,0.7975,0.685,0.695,0.1525,0.08,0.08,0.0525,0.715,0.0175,0.0175,0.1525,0.875,0.7775,0.785,0.74,0.91,0.965,0.2675,0.76,0.795,0.385,0.4025,0.63,0.4025,0.75,0.7325,0.7225,0.2325,0.3475
21-1015.00,0.8125,0.68,0.545,0.3425,0.37,0.68,0.6825,0.775,0.5525,0.8625,0.6575,0.645,0.645,0.7425,0.775,0.29,0.2925,0.1425,0.3425,0.7875,0.1375,0.0975,0.075,0.8375,0.6775,0.875,0.83,0.86,0.675,0.4975,0.6725,0.675,0.5925,0.6525,0.68,0.6125,0.6725,0.6,0.62,0.415,0.4475
21-1021.00,0.895,0.745,0.875,0.415,0.255,0.605,0.6775,0.785,0.445,0.85,0.76,0.735,0.76,0.6425,0.8025,0.2625,0.1525,0.07,0.405,0.8525,0.0175,0,0.09,0.895,0.73,0.925,0.87,0.9275,0.855,0.655,0.795,0.855,0.69,0.7675,0.68,0.3875,0.705,0.515,0.685,0.1925,0.335
21-1022.00,0.87,0.62,0.5825,0.2025,0.2775,0.555,0.5,0.5475,0.4825,0.805,0.63,0.7025,0.5925,0.61,0.7875,0.25,0.175,0.095,0.2775,0.7125,0.0775,0.055,0.0875,0.8325,0.7025,0.86,0.825,0.88,0.925,0.36,0.805,0.76,0.63,0.6475,0.62,0.49,0.61,0.64,0.5275,0.39,0.39
21-1023.00,0.835,0.625,0.795,0.1575,0.405,0.705,0.76,0.7875,0.635,0.87,0.725,0.7475,0.7925,0.7225,0.83,0.2175,0.18,0.175,0.255,0.7175,0.12,0.08,0.105,0.8925,0.7375,0.8925,0.775,0.8625,0.8925,0.4625,0.8025,0.5175,0.4075,0.525,0.695,0.5975,0.68,0.7975,0.505,0.2275,0.3625
21-1091.00,0.8825,0.6275,0.815,0.3525,0.5375,0.7975,0.785,0.6575,0.77,0.8375,0.7825,0.92,0.77,0.855,0.84,0.4075,0.4325,0.3775,0.31,0.7975,0.1625,0.1525,0.26,0.7625,0.88,0.95,0.8725,0.93,0.7525,0.6075,0.6925,0.8575,0.5525,0.8075,0.86,0.4975,0.56,0.6325,0.6,0.28,0.65
21-1092.00,0.9375,0.71,0.8125,0.53,0.3925,0.725,0.6975,0.8425,0.59,0.825,0.5625,0.7375,0.6175,0.7275,0.8325,0.4075,0.2475,0.2225,0.4525,0.7975,0.1675,0.165,0.245,0.8625,0.645,0.86,0.735,0.7675,0.6625,0.4775,0.7,0.6575,0.5375,0.55,0.575,0.4875,0.62,0.5975,0.595,0.3775,0.4175
21-1093.00,0.8225,0.6075,0.665,0.3625,0.49,0.62,0.565,0.605,0.465,0.68,0.6725,0.68,0.64,0.585,0.6525,0.3875,0.2475,0.1575,0.235,0.7475,0.075,0.07,0.1125,0.8775,0.58,0.935,0.7125,0.76,0.755,0.29,0.6575,0.7675,0.5925,0.6375,0.65,0.3475,0.64,0.6175,0.6625,0.3175,0.3475
21-1094.00,0.785,0.7475,0.775,0.61,0.6025,0.665,0.6975,0.7075,0.665,0.665,0.755,0.8775,0.8375,0.8175,0.9375,0.525,0.6725,0.4175,0.415,0.85,0.2025,0.25,0.245,0.875,0.8475,0.92,0.9675,0.9375,0.84,0.7025,0.605,0.905,0.67,0.73,0.7675,0.58,0.575,0.535,0.6625,0.2975,0.61
21-2011.00,0.8025,0.42,0.6275,0.3425,0.3625,0.6175,0.36,0.47,0.405,0.69,0.6725,0.565,0.65,0.575,0.63,0.1825,0.165,0.1725,0.215,0.5825,0.0775,0.1175,0.12,0.455,0.5175,0.7375,0.5125,0.835,0.8325,0.485,0.7025,0.645,0.6375,0.7625,0.63,0.685,0.64,0.5475,0.42,0.3725,0.44
21-2021.00,0.805,0.5825,0.835,0.4625,0.6325,0.6475,0.49,0.6275,0.5075,0.81,0.8025,0.805,0.7475,0.7225,0.8325,0.52,0.225,0.245,0.2975,0.735,0.15,0.15,0.095,0.6225,0.5975,0.855,0.73,0.8975,0.9375,0.4975,0.725,0.73,0.6,0.79,0.6975,0.5975,0.66,0.5775,0.6375,0.4225,0.6225
23-1011.00,0.905,0.4325,0.73,0.145,0.435,0.6125,0.77,0.8775,0.68,0.8925,0.7175,0.7825,0.715,0.565,0.7725,0.1725,0.1675,0.14,0.2175,0.75,0.0575,0.03,0.11,0.7425,0.8575,0.8975,0.81,0.8375,0.525,0.605,0.8725,0.555,0.6575,0.55,0.485,0.555,0.5225,0.7825,0.5275,0.4875,0.4725
23-1012.00,0.9625,0.3075,0.7425,0.0325,0.0925,0.29,0.7525,0.6825,0.89,0.7275,0.5575,0.625,0.265,0.12,0.65,0.005,0.0825,0.185,0.02,0.735,0.005,0.005,0.0525,0.4275,0.705,0.7775,0.2575,0.5675,0.405,0.1875,0.27,0.245,0.095,0.0975,0.14,0.0375,0.1075,0.36,0.3125,0.075,0.0225
23-1021.00,0.8925,0.305,0.7775,0.075,0.2625,0.6875,0.8,0.8575,0.705,0.9,0.52,0.82,0.255,0.52,0.695,0.1125,0.1125,0.15,0.16,0.61,0.0775,0.0725,0.105,0.68,0.73,0.7,0.69,0.5925,0.3325,0.34,0.735,0.695,0.2775,0.1875,0.3075,0.24,0.28,0.3525,0.68,0.105,0.1825
23-1022.00,0.9125,0.45,0.725,0.2875,0.4125,0.79,0.7625,0.8375,0.8475,0.9025,0.6575,0.805,0.375,0.565,0.58,0.0825,0.1125,0.1,0.1125,0.5875,0.105,0.105,0.0925,0.58,0.775,0.4375,0.45,0.65,0.2225,0.43,0.9075,0.355,0.225,0.275,0.4125,0.175,0.33,0.375,0.46,0.1,0.1975
23-1023.00,0.9475,0.4175,0.775,0.17,0.4175,0.7875,0.855,0.8775,0.6325,0.9775,0.515,0.7975,0.425,0.71,0.715,0.0725,0.1175,0.2375,0.0425,0.6375,0.0675,0.02,0.095,0.745,0.7075,0.6425,0.6075,0.6225,0.325,0.21,0.63,0.91,0.53,0.3875,0.375,0.44,0.3125,0.2875,0.6325,0.205,0.1525
23-2011.00,0.8275,0.535,0.6325,0.2425,0.3025,0.315,0.645,0.61,0.705,0.5625,0.43,0.7725,0.35,0.54,0.745,0.06,0.2425,0.1825,0.1025,0.845,0.0025,0.0475,0.0825,0.8525,0.56,0.8325,0.835,0.6175,0.385,0.2175,0.4525,0.5175,0.45,0.465,0.2625,0.2375,0.2775,0.325,0.7075,0.055,0.195
23-2093.00,0.925,0.7125,0.82,0.2625,0.4225,0.36,0.85,0.7725,0.815,0.7775,0.3575,0.7125,0.43,0.4525,0.7125,0.25,0.2825,0.305,0.1125,0.885,0.1425,0.08,0.0775,0.905,0.7125,0.78,0.5825,0.63,0.1925,0.1825,0.44,0.335,0.39,0.4,0.42,0.235,0.33,0.3175,0.48,0.095,0.185
25-1011.00,0.855,0.435,0.625,0.235,0.37,0.54,0.6225,0.525,0.67,0.65,0.7375,0.785,0.595,0.6025,0.7425,0.23,0.19,0.185,0.11,0.7825,0.055,0.0225,0.0575,0.475,0.7675,0.73,0.6325,0.68,0.39,0.3075,0.3825,0.6375,0.425,0.4475,0.92,0.4825,0.6825,0.6325,0.4325,0.24,0.2275
25-1021.00,0.8325,0.5525,0.6375,0.325,0.495,0.545,0.7975,0.57,0.8125,0.845,0.8375,0.9125,0.69,0.57,0.735,0.1525,0.1675,0.2325,0.08,0.9125,0.325,0.135,0.245,0.6725,0.7325,0.765,0.63,0.6275,0.46,0.3475,0.4375,0.4075,0.585,0.62,0.9375,0.66,0.7025,0.6775,0.4525,0.3425,0.365
25-1022.00,0.7975,0.38,0.58,0.2675,0.3925,0.5075,0.575,0.35,0.64,0.7025,0.69,0.67,0.5675,0.485,0.5875,0.135,0.18,0.22,0.1125,0.755,0.05,0.0225,0.0925,0.6025,0.71,0.74,0.4525,0.6125,0.475,0.29,0.4,0.5525,0.5025,0.4,0.8675,0.57,0.645,0.5275,0.5025,0.31,0.1875
25-1031.00,0.84,0.6625,0.78,0.46,0.575,0.7875,0.7625,0.5675,0.64,0.8025,0.865,0.8725,0.7925,0.7725,0.8825,0.31,0.35,0.4325,0.1525,0.88,0.7075,0.1575,0.09,0.6825,0.77,0.7425,0.7925,0.83,0.4125,0.445,0.6475,0.55,0.71,0.71,0.895,0.615,0.7225,0.625,0.5275,0.4425,0.425
25-1032.00,0.7825,0.64,0.6425,0.475,0.6675,0.5925,0.8425,0.51,0.87,0.84,0.9075,0.905,0.7175,0.7275,0.74,0.2175,0.225,0.39,0.185,0.7825,0.235,0.24,0.2275,0.6025,0.71,0.7475,0.6325,0.645,0.37,0.3725,0.4475,0.2475,0.69,0.5675,0.91,0.615,0.76,0.685,0.4925,0.405,0.535
25-1041.00,0.8775,0.735,0.8325,0.4125,0.6175,0.6475,0.72,0.655,0.715,0.8475,0.7575,0.84,0.7525,0.76,0.7975,0.495,0.45,0.3775,0.37,0.7225,0.2725,0.265,0.21,0.7775,0.81,0.8975,0.81,0.8475,0.6025,0.4325,0.5075,0.5775,0.77,0.735,0.925,0.8,0.8075,0.6025,0.6125,0.635,0.5875
25-1042.00,0.825,0.7425,0.845,0.5825,0.7025,0.7975,0.89,0.6325,0.85,0.84,0.85,0.9075,0.7925,0.715,0.82,0.255,0.2625,0.2975,0.1775,0.8975,0.1325,0.09,0.1,0.7975,0.86,0.8525,0.555,0.635,0.3925,0.3375,0.4075,0.4725,0.6,0.57,0.925,0.65,0.75,0.64,0.515,0.285,0.395
25-1043.00,0.95,0.79,0.9,0.4775,0.7925,0.76,0.8175,0.4825,0.86,0.8775,0.895,0.9625,0.68,0.5725,0.7525,0.5,0.3725,0.23,0.395,0.8475,0.1275,0.1275,0.13,0.795,0.9475,0.84,0.7325,0.77,0.3125,0.2225,0.4775,0.5025,0.685,0.5975,0.87,0.7575,0.735,0.635,0.53,0.275,0.3725
25-1051.00,0.83,0.58,0.7525,0.335,0.5325,0.57,0.72,0.455,0.8,0.7,0.7725,0.805,0.6375,0.6275,0.67,0.2925,0.2775,0.3675,0.2,0.8425,0.215,0.18,0.215,0.7075,0.7775,0.675,0.4975,0.6875,0.505,0.28,0.5,0.5975,0.5275,0.445,0.8775,0.6275,0.6775,0.5925,0.465,0.2225,0.3975
25-1052.00,0.755,0.4975,0.625,0.39,0.485,0.545,0.7025,0.5025,0.7575,0.7525,0.7275,0.7625,0.635,0.5175,0.66,0.2875,0.3325,0.2975,0.0875,0.8375,0.0925,0.185,0.195,0.6675,0.77,0.7425,0.54,0.6925,0.3875,0.31,0.4225,0.385,0.5725,0.575,0.9175,0.515,0.7525,0.5275,0.51,0.255,0.3725
25-1053.00,0.865,0.725,0.7575,0.4025,0.6125,0.69,0.7475,0.5075,0.735,0.7525,0.755,0.86,0.675,0.6425,0.775,0.35,0.3125,0.365,0.23,0.82,0.2,0.225,0.265,0.66,0.79,0.8025,0.5725,0.7425,0.4925,0.25,0.435,0.42,0.6075,0.565,0.8675,0.63,0.68,0.565,0.4325,0.3375,0.46
25-1054.00,0.8,0.63,0.815,0.4225,0.6525,0.5675,0.8125,0.4975,0.84,0.845,0.835,0.865,0.71,0.6825,0.77,0.255,0.26,0.3775,0.12,0.89,0.3,0.22,0.41,0.745,0.8625,0.7525,0.5825,0.7125,0.5425,0.37,0.445,0.465,0.5075,0.4925,0.9275,0.58,0.6875,0.625,0.4475,0.3125,0.36
25-1061.00,0.92,0.545,0.84,0.2975,0.3175,0.6925,0.8975,0.4775,0.94,0.75,0.8175,0.87,0.7375,0.6825,0.785,0.33,0.3075,0.2275,0.12,0.8525,0.17,0.1375,0.1925,0.92,0.955,0.8525,0.715,0.8325,0.6025,0.25,0.535,0.545,0.5575,0.6025,0.8875,0.62,0.75,0.62,0.5675,0.295,0.3525
25-1062.00,0.885,0.5375,0.775,0.2275,0.415,0.475,0.5975,0.485,0.655,0.71,0.855,0.7675,0.81,0.71,0.8175,0.13,0.0875,0.1125,0.0275,0.76,0.0225,0.0025,0.0875,0.7725,0.7475,0.865,0.705,0.8325,0.385,0.405,0.505,0.4925,0.6025,0.53,0.8975,0.53,0.77,0.605,0.5025,0.305,0.3975
25-1063.00,0.9275,0.59,0.815,0.25,0.4125,0.5625,0.7375,0.3825,0.7925,0.68,0.8325,0.8425,0.4375,0.5,0.69,0.1125,0.1525,0.1725,0.105,0.8125,0.1225,0.12,0.1275,0.5475,0.785,0.52,0.535,0.6225,0.3325,0.3575,0.225,0.3875,0.35,0.3325,0.855,0.48,0.635,0.3875,0.3675,0.43,0.255
25-1064.00,0.8775,0.51,0.6875,0.2925,0.61,0.6775,0.88,0.405,0.8775,0.695,0.835,0.885,0.625,0.5775,0.6525,0.18,0.1225,0.2675,0.19,0.935,0.1825,0.0625,0.1075,0.715,0.9125,0.805,0.6925,0.7325,0.465,0.32,0.4275,0.4975,0.4475,0.5125,0.8625,0.54,0.6225,0.525,0.445,0.245,0.315
25-1065.00,0.8925,0.3825,0.78,0.0675,0.4425,0.6525,0.7725,0.42,0.9075,0.675,0.8175,0.8925,0.55,0.5975,0.6975,0.06,0.025,0.0575,0.0025,0.785,0.0025,0.0025,0.05,0.525,0.7025,0.675,0.555,0.69,0.3225,0.2725,0.5,0.4175,0.43,0.495,0.85,0.5925,0.605,0.415,0.49,0.27,0.275
25-1066.00,0.81,0.605,0.665,0.2275,0.485,0.7825,0.7475,0.645,0.7325,0.8075,0.74,0.8625,0.72,0.6625,0.7825,0.1475,0.145,0.19,0.055,0.8375,0.0275,0.0325,0.0925,0.7625,0.9675,0.815,0.6625,0.8625,0.6825,0.325,0.6275,0.7,0.645,0.5,0.9875,0.74,0.815,0.6975,0.57,0.2375,0.3575
25-1067.00,0.7925,0.595,0.8575,0.105,0.32,0.7175,0.945,0.5075,0.915,0.7275,0.8675,0.85,0.655,0.6675,0.79,0.1425,0.075,0.1175,0.03,0.8675,0.0125,0,0.0025,0.72,0.8975,0.8075,0.6175,0.815,0.35,0.2775,0.4075,0.255,0.3325,0.34,0.8725,0.455,0.46,0.48,0.44,0.1575,0.22
25-1071.00,0.8675,0.605,0.76,0.6,0.5275,0.5775,0.7075,0.6225,0.735,0.76,0.825,0.89,0.7025,0.5775,0.7925,0.5275,0.4525,0.415,0.16,0.86,0.175,0.1675,0.4325,0.7275,0.7775,0.7375,0.7275,0.81,0.6075,0.1575,0.4675,0.605,0.53,0.675,0.89,0.3925,0.685,0.5675,0.4675,0.325,0.3175
25-1072.00,0.9175,0.775,0.82,0.6225,0.555,0.755,0.7525,0.81,0.8,0.88,0.745,0.925,0.7575,0.6875,0.8725,0.5875,0.5125,0.325,0.17,0.895,0.17,0.105,0.155,0.855,0.82,0.8125,0.7275,0.9025,0.91,0.4,0.7025,0.5975,0.7675,0.7675,0.985,0.6075,0.7875,0.63,0.59,0.385,0.4075
25-1081.00,0.93,0.735,0.6925,0.2925,0.39,0.85,0.6825,0.64,0.67,0.825,0.7775,0.7225,0.6975,0.565,0.87,0.0975,0.0575,0.0225,0.115,0.7725,0.0225,0.0475,0.05,0.6825,0.71,0.8275,0.6575,0.7525,0.455,0.32,0.4525,0.3925,0.5525,0.55,0.935,0.5175,0.8,0.545,0.545,0.4575,0.38
25-1082.00,0.9625,0.4425,0.795,0.225,0.55,0.785,0.8425,0.56,0.8725,0.7975,0.8475,0.8975,0.7625,0.44,0.76,0.105,0.0875,0.1925,0.095,0.95,0.1025,0.095,0.145,0.6975,0.915,0.71,0.7,0.7025,0.3125,0.3175,0.365,0.465,0.555,0.535,0.9475,0.5,0.7425,0.67,0.53,0.3225,0.3
25-1111.00,0.765,0.4975,0.705,0.23,0.3625,0.6675,0.58,0.5475,0.68,0.71,0.8025,0.8325,0.6225,0.5675,0.8125,0.155,0.11,0.17,0.0125,0.8825,0.12,0.0925,0.13,0.7925,0.7675,0.6625,0.585,0.7,0.475,0.23,0.3975,0.5525,0.3125,0.3625,0.8375,0.3925,0.675,0.4525,0.6275,0.1625,0.2875
25-1112.00,0.905,0.4875,0.695,0.075,0.345,0.62,0.6525,0.5975,0.7575,0.63,0.8,0.85,0.5775,0.5575,0.725,0.09,0.0525,0.09,0.0425,0.68,0.0875,0.015,0.0725,0.6625,0.8675,0.69,0.51,0.68,0.4275,0.2475,0.33,0.405,0.385,0.3825,0.9475,0.31,0.82,0.5725,0.3925,0.1525,0.26
25-1113.00,0.8725,0.6125,0.6375,0.1925,0.285,0.7,0.6675,0.715,0.7475,0.8025,0.8025,0.92,0.7575,0.715,0.9225,0.2275,0.14,0.2075,0.0725,0.895,0.125,0.035,0.04,0.82,0.8775,0.895,0.865,0.81,0.4975,0.3675,0.65,0.4725,0.61,0.5725,0.86,0.51,0.705,0.6575,0.5325,0.3,0.2675
25-1121.00,0.7525,0.5575,0.675,0.3475,0.385,0.68,0.495,0.4325,0.545,0.8275,0.9675,0.745,0.7125,0.7275,0.805,0.545,0.5325,0.4525,0.2775,0.725,0.3075,0.255,0.1175,0.6525,0.7075,0.925,0.71,0.8675,0.5975,0.5125,0.6225,0.625,0.6275,0.5725,0.9275,0.76,0.875,0.71,0.53,0.3825,0.425
25-1122.00,0.78,0.6275,0.8,0.3125,0.4325,0.77,0.6325,0.635,0.5875,0.805,0.87,0.7975,0.63,0.6075,0.7125,0.1875,0.18,0.22,0.0875,0.855,0.06,0.03,0.2,0.89,0.7375,0.785,0.6025,0.75,0.5325,0.4375,0.5425,0.6575,0.5175,0.5175,0.8025,0.4825,0.7375,0.5825,0.5125,0.2,0.195
25-1123.00,0.7675,0.555,0.68,0.265,0.2175,0.76,0.605,0.395,0.7325,0.8525,0.87,0.71,0.7225,0.745,0.8125,0.19,0.12,0.175,0.01,0.7775,0.02,0.0725,0.12,0.7975,0.8825,0.875,0.51,0.8875,0.555,0.38,0.6075,0.4175,0.5675,0.58,0.9325,0.5125,0.8025,0.5775,0.55,0.325,0.3225
25-1124.00,0.72,0.475,0.575,0.1275,0.1675,0.6125,0.4975,0.305,0.635,0.6525,0.83,0.765,0.5475,0.515,0.72,0.1325,0.075,0.15,0.0125,0.8175,0.02,0.01,0.0775,0.4925,0.7175,0.5825,0.405,0.6175,0.445,0.22,0.2275,0.5,0.3,0.34,0.86,0.18,0.605,0.51,0.4525,0.27,0.09
25-1125.00,0.9425,0.57,0.95,0.215,0.285,0.7,0.82,0.4,0.9125,0.645,0.865,0.92,0.6025,0.585,0.695,0.17,0.1,0.1325,0.0025,0.7125,0.0025,0,0.04,0.855,0.8425,0.6475,0.585,0.735,0.4125,0.315,0.4075,0.405,0.395,0.315,0.9025,0.345,0.5875,0.5175,0.4825,0.23,0.33
25-1126.00,0.8675,0.455,0.7125,0.085,0.245,0.7025,0.6375,0.495,0.615,0.79,0.81,0.7325,0.59,0.64,0.6925,0.13,0.1525,0.155,0.06,0.765,0.005,0.0025,0.0625,0.615,0.8825,0.6775,0.5375,0.6925,0.5475,0.45,0.5675,0.535,0.545,0.465,0.94,0.5125,0.6875,0.4975,0.48,0.2725,0.3075
25-1192.00,0.8125,0.5675,0.7425,0.3325,0.4175,0.61,0.54,0.6325,0.5775,0.695,0.6125,0.795,0.6275,0.6025,0.755,0.2575,0.35,0.2175,0.1575,0.7375,0.155,0.0675,0.075,0.59,0.655,0.73,0.64,0.73,0.485,0.24,0.54,0.4625,0.535,0.49,0.89,0.4675,0.715,0.585,0.5075,0.2775,0.3575
25-1193.00,0.855,0.4575,0.755,0.3925,0.3875,0.6975,0.6625,0.6225,0.7225,0.7475,0.6925,0.8075,0.6675,0.58,0.7675,0.345,0.3675,0.185,0.0975,0.74,0.0825,0.1075,0.16,0.69,0.7625,0.8075,0.6425,0.88,0.56,0.4225,0.52,0.68,0.68,0.5975,0.8775,0.605,0.7925,0.6175,0.5875,0.4325,0.4875
25-1194.00,0.855,0.6075,0.6725,0.6275,0.415,0.5825,0.5625,0.715,0.5925,0.7125,0.5775,0.82,0.6075,0.6675,0.7875,0.5375,0.61,0.57,0.4325,0.6375,0.52,0.5125,0.49,0.655,0.69,0.755,0.6725,0.755,0.595,0.4225,0.505,0.6275,0.5825,0.58,0.915,0.6025,0.8075,0.68,0.55,0.405,0.52
25-2011.00,0.755,0.5625,0.6075,0.4225,0.215,0.445,0.385,0.5625,0.245,0.6075,0.6675,0.4675,0.5275,0.52,0.57,0.5425,0.3975,0.09,0.0775,0.3175,0.0075,0.05,0.1025,0.5125,0.3625,0.63,0.45,0.755,0.81,0.21,0.595,0.44,0.4475,0.6525,0.69,0.4325,0.505,0.4075,0.315,0.225,0.4075
25-2012.00,0.72,0.63,0.5925,0.245,0.3625,0.45,0.5425,0.6375,0.635,0.745,0.8125,0.7375,0.76,0.65,0.7975,0.39,0.3775,0.2175,0.07,0.6375,0.0175,0.03,0.1375,0.6025,0.5,0.7,0.585,0.7775,0.69,0.2275,0.6175,0.5625,0.64,0.6225,0.74,0.5675,0.65,0.4675,0.405,0.1725,0.325
25-2021.00,0.645,0.555,0.6225,0.205,0.2975,0.53,0.505,0.4475,0.52,0.73,0.7175,0.745,0.69,0.695,0.675,0.395,0.3425,0.095,0.105,0.78,0.0725,0.015,0.105,0.5975,0.5825,0.715,0.61,0.7725,0.785,0.1775,0.68,0.6025,0.675,0.655,0.87,0.5775,0.7725,0.4275,0.5175,0.215,0.26
25-2022.00,0.805,0.6875,0.7475,0.2975,0.41,0.74,0.645,0.69,0.7075,0.8275,0.8475,0.7575,0.845,0.7025,0.8325,0.3375,0.2825,0.2275,0.075,0.7175,0.1375,0.1,0.14,0.785,0.79,0.785,0.5975,0.8775,0.8325,0.3125,0.7475,0.535,0.8275,0.6975,0.905,0.64,0.8425,0.565,0.5475,0.1275,0.25
25-2023.00,0.8225,0.72,0.73,0.475,0.4575,0.6625,0.625,0.655,0.665,0.75,0.7925,0.82,0.7425,0.5975,0.7575,0.42,0.3675,0.455,0.1075,0.785,0.3125,0.1825,0.275,0.7275,0.695,0.8025,0.645,0.7925,0.545,0.235,0.6625,0.5025,0.665,0.6775,0.8525,0.6275,0.71,0.5275,0.6075,0.1025,0.4975
25-2031.00,0.7675,0.5975,0.6625,0.41,0.36,0.55,0.675,0.6475,0.625,0.84,0.765,0.765,0.805,0.6775,0.7925,0.43,0.31,0.2025,0.1575,0.7975,0.1675,0.1525,0.21,0.6625,0.62,0.795,0.57,0.8375,0.75,0.265,0.695,0.575,0.685,0.635,0.9125,0.5875,0.8625,0.5575,0.5775,0.1575,0.4075
25-2032.00,0.8575,0.7725,0.7575,0.6975,0.52,0.6825,0.765,0.695,0.685,0.855,0.875,0.8525,0.82,0.7975,0.875,0.585,0.615,0.61,0.4225,0.77,0.535,0.58,0.35,0.805,0.77,0.8525,0.68,0.8425,0.7675,0.49,0.715,0.675,0.74,0.79,0.935,0.735,0.8725,0.7675,0.56,0.365,0.615
25-2051.00,0.8625,0.6875,0.685,0.4125,0.275,0.495,0.555,0.69,0.61,0.6425,0.6025,0.6525,0.73,0.55,0.765,0.5525,0.5175,0.2075,0.1375,0.7575,0.17,0.105,0.0925,0.805,0.665,0.8225,0.555,0.8025,0.8375,0.29,0.5025,0.5075,0.6225,0.6375,0.7825,0.445,0.655,0.44,0.5525,0.245,0.2425
25-2056.00,0.9375,0.6975,0.71,0.4075,0.38,0.6475,0.7125,0.7325,0.755,0.7025,0.6825,0.7925,0.7075,0.6175,0.89,0.4525,0.285,0.145,0.1325,0.6575,0.19,0.095,0.0925,0.685,0.585,0.81,0.6925,0.925,0.5675,0.185,0.4525,0.525,0.6025,0.6,0.67,0.61,0.6475,0.66,0.5675,0.2525,0.27
25-2057.00,0.63,0.57,0.5625,0.2625,0.2075,0.3775,0.5375,0.525,0.5625,0.625,0.53,0.6225,0.5875,0.455,0.7525,0.29,0.2625,0.1775,0.125,0.71,0.1425,0.0975,0.17,0.5625,0.5875,0.6225,0.57,0.795,0.65,0.3,0.5975,0.4975,0.5,0.58,0.65,0.51,0.6425,0.45,0.4925,0.235,0.3525
25-2058.00,0.825,0.885,0.735,0.2975,0.44,0.645,0.7575,0.7225,0.685,0.79,0.795,0.7825,0.735,0.6275,0.8675,0.4275,0.325,0.27,0.205,0.8725,0.2475,0.1725,0.21,0.8475,0.7775,0.9225,0.615,0.8875,0.7825,0.3625,0.6125,0.5825,0.6,0.65,0.8025,0.505,0.6525,0.5625,0.565,0.2725,0.3
25-2059.01,0.775,0.595,0.6425,0.4525,0.345,0.595,0.475,0.63,0.535,0.75,0.7625,0.63,0.7625,0.5725,0.75,0.87,0.655,0.12,0.215,0.56,0.0475,0.12,0.0825,0.725,0.5725,0.7625,0.4875,0.75,0.845,0.3,0.5125,0.5475,0.5475,0.6425,0.655,0.6675,0.6875,0.63,0.4875,0.1075,0.225
25-3011.00,0.635,0.4775,0.5825,0.335,0.29,0.5375,0.43,0.5325,0.4625,0.6975,0.78,0.5925,0.6725,0.4825,0.68,0.18,0.1575,0.21,0.1,0.6625,0.0725,0.105,0.1825,0.6075,0.745,0.69,0.3025,0.67,0.4925,0.245,0.44,0.5925,0.48,0.3975,0.705,0.335,0.7075,0.5775,0.455,0.105,0.2425
25-3021.00,0.7575,0.635,0.725,0.4075,0.2275,0.49,0.4875,0.3975,0.505,0.7525,0.78,0.6275,0.5175,0.52,0.585,0.4575,0.36,0.1525,0.1975,0.4575,0.105,0.185,0.07,0.6075,0.82,0.68,0.525,0.78,0.4975,0.505,0.4975,0.5075,0.5225,0.425,0.9675,0.43,0.935,0.5275,0.38,0.2275,0.2225
25-3031.00,0.745,0.73,0.62,0.3075,0.29,0.3325,0.43,0.465,0.2775,0.59,0.4075,0.42,0.3675,0.44,0.515,0.32,0.2625,0.26,0.14,0.5625,0.04,0.1175,0.1775,0.6175,0.395,0.7075,0.205,0.64,0.6825,0.1425,0.6075,0.34,0.385,0.36,0.4525,0.365,0.4475,0.2725,0.4,0.105,0.3225
25-3041.00,0.715,0.535,0.455,0.16,0.1825,0.3875,0.5475,0.3875,0.545,0.795,0.7625,0.75,0.6125,0.6125,0.705,0.1475,0.1375,0.1675,0.095,0.6125,0.035,0.0475,0.12,0.6975,0.775,0.785,0.3875,0.8875,0.6125,0.19,0.4325,0.66,0.42,0.3925,0.9275,0.3325,0.87,0.63,0.5125,0.1925,0.2375
25-4011.00,0.855,0.565,0.7975,0.4025,0.5475,0.7425,0.8475,0.6525,0.675,0.7575,0.675,0.8375,0.7025,0.63,0.7825,0.4675,0.7025,0.275,0.21,0.88,0.17,0.17,0.1925,0.935,0.7425,0.7825,0.775,0.725,0.33,0.265,0.5,0.7175,0.5975,0.5725,0.645,0.6125,0.5875,0.575,0.6075,0.5425,0.5925
25-4012.00,0.86,0.6025,0.885,0.52,0.5,0.725,0.745,0.5525,0.695,0.76,0.8375,0.7425,0.6325,0.6575,0.8025,0.4875,0.735,0.2675,0.2625,0.7475,0.3225,0.1575,0.1375,0.875,0.72,0.7575,0.755,0.7775,0.3525,0.4275,0.4625,0.695,0.56,0.5525,0.6425,0.5525,0.5025,0.5275,0.5375,0.2825,0.56
25-4013.00,0.8025,0.72,0.8225,0.5725,0.5075,0.585,0.5975,0.455,0.5,0.715,0.645,0.6225,0.5625,0.44,0.6025,0.65,0.76,0.4925,0.2925,0.5775,0.3275,0.3975,0.2575,0.6425,0.465,0.7075,0.565,0.68,0.235,0.2325,0.3825,0.4825,0.4225,0.5025,0.3875,0.3425,0.4,0.415,0.4575,0.15,0.3125
25-4022.00,0.8425,0.54,0.635,0.335,0.405,0.535,0.68,0.495,0.6,0.69,0.6925,0.8,0.6125,0.5975,0.69,0.37,0.4225,0.2175,0.095,0.935,0.0775,0.0725,0.175,0.675,0.73,0.8,0.62,0.8525,0.4625,0.3825,0.53,0.6625,0.5275,0.53,0.695,0.42,0.5275,0.495,0.5825,0.1725,0.6
25-4031.00,0.755,0.595,0.62,0.365,0.275,0.4975,0.605,0.4425,0.3525,0.5425,0.52,0.6075,0.38,0.48,0.6225,0.5775,0.63,0.2875,0.065,0.8225,0.015,0.0875,0.145,0.6525,0.4975,0.75,0.4425,0.7025,0.49,0.2225,0.415,0.6175,0.445,0.2875,0.3125,0.1975,0.2525,0.205,0.53,0.1775,0.44
25-9021.00,0.805,0.6025,0.695,0.385,0.445,0.47,0.62,0.5475,0.64,0.75,0.675,0.87,0.6675,0.7875,0.825,0.4175,0.3975,0.2675,0.5825,0.7975,0.11,0.2025,0.195,0.6675,0.74,0.8275,0.88,0.8525,0.3975,0.445,0.5275,0.8525,0.61,0.7225,0.8325,0.5675,0.625,0.7325,0.5925,0.405,0.595
25-9031.00,0.8075,0.6775,0.6725,0.34,0.4925,0.65,0.7225,0.7075,0.7975,0.845,0.68,0.765,0.79,0.7275,0.875,0.27,0.2775,0.125,0.1675,0.8625,0.115,0.075,0.0975,0.6675,0.69,0.885,0.5575,0.9075,0.5725,0.35,0.5525,0.555,0.5775,0.78,0.8825,0.61,0.785,0.7075,0.6775,0.3275,0.565
25-9042.00,0.8625,0.7575,0.6925,0.7275,0.4725,0.655,0.6625,0.65,0.5175,0.8425,0.865,0.7775,0.79,0.775,0.76,0.6725,0.2675,0.155,0.225,0.53,0.09,0.0925,0.06,0.7525,0.61,0.7875,0.5075,0.785,0.875,0.2275,0.8275,0.595,0.695,0.395,0.52,0.2375,0.565,0.3625,0.2425,0.16,0.25
25-9043.00,0.835,0.6775,0.6575,0.3375,0.295,0.4975,0.445,0.5525,0.3675,0.65,0.5375,0.5725,0.5025,0.4475,0.5925,0.4275,0.3,0.1575,0.1225,0.5275,0.0925,0.1675,0.1325,0.555,0.4925,0.7175,0.3175,0.695,0.765,0.18,0.6475,0.4025,0.445,0.5,0.61,0.4875,0.6425,0.3925,0.2225,0.195,0.22
25-9044.00,0.6925,0.6,0.5925,0.4025,0.4275,0.61,0.6175,0.5,0.565,0.6575,0.6525,0.64,0.5275,0.515,0.675,0.1825,0.2175,0.1975,0.1575,0.805,0.2675,0.0575,0.1975,0.71,0.705,0.9025,0.355,0.7025,0.575,0.3225,0.4425,0.3475,0.465,0.3475,0.8125,0.4925,0.585,0.48,0.44,0.0525,0.1825
27-1011.00,0.8525,0.44,0.695,0.3175,0.32,0.4875,0.385,0.4375,0.59,0.8425,0.9875,0.835,0.5075,0.4775,0.8,0.175,0.195,0.175,0.0925,0.8925,0.3625,0.075,0.12,0.4975,0.64,0.8475,0.6975,0.7225,0.425,0.385,0.625,0.4075,0.56,0.5825,0.585,0.565,0.445,0.625,0.39,0.32,0.2575
27-1012.00,0.6775,0.6425,0.51,0.565,0.5325,0.49,0.435,0.3375,0.3575,0.75,0.9025,0.575,0.445,0.51,0.66,0.5225,0.6625,0.6425,0.175,0.5225,0.325,0.38,0.195,0.5225,0.325,0.305,0.5575,0.5325,0.2075,0.66,0.305,0.575,0.25,0.1625,0.49,0.175,0.3975,0.3475,0.435,0.075,0.5425
27-1013.00,0.7275,0.5925,0.4625,0.585,0.3625,0.4525,0.4275,0.2125,0.3725,0.6425,0.95,0.615,0.235,0.3225,0.68,0.4425,0.54,0.4725,0.075,0.615,0.3775,0.095,0.17,0.2475,0.295,0.385,0.4575,0.64,0.2275,0.32,0.18,0.41,0.16,0.155,0.1425,0.14,0.14,0.1925,0.21,0.06,0.3325
27-1014.00,0.8875,0.5225,0.755,0.325,0.475,0.495,0.765,0.6325,0.61,0.7525,0.955,0.835,0.555,0.595,0.62,0.1275,0.265,0.4775,0.095,0.96,0.1325,0.1,0.275,0.43,0.5525,0.94,0.4325,0.705,0.37,0.3625,0.355,0.34,0.2975,0.5275,0.5125,0.6125,0.475,0.5175,0.4025,0.22,0.235
27-1021.00,0.7975,0.6825,0.7175,0.4175,0.4975,0.485,0.6525,0.725,0.6125,0.8475,0.7425,0.6775,0.435,0.4475,0.68,0.2225,0.2675,0.44,0.3025,0.845,0.8925,0.2025,0.2,0.6825,0.4825,0.8425,0.665,0.715,0.195,0.495,0.4975,0.1275,0.4175,0.2525,0.4725,0.3725,0.28,0.5,0.26,0.14,0.445
27-1022.00,0.7975,0.48,0.6575,0.485,0.6225,0.6075,0.6525,0.3575,0.5075,0.7725,0.95,0.78,0.535,0.6875,0.905,0.3575,0.435,0.36,0.16,0.7325,0.515,0.1775,0.1725,0.5725,0.5425,0.7975,0.67,0.8025,0.3275,0.49,0.57,0.2975,0.665,0.665,0.64,0.6275,0.6825,0.4675,0.305,0.5525,0.4975
27-1023.00,0.7625,0.6275,0.6375,0.3425,0.5975,0.57,0.385,0.17,0.34,0.4075,0.7175,0.5275,0.4,0.415,0.6875,0.545,0.6025,0.1575,0.1225,0.5025,0.075,0.06,0.1025,0.605,0.1825,0.3225,0.4225,0.4225,0.3175,0.45,0.52,0.67,0.2625,0.2075,0.28,0.1275,0.23,0.29,0.545,0.0525,0.5675
27-1024.00,0.9,0.45,0.6625,0.3125,0.4,0.5,0.6125,0.5,0.4125,0.8025,0.975,0.75,0.625,0.6125,0.8,0.1625,0.1975,0.35,0.1875,0.9375,0.54,0.1375,0.225,0.5,0.65,0.8,0.7375,0.8,0.3625,0.5625,0.5125,0.4125,0.5625,0.5375,0.5525,0.5,0.5,0.6625,0.43,0.29,0.355
27-1025.00,0.855,0.6775,0.7175,0.48,0.605,0.6675,0.7275,0.77,0.5525,0.9125,0.945,0.75,0.62,0.6825,0.8125,0.3325,0.365,0.1875,0.24,0.855,0.8125,0.0625,0.1075,0.6775,0.5425,0.8325,0.8325,0.865,0.405,0.72,0.6625,0.5725,0.75,0.6675,0.5625,0.655,0.5725,0.655,0.605,0.4175,0.47
27-1026.00,0.8225,0.5725,0.73,0.395,0.495,0.46,0.4075,0.62,0.435,0.71,0.82,0.565,0.595,0.4825,0.7825,0.815,0.8025,0.4,0.12,0.55,0.2475,0.055,0.085,0.2675,0.49,0.7875,0.295,0.7425,0.4225,0.5325,0.56,0.6125,0.5975,0.5575,0.5425,0.55,0.5475,0.4025,0.3125,0.1125,0.39
27-1027.00,0.9175,0.525,0.56,0.3375,0.4875,0.44,0.4275,0.345,0.4175,0.825,0.9525,0.715,0.535,0.62,0.8225,0.31,0.35,0.225,0.155,0.725,0.88,0.1375,0.1125,0.4175,0.5,0.8575,0.5125,0.8325,0.1875,0.38,0.475,0.2625,0.5875,0.535,0.44,0.535,0.4525,0.3625,0.4725,0.2375,0.44
27-2011.00,0.565,0.495,0.5425,0.235,0.2175,0.2875,0.1225,0.1325,0.195,0.4275,0.8525,0.2675,0.225,0.3325,0.4975,0.755,0.51,0.105,0.075,0.2425,0.055,0.0675,0.0625,0.39,0.325,0.7375,0.5725,0.8925,0.3475,0.1975,0.3275,0.79,0.3325,0.33,0.3875,0.2725,0.305,0.195,0.16,0.08,0.15
27-2012.00,0.915,0.75,0.8125,0.5,0.5975,0.69,0.7725,0.5975,0.61,0.7775,0.8975,0.77,0.5775,0.6975,0.7375,0.325,0.385,0.41,0.19,0.85,0.22,0.1575,0.2175,0.6675,0.5725,0.8075,0.6675,0.73,0.4,0.475,0.535,0.505,0.6625,0.63,0.495,0.59,0.4875,0.4875,0.3975,0.2875,0.45
27-2012.03,0.945,0.7125,0.84,0.505,0.6025,0.6525,0.675,0.7825,0.595,0.8975,0.89,0.7825,0.68,0.66,0.715,0.16,0.1075,0.4175,0.1925,0.8425,0.0875,0.065,0.2775,0.7475,0.6125,0.8075,0.6225,0.7625,0.435,0.58,0.7175,0.82,0.7575,0.7,0.7425,0.7475,0.775,0.515,0.615,0.4625,0.4275
27-2012.04,0.875,0.365,0.61,0.025,0.4225,0.715,0.4775,0.215,0.2675,0.73,0.795,0.5225,0.415,0.675,0.665,0.145,0.17,0.15,0.0175,0.6225,0.0225,0.0075,0.1,0.54,0.375,0.75,0.815,0.8425,0.2325,0.4225,0.645,0.61,0.575,0.4075,0.405,0.375,0.495,0.4625,0.5675,0.26,0.3925
27-2012.05,0.805,0.775,0.81,0.665,0.415,0.4925,0.63,0.625,0.635,0.925,0.71,0.7,0.495,0.53,0.8875,0.3775,0.465,0.54,0.3225,0.8025,0.505,0.3975,0.8025,0.54,0.61,0.785,0.3775,0.52,0.35,0.2475,0.405,0.4075,0.6775,0.51,0.605,0.6625,0.53,0.43,0.405,0.34,0.36
27-2021.00,0.805,0.5625,0.7325,0.605,0.65,0.5525,0.675,0.6275,0.745,0.7625,0.5975,0.67,0.71,0.6125,0.65,0.7275,0.6275,0.5625,0.4775,0.3425,0.395,0.345,0.3125,0.5675,0.5025,0.7125,0.565,0.7175,0.42,0.4775,0.5225,0.615,0.5725,0.635,0.5075,0.485,0.6775,0.555,0.2975,0.325,0.5325
27-2022.00,0.76,0.63,0.7375,0.4475,0.31,0.76,0.68,0.5125,0.66,0.83,0.7475,0.705,0.735,0.7575,0.8225,0.7025,0.535,0.175,0.32,0.66,0.2,0.115,0.115,0.605,0.595,0.755,0.735,0.8625,0.5725,0.4775,0.5925,0.48,0.675,0.8075,0.6275,0.71,0.825,0.6675,0.6275,0.45,0.54
27-2023.00,0.7625,0.465,0.7125,0.4275,0.25,0.6075,0.4875,0.655,0.3875,0.75,0.2625,0.715,0.225,0.405,0.325,0.595,0.1775,0.0825,0.095,0.345,0.0475,0.0475,0.0625,0.5375,0.515,0.71,0.435,0.6575,0.31,0.2625,0.62,0.38,0.425,0.535,0.5825,0.4175,0.525,0.465,0.3325,0.225,0.1625
27-2031.00,0.775,0.38,0.52,0.255,0.1325,0.355,0.205,0.29,0.1925,0.345,0.5875,0.3675,0.345,0.2775,0.505,0.8775,0.4,0.0925,0.0925,0.0475,0.06,0.07,0.0525,0.185,0.3225,0.5575,0.3625,0.645,0.355,0.335,0.26,0.7375,0.2975,0.445,0.3975,0.3025,0.28,0.2,0.07,0.07,0.0825
27-2032.00,0.5875,0.4,0.4875,0.225,0.2375,0.6775,0.44,0.2375,0.215,0.7975,0.965,0.56,0.575,0.6875,0.81,0.88,0.345,0.1075,0.025,0.345,0.095,0.0475,0.0725,0.45,0.5,0.7625,0.63,0.8,0.6425,0.475,0.675,0.75,0.7625,0.715,0.785,0.88,0.8225,0.5925,0.425,0.35,0.4275
27-2041.00,0.785,0.36,0.5875,0.27,0.3375,0.6475,0.4625,0.3075,0.48,0.6375,0.87,0.6325,0.54,0.7325,0.695,0.385,0.25,0.1275,0.1025,0.6525,0.1275,0.1025,0.19,0.505,0.445,0.75,0.66,0.86,0.375,0.44,0.47,0.685,0.675,0.595,0.59,0.56,0.57,0.44,0.565,0.22,0.525
27-2042.00,0.6575,0.505,0.705,0.3075,0.3325,0.625,0.71,0.405,0.5275,0.565,0.69,0.5425,0.435,0.43,0.5325,0.515,0.37,0.1975,0.1225,0.205,0.115,0.1525,0.12,0.36,0.425,0.62,0.3875,0.7325,0.3575,0.265,0.3825,0.7975,0.39,0.52,0.37,0.3325,0.3625,0.2675,0.275,0.1775,0.2075
27-3011.00,0.805,0.7,0.7975,0.4,0.505,0.66,0.7325,0.7,0.49,0.7975,0.9175,0.7575,0.62,0.57,0.73,0.26,0.1275,0.225,0.26,0.69,0.095,0.0825,0.3175,0.8025,0.6525,0.8475,0.8475,0.7225,0.2175,0.3175,0.4175,0.86,0.5325,0.555,0.415,0.3925,0.415,0.3975,0.2475,0.1525,0.2025
27-3023.00,0.9475,0.5925,0.7925,0.235,0.4475,0.5025,0.6425,0.54,0.6825,0.6375,0.715,0.73,0.34,0.52,0.71,0.275,0.2225,0.175,0.2875,0.7025,0.085,0.0775,0.125,0.7125,0.835,0.77,0.865,0.7725,0.235,0.32,0.4575,0.735,0.4725,0.465,0.345,0.305,0.3675,0.335,0.3325,0.2025,0.2025
27-3031.00,0.9325,0.5125,0.7375,0.0675,0.3975,0.3875,0.59,0.5,0.6125,0.8525,0.8625,0.8175,0.875,0.66,0.8525,0.1475,0.1475,0.09,0.1025,0.81,0.1025,0.0125,0.0575,0.4875,0.7625,0.9425,0.94,0.8975,0.4325,0.715,0.6675,0.795,0.7375,0.7275,0.545,0.6025,0.6475,0.785,0.5,0.3875,0.5675
27-3041.00,0.8625,0.52,0.6975,0.18,0.3375,0.5925,0.7225,0.5325,0.64,0.74,0.7675,0.7225,0.475,0.6,0.6725,0.165,0.2,0.22,0.155,0.8925,0.2075,0.07,0.1425,0.58,0.6275,0.7875,0.75,0.68,0.22,0.3875,0.5075,0.4725,0.5875,0.4475,0.445,0.5175,0.4875,0.4275,0.4625,0.2875,0.2575
27-3042.00,0.8325,0.52,0.7975,0.285,0.455,0.4975,0.7475,0.62,0.75,0.5825,0.6425,0.7725,0.44,0.48,0.74,0.1625,0.11,0.2225,0.1225,0.9025,0.44,0.195,0.23,0.725,0.755,0.7575,0.5175,0.65,0.2675,0.4075,0.42,0.165,0.4125,0.44,0.5125,0.2775,0.235,0.4475,0.395,0.1575,0.205
27-3043.00,0.865,0.2575,0.4775,0.025,0.1025,0.3525,0.3475,0.2875,0.28,0.6425,0.7075,0.6425,0.625,0.5575,0.6425,0.085,0.0825,0.015,0.1375,0.6025,0.0125,,0.025,0.32,0.5,0.755,0.79,0.6725,0.3275,0.7575,0.3675,0.29,0.6475,0.615,0.4375,0.515,0.4375,0.38,0.3375,0.155,0.1625
27-3043.05,0.8575,0.25,0.5375,0.0725,0.29,0.4375,0.525,0.3175,0.5,0.675,0.9525,0.69,0.6125,0.535,0.7375,0.1025,0.12,0.155,0,0.7125,0.0225,0.0675,0.1825,0.7275,0.5575,0.41,0.465,0.5825,0.1375,0.58,0.3075,0.5125,0.25,0.16,0.3175,0.215,0.33,0.375,0.41,0.09,0.2375
27-3091.00,0.7575,0.645,0.7725,0.4175,0.3825,0.47,0.475,0.6725,0.575,0.6875,0.635,0.78,0.46,0.475,0.62,0.3775,0.1475,0.2025,0.1825,0.565,0.1675,0.06,0.1075,0.695,0.9275,0.7925,0.6775,0.81,0.5275,0.2025,0.5125,0.735,0.4625,0.565,0.6275,0.4175,0.4825,0.405,0.4525,0.2825,0.3025
27-3092.00,0.8125,0.415,0.4925,0.4375,0.38,0.2375,0.71,0.305,0.2975,0.4275,0.1,0.795,0.3225,0.5975,0.69,0.235,0.17,0.31,0.2775,0.91,0.0825,0.1775,0.39,0.9425,0.28,0.72,0.5975,0.5375,0.36,0.0625,0.1325,0.52,0.325,0.13,0.235,0.21,0.1825,0.1925,0.615,0.0675,0.0975
27-4011.00,0.79,0.68,0.79,0.69,0.5225,0.5825,0.655,0.6475,0.645,0.785,0.7875,0.8,0.4775,0.7325,0.76,0.51,0.6075,0.625,0.3525,0.885,0.43,0.3975,0.6925,0.6775,0.5775,0.775,0.5225,0.56,0.3425,0.195,0.335,0.565,0.585,0.34,0.4775,0.2975,0.44,0.5375,0.38,0.2425,0.455
27-4012.00,0.8075,0.69,0.77,0.72,0.595,0.55,0.645,0.65,0.5825,0.72,0.5975,0.78,0.5325,0.5725,0.6875,0.525,0.4875,0.635,0.4525,0.895,0.485,0.545,0.735,0.7225,0.52,0.835,0.6375,0.6175,0.3375,0.36,0.5125,0.4525,0.59,0.55,0.5375,0.5325,0.4875,0.515,0.425,0.365,0.4525
27-4014.00,0.75,0.6675,0.5525,0.57,0.46,0.64,0.62,0.49,0.48,0.865,0.94,0.82,0.52,0.68,0.715,0.3225,0.39,0.5625,0.18,0.98,0.3225,0.4575,0.5725,0.76,0.5825,0.8,0.5825,0.85,0.43,0.45,0.6,0.39,0.56,0.48,0.46,0.54,0.47,0.48,0.38,0.19,0.3975
27-4021.00,0.7375,0.6375,0.6475,0.6475,0.525,0.59,0.545,0.41,0.4875,0.7725,0.8975,0.795,0.6375,0.7725,0.7625,0.6025,0.5725,0.455,0.2625,0.92,0.16,0.275,0.3875,0.56,0.4325,0.535,0.7725,0.83,0.3525,0.8175,0.6925,0.8625,0.5675,0.5225,0.5575,0.5575,0.6075,0.6075,0.7625,0.3325,0.63
27-4031.00,0.8975,0.715,0.8475,0.7625,0.4825,0.76,0.505,0.4975,0.46,0.8275,0.9,0.7925,0.5775,0.4325,0.6025,0.535,0.725,0.795,0.285,0.8225,0.235,0.515,0.5775,0.6775,0.395,0.8925,0.6375,0.85,0.66,0.4025,0.525,0.4775,0.4425,0.555,0.53,0.4325,0.5725,0.3325,0.265,0.07,0.275
27-4032.00,0.895,0.615,0.82,0.595,0.57,0.5975,0.6675,0.6875,0.645,0.7375,0.9325,0.8675,0.65,0.61,0.76,0.2875,0.3675,0.3825,0.15,0.9675,0.3425,0.1525,0.39,0.765,0.595,0.7775,0.6425,0.7675,0.4025,0.5,0.485,0.5125,0.5725,0.5175,0.475,0.45,0.4525,0.495,0.35,0.3125,0.3425
29-1011.00,0.825,0.605,0.7825,0.37,0.4575,0.6075,0.75,0.675,0.6175,0.83,0.5975,0.79,0.7,0.6675,0.69,0.775,0.6175,0.465,0.1475,0.715,0.155,0.19,0.2025,0.875,0.7225,0.725,0.6375,0.7275,0.925,0.6375,0.6075,0.7675,0.635,0.625,0.5725,0.61,0.4975,0.5625,0.67,0.475,0.6875
29-1021.00,0.92,0.775,0.8175,0.7825,0.6275,0.7675,0.755,0.8475,0.655,0.9075,0.66,0.91,0.6075,0.7625,0.8425,0.43,0.56,0.7425,0.165,0.575,0.27,0.425,0.3275,0.8575,0.63,0.7525,0.5925,0.83,0.9125,0.5875,0.6275,0.9175,0.7275,0.745,0.565,0.8,0.525,0.6225,0.635,0.67,0.635
29-1022.00,0.8575,0.715,0.78,0.75,0.71,0.775,0.775,0.7275,0.7875,0.88,0.6575,0.8975,0.565,0.6475,0.66,0.6025,0.4375,0.6125,0.105,0.67,0.205,0.34,0.4075,0.855,0.7475,0.7,0.705,0.7875,0.9475,0.505,0.525,0.885,0.7025,0.68,0.7475,0.7325,0.685,0.825,0.5575,0.5475,0.5975
29-1023.00,0.7625,0.7525,0.585,0.5225,0.4625,0.6675,0.495,0.6025,0.5475,0.84,0.6525,0.8325,0.6225,0.6475,0.69,0.245,0.5025,0.4125,0.1425,0.6525,0.275,0.23,0.2,0.78,0.525,0.775,0.6475,0.8325,0.66,0.5925,0.4475,0.7475,0.6325,0.795,0.6625,0.695,0.7075,0.515,0.415,0.615,0.7
29-1024.00,0.915,0.825,0.7625,0.765,0.65,0.8175,0.8075,0.7925,0.76,0.905,0.8925,0.895,0.725,0.6475,0.86,0.6775,0.7375,0.6575,0.475,0.735,0.5275,0.4675,0.42,0.9175,0.74,0.725,0.6525,0.845,0.9225,0.6775,0.7025,0.875,0.7525,0.755,0.7575,0.745,0.6875,0.79,0.7125,0.595,0.5975
29-1031.00,0.875,0.5425,0.665,0.2825,0.3825,0.415,0.69,0.665,0.725,0.7575,0.5825,0.8425,0.6,0.4925,0.7325,0.2575,0.1575,0.1325,0.075,0.7925,0.05,0.025,0.0575,0.8075,0.7925,0.6925,0.675,0.7575,0.8875,0.4225,0.4825,0.6125,0.45,0.4325,0.7175,0.4825,0.6425,0.7075,0.5425,0.285,0.4425
29-1041.00,0.9175,0.775,0.8225,0.63,0.6775,0.6675,0.8875,0.725,0.88,0.95,0.5725,0.9475,0.6425,0.6775,0.655,0.3575,0.5125,0.56,0.1075,0.81,0.19,0.2375,0.25,0.9275,0.8625,0.7625,0.5725,0.775,0.9525,0.5725,0.5375,0.8925,0.6775,0.6775,0.725,0.6775,0.6075,0.6425,0.7125,0.56,0.5825
29-1051.00,0.81,0.7675,0.7025,0.4875,0.5625,0.4925,0.7875,0.83,0.585,0.82,0.425,0.835,0.37,0.4125,0.71,0.4025,0.4375,0.5325,0.125,0.79,0.0525,0.1425,0.22,0.845,0.72,0.7125,0.5175,0.6675,0.6925,0.31,0.535,0.5925,0.6275,0.505,0.545,0.5825,0.51,0.5075,0.5075,0.265,0.5375
29-1071.00,0.965,0.7575,0.8525,0.5,0.485,0.715,0.7975,0.7425,0.865,0.93,0.5575,0.96,0.555,0.5275,0.77,0.48,0.44,0.3525,0.1275,0.8375,0.08,0.0475,0.0825,0.945,0.8725,0.9525,0.715,0.89,0.9925,0.325,0.6675,0.785,0.5425,0.6275,0.7375,0.5775,0.57,0.765,0.6275,0.3175,0.375
29-1071.01,0.82,0.845,0.855,0.815,0.63,0.6475,0.7875,0.67,0.7725,0.84,0.575,0.8425,0.5375,0.405,0.605,0.5025,0.555,0.6375,0.245,0.455,0.2725,0.4425,0.365,0.815,0.495,0.73,0.475,0.6775,0.7775,0.405,0.365,0.575,0.4875,0.5075,0.645,0.3725,0.5725,0.5425,0.375,0.2725,0.3075
29-1081.00,0.825,0.645,0.7075,0.44,0.49,0.63,0.7675,0.66,0.545,0.825,0.6525,0.7475,0.5025,0.5075,0.705,0.505,0.5575,0.4225,0.2825,0.8625,0.1675,0.1025,0.21,0.9075,0.7375,0.7925,0.645,0.675,0.975,0.3725,0.285,0.7325,0.585,0.56,0.5475,0.5775,0.52,0.6025,0.485,0.4425,0.59
29-1122.00,0.8625,0.75,0.8075,0.4875,0.5125,0.59,0.6825,0.715,0.6825,0.8525,0.7625,0.8075,0.8175,0.62,0.785,0.705,0.705,0.3075,0.1425,0.6475,0.1475,0.16,0.125,0.9325,0.75,0.8175,0.6475,0.8175,0.91,0.3325,0.5675,0.67,0.5225,0.6125,0.705,0.5225,0.715,0.6125,0.6025,0.34,0.38
29-1122.01,0.7825,0.715,0.6525,0.4025,0.3475,0.575,0.4775,0.5675,0.575,0.8475,0.695,0.7075,0.685,0.685,0.7825,0.6625,0.34,0.1425,0.4775,0.6625,0.0875,0.1075,0.0975,0.8075,0.63,0.695,0.6525,0.76,0.815,0.2825,0.5325,0.6525,0.4675,0.5325,0.76,0.435,0.675,0.6425,0.5225,0.2075,0.2725
29-1123.00,0.8525,0.75,0.7375,0.515,0.4475,0.565,0.7225,0.775,0.615,0.88,0.7275,0.81,0.715,0.67,0.6725,0.7375,0.7125,0.385,0.2375,0.715,0.095,0.1275,0.1725,0.92,0.7,0.8175,0.59,0.77,0.925,0.37,0.5325,0.8575,0.685,0.4975,0.7475,0.5525,0.645,0.61,0.585,0.26,0.315
29-1124.00,0.835,0.785,0.875,0.8975,0.6325,0.69,0.7225,0.7375,0.6475,0.825,0.53,0.8625,0.41,0.6025,0.6725,0.725,0.66,0.9,0.5275,0.845,0.5075,0.5025,0.585,0.895,0.725,0.85,0.61,0.74,0.9025,0.1725,0.5875,0.8625,0.6825,0.6175,0.675,0.5025,0.5025,0.43,0.545,0.3425,0.39
29-1125.00,0.8225,0.5775,0.655,0.4925,0.33,0.5475,0.4725,0.635,0.445,0.77,0.865,0.73,0.6525,0.8175,0.8125,0.6425,0.565,0.2225,0.3925,0.66,0.17,0.16,0.21,0.8325,0.535,0.855,0.5975,0.8625,0.965,0.4125,0.6825,0.67,0.6625,0.6825,0.6625,0.5975,0.71,0.5075,0.5325,0.435,0.54
29-1126.00,0.8675,0.7575,0.7275,0.855,0.535,0.5475,0.715,0.7375,0.7375,0.795,0.4475,0.8,0.55,0.5275,0.79,0.6325,0.7075,0.7175,0.3625,0.6975,0.3525,0.37,0.4375,0.8975,0.645,0.765,0.3775,0.6625,0.88,0.1875,0.5025,0.69,0.5525,0.5775,0.5975,0.5125,0.5875,0.5225,0.3875,0.36,0.3725
29-1127.00,0.9525,0.6475,0.76,0.435,0.29,0.69,0.72,0.8125,0.8625,0.895,0.685,0.7975,0.865,0.645,0.8975,0.34,0.315,0.085,0.0425,0.8275,0.0425,0.035,0.1075,0.985,0.69,0.81,0.3925,0.9225,0.79,0.2175,0.55,0.755,0.505,0.51,0.69,0.315,0.665,0.43,0.815,0.0175,0.0575
29-1128.00,0.845,0.59,0.655,0.4775,0.3625,0.4425,0.66,0.6025,0.705,0.7625,0.59,0.785,0.6075,0.5225,0.67,0.785,0.5575,0.4875,0.1925,0.75,0.1025,0.1925,0.16,0.785,0.8075,0.715,0.6125,0.845,0.9125,0.525,0.475,0.7375,0.5225,0.625,0.67,0.5,0.7275,0.625,0.535,0.3175,0.34
29-1129.01,0.8225,0.75,0.79,0.3675,0.4225,0.585,0.61,0.695,0.6025,0.7975,0.96,0.7575,0.735,0.68,0.7725,0.3275,0.445,0.155,0.095,0.5775,0.1175,0.1025,0.055,0.86,0.75,0.87,0.63,0.8625,0.93,0.29,0.765,0.64,0.53,0.625,0.605,0.57,0.765,0.6,0.64,0.235,0.415
29-1129.02,0.77,0.6825,0.625,0.395,0.3075,0.635,0.5575,0.595,0.5375,0.7875,0.99,0.73,0.8175,0.635,0.72,0.51,0.5575,0.22,0.115,0.5575,0.105,0.1725,0.1825,0.8375,0.605,0.76,0.605,0.94,0.94,0.3075,0.615,0.6625,0.52,0.615,0.7125,0.4325,0.6625,0.5575,0.615,0.3075,0.385
29-1131.00,0.88,0.7025,0.865,0.565,0.52,0.5225,0.6825,0.555,0.6825,0.9525,0.4225,0.875,0.4525,0.33,0.535,0.5075,0.46,0.37,0.1525,0.56,0.105,0.155,0.1425,0.815,0.76,0.6975,0.5825,0.765,0.67,0.5775,0.47,0.8125,0.535,0.545,0.515,0.52,0.42,0.4375,0.335,0.2375,0.2825
29-1141.00,0.94,0.7875,0.8925,0.7475,0.3775,0.75,0.68,0.8775,0.7325,0.885,0.7075,0.9125,0.5975,0.59,0.8775,0.8925,0.7725,0.465,0.3125,0.845,0.165,0.1825,0.1925,0.965,0.7825,0.9,0.6025,0.85,0.985,0.295,0.675,0.6725,0.68,0.735,0.7025,0.7625,0.7175,0.6175,0.535,0.41,0.3125
29-1141.01,0.8425,0.7375,0.7875,0.655,0.475,0.56,0.6125,0.69,0.6875,0.855,0.6325,0.8,0.525,0.5375,0.8425,0.69,0.6075,0.44,0.1875,0.775,0.1,0.265,0.35,0.875,0.7625,0.8625,0.6,0.7375,0.9175,0.2625,0.6675,0.75,0.67,0.75,0.8025,0.67,0.675,0.535,0.475,0.62,0.5625
29-1141.02,0.8925,0.695,0.75,0.2375,0.4575,0.6925,0.8925,0.8175,0.8075,0.9125,0.7375,0.935,0.6925,0.535,0.825,0.2175,0.125,0.1525,0.075,0.7725,0.0975,0.055,0.1075,0.945,0.815,0.805,0.75,0.925,0.99,0.4125,0.825,0.6075,0.555,0.575,0.705,0.49,0.625,0.76,0.535,0.24,0.38
29-1141.03,0.9375,0.815,0.8975,0.6425,0.4375,0.5725,0.76,0.7325,0.74,0.9375,0.5975,0.885,0.5275,0.5525,0.83,0.7225,0.6775,0.59,0.2225,0.84,0.17,0.2325,0.2675,0.875,0.795,0.795,0.5,0.8575,0.9825,0.25,0.705,0.8575,0.66,0.715,0.7225,0.545,0.675,0.6075,0.4025,0.49,0.395
29-1141.04,0.825,0.81,0.775,0.4875,0.62,0.725,0.7625,0.825,0.7975,0.87,0.69,0.94,0.6875,0.5,0.775,0.4275,0.3325,0.3225,0.1875,0.75,0.2025,0.155,0.1775,0.785,0.725,0.9375,0.6425,0.8925,0.9275,0.5,0.6775,0.5625,0.6775,0.7375,0.87,0.5725,0.7875,0.845,0.475,0.2975,0.4875
29-1151.00,0.935,0.865,0.905,0.88,0.7025,0.6825,0.825,0.8425,0.89,0.9075,0.615,0.9125,0.635,0.5925,0.74,0.7225,0.685,0.7125,0.3375,0.7875,0.24,0.4175,0.4525,0.92,0.72,0.875,0.51,0.7975,0.9625,0.4175,0.6725,0.7225,0.6675,0.6925,0.7975,0.7225,0.6475,0.675,0.4325,0.52,0.6025
29-1161.00,0.9475,0.825,0.9175,0.54,0.4525,0.625,0.765,0.7875,0.735,0.9025,0.62,0.8975,0.61,0.6475,0.7975,0.625,0.565,0.345,0.14,0.75,0.06,0.1375,0.1325,0.955,0.775,0.88,0.61,0.895,0.985,0.36,0.75,0.7875,0.705,0.7425,0.7275,0.625,0.68,0.66,0.5525,0.4775,0.375
29-1171.00,0.8925,0.7175,0.8375,0.4425,0.4775,0.69,0.8075,0.7825,0.815,0.91,0.62,0.8625,0.555,0.5,0.7625,0.535,0.305,0.2875,0.1625,0.8,0.0675,0.1525,0.1425,0.935,0.805,0.7925,0.69,0.8175,0.88,0.445,0.62,0.7725,0.5975,0.6825,0.7375,0.5975,0.66,0.7275,0.4425,0.3375,0.4125
29-1181.00,0.905,0.6375,0.785,0.6375,0.54,0.7025,0.7375,0.7625,0.715,0.8925,0.5675,0.9425,0.58,0.7275,0.715,0.3075,0.5,0.6775,0.16,0.9425,0.285,0.4325,0.6125,0.8975,0.845,0.8225,0.8325,0.9275,0.965,0.785,0.705,0.9325,0.5,0.58,0.7625,0.625,0.6425,0.7275,0.775,0.5125,0.59
29-1211.00,0.86,0.85,0.805,0.8025,0.7325,0.65,0.8325,0.8475,0.8375,0.945,0.59,0.8575,0.5475,0.61,0.72,0.48,0.55,0.8,0.3025,0.5825,0.23,0.2825,0.31,0.835,0.695,0.805,0.5475,0.74,0.92,0.21,0.505,0.605,0.5875,0.5225,0.67,0.6125,0.535,0.6125,0.38,0.4675,0.41
29-1213.00,0.905,0.6425,0.76,0.3275,0.395,0.475,0.6475,0.495,0.6075,0.83,0.385,0.705,0.57,0.56,0.695,0.4775,0.3025,0.21,0.04,0.78,0.05,0.0275,0.0375,0.905,0.7875,0.8225,0.665,0.82,0.9375,0.255,0.5375,0.67,0.6575,0.575,0.7025,0.5825,0.49,0.4975,0.53,0.3,0.47
29-1214.00,0.9575,0.7575,0.82,0.43,0.525,0.6575,0.8625,0.5775,0.8975,0.9825,0.57,0.94,0.465,0.4725,0.75,0.5175,0.43,0.435,0.24,0.835,0.1675,0.09,0.125,0.93,0.94,0.8525,0.655,0.88,0.965,0.3575,0.6775,0.9275,0.66,0.6975,0.7425,0.6675,0.61,0.69,0.4825,0.33,0.3875
29-1215.00,0.8975,0.7325,0.8,0.4075,0.29,0.6475,0.5175,0.8325,0.8125,0.8375,0.315,0.9675,0.5325,0.4075,0.5825,0.24,0.2375,0.05,0.0025,0.8875,0.0375,0,0.0025,0.99,0.8675,0.825,0.7,0.8225,0.9975,0.3325,0.3825,0.8,0.195,0.6375,0.41,0.33,0.205,0.3825,0.48,0.07,0.045
29-1216.00,0.8575,0.765,0.8075,0.5075,0.5925,0.6525,0.7775,0.71,0.865,0.865,0.5225,0.9525,0.51,0.685,0.8125,0.505,0.4475,0.415,0.0925,0.775,0.1325,0.0975,0.1625,0.9425,0.815,0.7575,0.575,0.81,0.9775,0.275,0.4775,0.745,0.5175,0.5175,0.535,0.4775,0.465,0.5125,0.435,0.4025,0.22
29-1217.00,0.98,0.8825,0.885,0.395,0.6625,0.7975,0.8875,0.7925,0.8975,0.975,0.71,0.925,0.71,0.725,0.7775,0.37,0.295,0.3175,0.125,0.7425,0.115,0.0875,0.1525,0.9075,0.895,0.8475,0.735,0.84,0.9525,0.4725,0.58,0.69,0.61,0.6175,0.7625,0.7025,0.6775,0.855,0.7175,0.45,0.555
29-1218.00,0.88,0.7525,0.8575,0.6425,0.66,0.685,0.7825,0.705,0.8575,0.95,0.5775,0.925,0.6475,0.6125,0.75,0.52,0.5225,0.555,0.285,0.795,0.19,0.1625,0.2,0.9075,0.8025,0.8125,0.7175,0.85,0.9675,0.2825,0.625,0.845,0.645,0.6225,0.7925,0.625,0.67,0.865,0.545,0.2975,0.49
29-1221.00,0.8975,0.6125,0.785,0.48,0.4425,0.595,0.7475,0.685,0.4875,0.95,0.2975,0.955,0.52,0.2875,0.5075,0.315,0.26,0.1625,0.11,0.755,0.1225,0.1275,0.2725,0.9125,0.8525,0.9125,0.665,0.96,0.9925,0.3075,0.3925,0.8075,0.655,0.625,0.67,0.6,0.455,0.525,0.47,0.4175,0.36
29-1222.00,0.8925,0.735,0.88,0.6875,0.5875,0.7525,0.9025,0.825,0.7725,0.89,0.5675,0.9425,0.505,0.4775,0.755,0.3725,0.4175,0.475,0.245,0.82,0.38,0.3,0.3225,0.8975,0.7625,0.8175,0.6375,0.7525,0.5825,0.3775,0.4775,0.27,0.46,0.5375,0.62,0.41,0.4575,0.6875,0.4925,0.3875,0.55
29-1223.00,0.95,0.685,0.8,0.2925,0.3325,0.7125,0.7,0.6525,0.715,0.915,0.625,0.8825,0.6225,0.5075,0.66,0.2525,0.1125,0.1625,0.11,0.615,0.07,0.0225,0.1075,0.845,0.725,0.835,0.59,0.9125,0.99,0.4125,0.6925,0.5425,0.5175,0.68,0.7525,0.545,0.5325,0.7225,0.5625,0.2825,0.3175
29-1224.00,0.895,0.785,0.8625,0.66,0.61,0.7975,0.8425,0.765,0.8025,0.8925,0.5675,0.9225,0.59,0.6825,0.775,0.4425,0.515,0.5425,0.32,0.8675,0.3475,0.305,0.3875,0.8425,0.8575,0.8925,0.73,0.84,0.9675,0.245,0.365,0.67,0.525,0.4775,0.5975,0.5825,0.5775,0.73,0.5425,0.2775,0.34
29-1229.01,0.9275,0.77,0.815,0.48,0.5,0.5525,0.715,0.7575,0.795,0.97,0.56,0.85,0.7075,0.47,0.77,0.3825,0.1525,0.12,0.0525,0.8125,0.1075,0.105,0.155,0.935,0.835,0.8375,0.685,0.8125,0.965,0.305,0.4275,0.7325,0.4825,0.58,0.545,0.635,0.585,0.72,0.51,0.38,0.4375
29-1229.02,0.95,0.82,0.88,0.45,0.59,0.62,0.9275,0.71,0.905,0.95,0.57,0.91,0.6,0.66,0.77,0.38,0.3025,0.27,0.13,0.865,0.11,0.08,0.07,0.95,0.89,0.94,0.58,0.885,0.96,0.4375,0.76,0.8,0.73,0.73,0.54,0.53,0.59,0.74,0.55,0.4175,0.54
29-1229.03,0.905,0.815,0.9325,0.635,0.63,0.805,0.9225,0.775,0.9,0.9375,0.7375,0.915,0.7025,0.7275,0.8175,0.57,0.605,0.7275,0.515,0.8975,0.3475,0.32,0.3725,0.985,0.765,0.88,0.7325,0.87,0.9725,0.485,0.62,0.86,0.7425,0.54,0.65,0.6575,0.6125,0.82,0.72,0.5425,0.5725
29-1229.04,0.865,0.7725,0.8925,0.625,0.64,0.8375,0.84,0.78,0.7925,0.9075,0.65,0.8775,0.6725,0.665,0.78,0.4975,0.445,0.515,0.2575,0.8225,0.1225,0.2525,0.3125,0.91,0.8325,0.865,0.75,0.83,0.9925,0.365,0.5875,0.725,0.6625,0.6975,0.7875,0.74,0.7475,0.775,0.57,0.41,0.555
29-1229.05,0.92,0.7625,0.7775,0.3825,0.685,0.6325,0.8675,0.8025,0.89,0.93,0.6675,0.8475,0.7225,0.58,0.7625,0.2625,0.1175,0.1575,0.145,0.7625,0.0925,0.08,0.1325,0.6575,0.855,0.815,0.805,0.815,0.71,0.5125,0.685,0.685,0.6775,0.765,0.75,0.685,0.6575,0.8025,0.5,0.54,0.4875
29-1229.06,0.9225,0.8575,0.81,0.5525,0.6075,0.68,0.7525,0.57,0.87,0.98,0.66,0.925,0.61,0.6325,0.815,0.6325,0.6,0.3875,0.3725,0.6325,0.3875,0.1825,0.19,0.8575,0.6425,0.88,0.68,0.79,0.9975,0.43,0.565,0.7875,0.69,0.6125,0.835,0.675,0.655,0.805,0.535,0.495,0.405
29-1241.00,0.9075,0.865,0.9325,0.69,0.83,0.735,0.8875,0.715,0.9075,0.93,0.6275,0.9075,0.7675,0.645,0.7125,0.37,0.415,0.755,0.5325,0.5125,0.385,0.4,0.3275,0.91,0.83,0.8425,0.63,0.7825,0.92,0.4875,0.6925,0.675,0.6975,0.655,0.6375,0.6525,0.485,0.875,0.4275,0.495,0.4925
29-1291.00,0.8275,0.5525,0.655,0.34,0.2925,0.5175,0.5425,0.525,0.6125,0.7925,0.655,0.82,0.5425,0.5975,0.66,0.5075,0.475,0.1475,0.0525,0.5075,0.07,0.1125,0.13,0.885,0.625,0.465,0.5525,0.81,0.93,0.4275,0.415,0.795,0.2925,0.2575,0.465,0.3025,0.5,0.635,0.6875,0.2575,0.4525
29-1292.00,0.7175,0.6675,0.6675,0.6925,0.6075,0.715,0.6175,0.7075,0.6025,0.7625,0.5875,0.755,0.625,0.585,0.6475,0.62,0.735,0.5025,0.1625,0.705,0.29,0.4275,0.4375,0.7925,0.745,0.735,0.635,0.9025,0.87,0.66,0.675,0.815,0.585,0.535,0.5425,0.44,0.51,0.59,0.5,0.2825,0.4425
29-1299.01,0.93,0.73,0.79,0.4275,0.48,0.6,0.71,0.57,0.81,0.905,0.68,0.82,0.61,0.65,0.68,0.34,0.31,0.2,0.07,0.72,0.07,0.08,0.15,0.94,0.82,0.65,0.66,0.8,0.96,0.56,0.56,0.76,0.4,0.48,0.56,0.43,0.58,0.59,0.67,0.37,0.5725
29-1299.02,0.87,0.53,0.7875,0.36,0.325,0.4725,0.61,0.49,0.7125,0.8525,0.4825,0.7675,0.4525,0.345,0.5,0.325,0.4325,0.185,0.055,0.74,0.0275,0.11,0.155,0.9,0.7675,0.815,0.5,0.7675,0.88,0.2225,0.4175,0.7975,0.5,0.5575,0.78,0.5,0.52,0.47,0.435,0.2775,0.185
29-2011.00,0.85,0.8675,0.7775,0.9375,0.665,0.67,0.8925,0.955,0.9125,0.96,0.5125,0.86,0.55,0.61,0.76,0.5225,0.6225,0.7175,0.295,0.8625,0.3125,0.68,0.635,0.885,0.62,0.87,0.525,0.67,0.6375,0.1725,0.47,0.4375,0.5125,0.46,0.81,0.6425,0.6025,0.5325,0.4475,0.4425,0.4775
29-2011.01,0.7975,0.6675,0.7975,0.69,0.44,0.45,0.7375,0.655,0.825,0.675,0.4,0.85,0.38,0.475,0.7025,0.2975,0.525,0.56,0.095,0.7875,0.1675,0.345,0.3925,0.88,0.7025,0.845,0.37,0.625,0.345,0.1775,0.3575,0.15,0.525,0.4875,0.5475,0.4175,0.5,0.4175,0.5125,0.285,0.4375
29-2011.02,0.7975,0.5225,0.715,0.5675,0.41,0.465,0.59,0.6125,0.5825,0.6375,0.285,0.7275,0.295,0.3325,0.5225,0.25,0.4425,0.3975,0.1375,0.7975,0.0675,0.215,0.295,0.8625,0.4775,0.7275,0.38,0.5125,0.375,0.1025,0.3075,0.1925,0.4275,0.375,0.4425,0.4325,0.3975,0.375,0.535,0.295,0.3175
29-2011.04,0.6775,0.69,0.63,0.775,0.425,0.475,0.5825,0.7125,0.5,0.7025,0.4,0.6425,0.4175,0.3925,0.62,0.475,0.5625,0.6425,0.2025,0.6775,0.2375,0.3925,0.375,0.775,0.3225,0.75,0.3325,0.5125,0.3125,0.13,0.3875,0.0475,0.525,0.56,0.5825,0.345,0.465,0.285,0.465,0.3875,0.44
29-2012.00,0.85,0.81,0.6575,0.7625,0.5275,0.5625,0.88,0.78,0.71,0.835,0.4775,0.845,0.4925,0.3725,0.635,0.4375,0.5125,0.61,0.1975,0.8625,0.18,0.42,0.5425,0.8125,0.6525,0.7375,0.455,0.63,0.5125,0.0575,0.395,0.4775,0.4675,0.5425,0.675,0.49,0.525,0.455,0.4,0.09,0.345
29-2012.01,0.69,0.72,0.65,0.72,0.35,0.46,0.55,0.67,0.47,0.76,0.42,0.625,0.33,0.41,0.645,0.4175,0.57,0.67,0.14,0.58,0.12,0.37,0.3025,0.73,0.395,0.72,0.34,0.47,0.25,0.06,0.31,0.09,0.43,0.41,0.59,0.45,0.35,0.3,0.42,0.3225,0.46
29-2031.00,0.79,0.6875,0.7775,0.7075,0.4925,0.54,0.6775,0.7275,0.685,0.665,0.46,0.7275,0.445,0.4125,0.635,0.5575,0.715,0.755,0.3625,0.825,0.255,0.395,0.4425,0.87,0.66,0.735,0.42,0.7,0.8925,0.1325,0.4125,0.69,0.3825,0.5625,0.4925,0.3275,0.4175,0.3175,0.4675,0.2525,0.315
29-2032.00,0.805,0.6675,0.69,0.655,0.4975,0.5225,0.655,0.685,0.635,0.6925,0.505,0.7875,0.4,0.545,0.58,0.65,0.6,0.6725,0.3225,0.745,0.1975,0.4075,0.43,0.78,0.695,0.77,0.53,0.7125,0.82,0.27,0.5325,0.7325,0.5125,0.515,0.5775,0.4475,0.4975,0.4275,0.495,0.2125,0.2875
29-2033.00,0.8,0.7,0.6975,0.71,0.535,0.53,0.67,0.7575,0.4675,0.67,0.4525,0.8025,0.39,0.565,0.67,0.5975,0.6225,0.7025,0.31,0.8875,0.2375,0.3475,0.4825,0.8175,0.585,0.7275,0.49,0.735,0.9025,0.245,0.475,0.7725,0.6525,0.5625,0.5775,0.4525,0.465,0.4,0.55,0.285,0.4475
29-2034.00,0.725,0.705,0.6725,0.6875,0.345,0.51,0.49,0.595,0.4175,0.6075,0.45,0.76,0.3325,0.4275,0.6125,0.6725,0.7375,0.755,0.3775,0.8225,0.1725,0.3175,0.4275,0.76,0.5675,0.7025,0.395,0.7125,0.9675,0.1375,0.4925,0.7375,0.4725,0.505,0.605,0.4,0.56,0.365,0.3475,0.265,0.3175
29-2035.00,0.76,0.74,0.675,0.685,0.4875,0.545,0.7275,0.75,0.6525,0.795,0.63,0.7925,0.49,0.5225,0.6525,0.575,0.725,0.7275,0.2375,0.88,0.2725,0.3975,0.51,0.87,0.555,0.75,0.6075,0.59,0.8575,0.2725,0.4775,0.81,0.5,0.5225,0.675,0.5875,0.66,0.49,0.555,0.4025,0.4575
29-2036.00,0.8025,0.6375,0.7375,0.54,0.5875,0.5875,0.815,0.7225,0.8125,0.8375,0.7225,0.83,0.58,0.6375,0.8125,0.1875,0.225,0.325,0.145,0.95,0.425,0.2125,0.3125,0.8825,0.7,0.815,0.4375,0.675,0.485,0.145,0.3375,0.175,0.5625,0.575,0.5125,0.3875,0.4375,0.5275,0.4125,0.1625,0.225
29-2051.00,0.95,0.81,0.865,0.815,0.6075,0.6775,0.8,0.8825,0.6875,0.8,0.6625,0.7825,0.5575,0.66,0.77,0.57,0.6675,0.54,0.5125,0.5,0.3475,0.3475,0.275,0.785,0.5275,0.7775,0.505,0.765,0.855,0.42,0.665,0.5125,0.5825,0.7025,0.7275,0.6075,0.5625,0.695,0.5075,0.5425,0.5375
29-2052.00,0.82,0.7275,0.71,0.5525,0.55,0.545,0.7725,0.775,0.6575,0.66,0.385,0.6675,0.405,0.5075,0.66,0.435,0.495,0.48,0.245,0.7925,0.2325,0.2675,0.2675,0.7625,0.6525,0.7125,0.5725,0.74,0.6525,0.3225,0.615,0.7325,0.5525,0.4875,0.665,0.445,0.53,0.4325,0.4575,0.295,0.4975
29-2053.00,0.86,0.705,0.8625,0.5375,0.2175,0.2175,0.56,0.66,0.335,0.695,0.5025,0.595,0.2875,0.5375,0.7125,0.54,0.4275,0.1325,0.2975,0.5325,0.0625,0.0475,0.1,0.8,0.565,0.89,0.4625,0.7575,0.98,0.2725,0.875,0.3425,0.6225,0.6725,0.64,0.2725,0.6225,0.435,0.4225,0.15,0.2475
29-2055.00,0.88,0.765,0.84,0.85,0.5025,0.635,0.5875,0.855,0.4625,0.7325,0.5125,0.775,0.4725,0.5,0.69,0.6775,0.855,0.5525,0.2925,0.4625,0.3575,0.4325,0.4375,0.5875,0.5925,0.835,0.35,0.7325,0.8725,0.175,0.505,0.5,0.6125,0.6125,0.6825,0.45,0.6025,0.41,0.2625,0.245,0.44
29-2056.00,0.835,0.8075,0.8775,0.8325,0.6325,0.65,0.6125,0.6225,0.5975,0.725,0.44,0.79,0.4175,0.485,0.7075,0.81,0.73,0.555,0.27,0.57,0.2825,0.4575,0.435,0.8425,0.74,0.74,0.6575,0.6575,0.87,0.495,0.525,0.7425,0.5675,0.57,0.635,0.4425,0.475,0.4125,0.52,0.325,0.465
29-2057.00,0.8875,0.525,0.67,0.595,0.3075,0.405,0.655,0.595,0.455,0.5625,0.3175,0.7725,0.295,0.4325,0.5675,0.345,0.3975,0.4325,0.0725,0.7725,0.075,0.285,0.375,0.8325,0.59,0.7375,0.5,0.7375,0.87,0.2,0.5225,0.8875,0.5225,0.575,0.7025,0.5,0.545,0.4525,0.4,0.33,0.295
29-2061.00,0.8575,0.7525,0.785,0.6725,0.4825,0.6175,0.6875,0.67,0.66,0.8,0.4825,0.7875,0.58,0.61,0.8,0.635,0.4625,0.3925,0.23,0.6925,0.2525,0.2725,0.2975,0.8675,0.61,0.78,0.555,0.6325,0.8925,0.22,0.6975,0.5175,0.6475,0.66,0.65,0.6575,0.58,0.4475,0.4675,0.3425,0.37
29-2081.00,0.88,0.655,0.7275,0.695,0.6975,0.72,0.76,0.865,0.675,0.865,0.6675,0.8325,0.5225,0.5725,0.6775,0.365,0.615,0.5725,0.1775,0.825,0.355,0.4175,0.365,0.9275,0.76,0.77,0.75,0.7925,0.7925,0.885,0.72,0.9575,0.555,0.615,0.75,0.6975,0.7175,0.675,0.7625,0.52,0.695
29-2091.00,0.775,0.6425,0.715,0.7625,0.5275,0.6325,0.775,0.7375,0.6,0.87,0.7625,0.7625,0.525,0.6575,0.775,0.5725,0.62,0.655,0.3925,0.785,0.5125,0.56,0.44,0.875,0.725,0.7875,0.69,0.7375,0.87,0.44,0.595,0.845,0.56,0.56,0.595,0.5525,0.5475,0.595,0.7125,0.4375,0.5875
29-2092.00,0.835,0.53,0.79,0.655,0.4775,0.5525,0.495,0.525,0.5475,0.7625,0.53,0.815,0.465,0.5525,0.6375,0.3275,0.4275,0.475,0.25,0.825,0.305,0.3225,0.695,0.78,0.7275,0.655,0.67,0.7825,0.915,0.7475,0.5725,0.8425,0.435,0.3825,0.4325,0.315,0.3275,0.5125,0.565,0.2525,0.45
29-2099.01,0.8875,0.8225,0.895,0.7175,0.54,0.5475,0.735,0.75,0.775,0.775,0.4825,0.83,0.515,0.5975,0.7175,0.62,0.71,0.5575,0.1175,0.9,0.2325,0.3025,0.6125,0.9075,0.6525,0.825,0.515,0.7925,0.9275,0.2675,0.5425,0.7575,0.6,0.6375,0.7175,0.5875,0.605,0.5325,0.5875,0.5075,0.465
29-2099.05,0.8875,0.515,0.6625,0.5375,0.325,0.4075,0.575,0.55,0.4125,0.7125,0.3125,0.75,0.2125,0.4375,0.58,0.435,0.395,0.5625,0.1325,0.775,0.05,0.35,0.3375,0.9,0.5,0.775,0.55,0.7625,0.855,0.2125,0.5625,0.7875,0.6125,0.575,0.6625,0.55,0.625,0.4075,0.525,0.4125,0.3125
29-2099.08,0.9175,0.7425,0.765,0.355,0.4875,0.5925,0.8175,0.835,0.5975,0.84,0.45,0.7675,0.445,0.5325,0.7725,0.38,0.36,0.2325,0.155,0.82,0.18,0.15,0.1,0.8375,0.7525,0.9125,0.71,0.885,0.8775,0.405,0.645,0.7,0.6375,0.57,0.61,0.3725,0.445,0.43,0.675,0.2275,0.5325
29-9091.00,0.7275,0.5775,0.675,0.505,0.5,0.5775,0.53,0.65,0.4775,0.9125,0.745,0.81,0.605,0.62,0.7525,0.67,0.43,0.1825,0.2,0.55,0.18,0.1725,0.185,0.965,0.5175,0.7,0.5575,0.79,0.97,0.15,0.42,0.4075,0.4275,0.495,0.545,0.4,0.6325,0.4475,0.5925,0.1925,0.365
29-9092.00,0.92,0.51,0.5975,0.0875,0.2825,0.565,0.7275,0.5975,0.7075,0.7825,0.445,0.935,0.3925,0.445,0.76,0.065,0.0875,0.0425,0.0225,0.815,0.065,0,0.01,0.8575,0.935,0.7825,0.7925,0.805,0.8575,0.1525,0.5,0.695,0.425,0.38,0.6625,0.3575,0.4775,0.6525,0.5975,0.26,0.1075
29-9093.00,0.8675,0.88,0.9025,0.8325,0.635,0.6875,0.6675,0.7825,0.5775,0.885,0.5875,0.8175,0.56,0.4875,0.725,0.8325,0.8325,0.705,0.345,0.6325,0.31,0.3275,0.3675,0.685,0.645,0.85,0.5,0.85,0.9925,0.385,0.565,0.705,0.5,0.6,0.6525,0.535,0.5875,0.5925,0.4,0.225,0.4225
29-9099.01,0.8325,0.7475,0.8175,0.7375,0.61,0.71,0.7125,0.73,0.7175,0.8425,0.5775,0.7675,0.6325,0.6975,0.72,0.6575,0.525,0.3375,0.265,0.625,0.2025,0.315,0.195,0.875,0.7325,0.7975,0.7275,0.8525,0.93,0.5275,0.6675,0.76,0.5325,0.67,0.69,0.5875,0.6475,0.6875,0.55,0.4275,0.515
31-1121.00,0.85,0.69,0.765,0.6325,0.5375,0.605,0.6475,0.695,0.49,0.63,0.635,0.665,0.4275,0.57,0.6725,0.5925,0.7475,0.325,0.43,0.2275,0.1725,0.145,0.1175,0.795,0.53,0.8225,0.3375,0.7125,0.94,0.2125,0.55,0.525,0.485,0.4575,0.48,0.2825,0.525,0.4,0.3025,0.2425,0.445
31-1122.00,0.935,0.665,0.715,0.64,0.5775,0.63,0.635,0.7775,0.575,0.74,0.6625,0.7,0.6525,0.57,0.75,0.7675,0.725,0.435,0.54,0.6175,0.3625,0.3725,0.335,0.7525,0.705,0.78,0.755,0.86,0.9875,0.545,0.5925,0.725,0.685,0.69,0.805,0.4975,0.6475,0.425,0.4575,0.375,0.445
31-1131.00,0.79,0.6875,0.675,0.6375,0.4525,0.5275,0.5825,0.635,0.47,0.655,0.5625,0.615,0.3925,0.475,0.6,0.7025,0.5425,0.4075,0.32,0.52,0.235,0.235,0.2425,0.7625,0.5375,0.7825,0.305,0.7325,0.89,0.2875,0.6225,0.4725,0.625,0.6475,0.58,0.3225,0.485,0.4175,0.3725,0.335,0.27
31-1132.00,0.735,0.595,0.735,0.79,0.3275,0.525,0.56,0.7175,0.355,0.5175,0.3075,0.5075,0.275,0.2675,0.5975,0.8125,0.81,0.4825,0.2425,0.3625,0.0925,0.235,0.155,0.4475,0.385,0.72,0.325,0.6825,0.8275,0.205,0.53,0.5,0.4,0.45,0.5225,0.215,0.46,0.3875,0.2425,0.1825,0.3375
31-1133.00,0.9625,0.7875,0.7575,0.545,0.375,0.445,0.445,0.7025,0.42,0.7675,0.67,0.7775,0.5075,0.495,0.7175,0.5775,0.4225,0.2425,0.475,0.49,0.085,0.1725,0.19,0.8525,0.68,0.865,0.3625,0.685,0.9125,0.23,0.7725,0.4725,0.53,0.6475,0.8375,0.4575,0.6,0.46,0.5375,0.275,0.27
31-2011.00,0.76,0.8025,0.775,0.5875,0.36,0.5075,0.6025,0.73,0.49,0.8,0.89,0.8375,0.695,0.6475,0.7675,0.7925,0.7125,0.35,0.1175,0.7425,0.21,0.205,0.18,0.9475,0.7725,0.9475,0.615,0.865,0.94,0.265,0.63,0.705,0.6,0.625,0.6525,0.525,0.59,0.545,0.3075,0.1775,0.3325
31-2012.00,0.8075,0.69,0.7525,0.645,0.43,0.58,0.585,0.7375,0.5425,0.725,0.63,0.625,0.5325,0.69,0.72,0.8275,0.635,0.5275,0.43,0.725,0.3525,0.4175,0.405,0.7225,0.72,0.85,0.645,0.7825,0.955,0.33,0.7275,0.8775,0.6775,0.7,0.73,0.6025,0.665,0.53,0.6675,0.4225,0.4625
31-2021.00,0.8025,0.65,0.9125,0.6375,0.42,0.6225,0.6275,0.805,0.5425,0.775,0.63,0.8175,0.5325,0.54,0.665,0.92,0.6675,0.415,0.2875,0.785,0.3,0.2975,0.4875,0.9475,0.63,0.9775,0.565,0.9075,0.9975,0.295,0.4475,0.865,0.54,0.6775,0.6,0.4225,0.5575,0.4875,0.39,0.1425,0.2625
31-2022.00,0.815,0.7525,0.665,0.57,0.395,0.7175,0.5975,0.6425,0.4575,0.685,0.6275,0.7425,0.5325,0.515,0.6,0.6625,0.7675,0.3575,0.225,0.7525,0.1775,0.23,0.1525,0.7475,0.6225,0.8575,0.5875,0.7225,0.995,0.2425,0.4425,0.875,0.6075,0.6375,0.55,0.48,0.4525,0.455,0.4025,0.0725,0.3275
31-9011.00,0.7975,0.5375,0.66,0.405,0.28,0.595,0.4525,0.7025,0.4225,0.72,0.5475,0.645,0.5,0.51,0.5775,0.8075,0.5875,0.145,0.0375,0.3175,0.0375,0.125,0.115,0.7025,0.54,0.5,0.51,0.8,0.9,0.27,0.53,0.88,0.2975,0.405,0.4225,0.3175,0.375,0.48,0.5675,0.24,0.5575
31-9091.00,0.8875,0.755,0.8425,0.795,0.57,0.7275,0.635,0.6425,0.55,0.755,0.5425,0.7125,0.54,0.75,0.73,0.53,0.6425,0.46,0.2975,0.8625,0.3475,0.43,0.4375,0.7025,0.585,0.775,0.495,0.6875,0.8725,0.5125,0.565,0.7925,0.6,0.58,0.635,0.535,0.6425,0.5475,0.4875,0.3675,0.4475
31-9092.00,0.9725,0.7125,0.8575,0.85,0.6525,0.7225,0.865,0.81,0.765,0.82,0.5875,0.8975,0.7,0.645,0.8275,0.58,0.515,0.5125,0.46,0.92,0.4975,0.435,0.4975,0.9125,0.6375,0.8575,0.645,0.62,0.895,0.3475,0.5825,0.65,0.4725,0.5,0.675,0.5925,0.5375,0.5925,0.7675,0.4825,0.5425
31-9093.00,0.84,0.905,0.8275,0.8475,0.7025,0.78,0.8675,0.9275,0.5875,0.8175,0.59,0.7925,0.45,0.5075,0.8525,0.7275,0.81,0.7125,0.375,0.63,0.2275,0.3725,0.3925,0.9075,0.6775,0.7775,0.52,0.6025,0.6425,0.3025,0.505,0.51,0.4275,0.4825,0.5775,0.47,0.47,0.4475,0.41,0.2425,0.44
31-9094.00,0.8525,0.63,0.75,0.2675,0.2675,0.3325,0.8,0.705,0.5775,0.595,0.1575,0.6625,0.25,0.575,0.69,0.215,0.3175,0.26,0.08,0.96,0.0275,0.05,0.06,0.8725,0.5475,0.825,0.2975,0.73,0.6525,0.1025,0.31,0.385,0.23,0.33,0.405,0.285,0.26,0.2175,0.5525,0.0825,0.36
31-9095.00,0.835,0.7225,0.7625,0.64,0.7125,0.7675,0.5525,0.59,0.48,0.76,0.5575,0.79,0.5,0.5075,0.5875,0.475,0.5725,0.445,0.3575,0.8775,0.32,0.335,0.345,0.5975,0.4925,0.8475,0.5775,0.6375,0.765,0.62,0.6675,0.74,0.58,0.6625,0.6975,0.625,0.475,0.4875,0.415,0.32,0.3125
31-9096.00,0.785,0.7975,0.74,0.6825,0.5625,0.475,0.65,0.595,0.54,0.775,0.5075,0.6175,0.385,0.6075,0.6925,0.8675,0.7475,0.6525,0.2975,0.735,0.205,0.3725,0.3875,0.9025,0.685,0.8475,0.5275,0.6375,0.8125,0.6625,0.61,0.74,0.465,0.54,0.62,0.4,0.515,0.4075,0.525,0.2075,0.4375
31-9097.00,0.8625,0.705,0.7275,0.6925,0.465,0.6475,0.8175,0.795,0.595,0.8075,0.4875,0.83,0.5,0.6825,0.785,0.6825,0.59,0.5,0.33,0.8525,0.34,0.3175,0.3875,0.795,0.66,0.8525,0.5675,0.7725,0.8925,0.25,0.715,0.7725,0.6825,0.66,0.7625,0.58,0.6825,0.4325,0.66,0.465,0.465
31-9099.01,0.8625,0.725,0.68,0.205,0.325,0.4625,0.5675,0.605,0.52,0.68,0.7325,0.7525,0.6425,0.6425,0.7525,0.34,0.325,0.115,0.2875,0.6025,0.13,0.005,0.1425,0.79,0.62,0.8975,0.6325,0.805,0.75,0.28,0.4375,0.56,0.325,0.3875,0.44,0.1325,0.4625,0.3325,0.3925,0.05,0.12
31-9099.02,0.73,0.875,0.8375,0.9,0.58,0.595,0.7025,0.8075,0.5625,0.75,0.5475,0.81,0.49,0.48,0.68,0.75,0.78,0.76,0.4575,0.7125,0.35,0.625,0.52,0.855,0.53,0.855,0.405,0.645,0.865,0.26,0.59,0.55,0.605,0.5875,0.77,0.5675,0.655,0.47,0.52,0.395,0.5
33-1011.00,0.875,0.795,0.7675,0.7425,0.5575,0.74,0.7875,0.86,0.6225,0.84,0.5375,0.675,0.5725,0.74,0.765,0.655,0.445,0.36,0.5175,0.77,0.375,0.35,0.335,0.925,0.71,0.895,0.61,0.755,0.76,0.4875,0.8775,0.585,0.7925,0.7075,0.82,0.8125,0.8075,0.6475,0.705,0.645,0.495
33-1012.00,0.925,0.635,0.8,0.55,0.5425,0.5975,0.7375,0.7575,0.695,0.835,0.6375,0.7825,0.7,0.6775,0.715,0.6025,0.575,0.4675,0.7975,0.77,0.4125,0.3925,0.38,0.87,0.7,0.8525,0.795,0.8075,0.8,0.575,0.785,0.83,0.735,0.7025,0.725,0.7975,0.7325,0.715,0.7625,0.66,0.6
33-1021.00,0.865,0.845,0.8425,0.87,0.6825,0.755,0.71,0.6875,0.625,0.9025,0.675,0.8275,0.7475,0.775,0.8075,0.8425,0.775,0.6775,0.8625,0.6,0.4375,0.6475,0.4025,0.8325,0.67,0.8425,0.755,0.755,0.9025,0.5125,0.7975,0.895,0.82,0.7975,0.835,0.85,0.8,0.68,0.73,0.68,0.695
33-1091.00,0.745,0.7,0.9,0.645,0.47,0.61,0.685,0.71,0.5325,0.9025,0.5725,0.6075,0.515,0.6075,0.6975,0.595,0.305,0.3475,0.5625,0.725,0.1475,0.3375,0.3975,0.705,0.51,0.91,0.595,0.6425,0.6,0.4175,0.7225,0.6125,0.83,0.745,0.62,0.78,0.7375,0.5075,0.5025,0.56,0.3975
33-2011.00,0.81,0.8,0.8,0.885,0.64,0.6775,0.6675,0.6475,0.5775,0.845,0.5725,0.7725,0.5875,0.5175,0.6475,0.8325,0.8,0.7575,0.8725,0.52,0.3775,0.685,0.4775,0.795,0.56,0.765,0.67,0.7075,0.87,0.375,0.6025,0.8025,0.6,0.6725,0.7075,0.5775,0.6175,0.555,0.455,0.4375,0.52
33-2021.00,0.865,0.7125,0.83,0.845,0.5925,0.6375,0.6775,0.915,0.665,0.8,0.54,0.8825,0.5775,0.7075,0.7525,0.685,0.5275,0.3525,0.605,0.735,0.37,0.3,0.21,0.8975,0.7475,0.8325,0.8825,0.7625,0.66,0.3575,0.6125,0.9025,0.575,0.5975,0.5825,0.505,0.52,0.5225,0.585,0.365,0.4275
33-2022.00,0.79,0.8625,0.795,0.7525,0.5525,0.62,0.605,0.68,0.5325,0.7875,0.5425,0.7,0.7475,0.5575,0.72,0.8575,0.7075,0.525,0.84,0.61,0.3375,0.5975,0.3275,0.775,0.595,0.865,0.73,0.76,0.6225,0.4175,0.64,0.8,0.6825,0.7425,0.7075,0.6525,0.665,0.5125,0.515,0.4,0.5175
33-3011.00,0.7625,0.845,0.8175,0.685,0.38,0.73,0.6025,0.5875,0.535,0.85,0.495,0.8375,0.4775,0.4725,0.6675,0.735,0.46,0.43,0.5775,0.6425,0.185,0.205,0.245,0.7625,0.5475,0.865,0.7425,0.725,0.765,0.39,0.8775,0.815,0.62,0.54,0.6225,0.535,0.7,0.5075,0.54,0.455,0.325
33-3012.00,0.7575,0.71,0.715,0.6625,0.4575,0.575,0.655,0.71,0.55,0.84,0.6575,0.7175,0.6475,0.575,0.7225,0.6,0.435,0.4475,0.545,0.7025,0.3425,0.4625,0.4125,0.7775,0.5375,0.8025,0.595,0.6825,0.6875,0.3725,0.8025,0.52,0.5525,0.6425,0.74,0.7075,0.69,0.6175,0.61,0.6225,0.57
33-3021.00,0.935,0.665,0.8225,0.515,0.4075,0.65,0.79,0.68,0.72,0.88,0.67,0.8075,0.615,0.615,0.7625,0.61,0.39,0.265,0.74,0.795,0.1475,0.1925,0.1975,0.8625,0.69,0.895,0.855,0.7575,0.635,0.3675,0.775,0.86,0.51,0.5475,0.6225,0.565,0.5425,0.4875,0.54,0.315,0.355
33-3021.02,0.885,0.6475,0.8,0.53,0.4825,0.55,0.7575,0.67,0.6625,0.82,0.565,0.84,0.5975,0.5075,0.7175,0.62,0.6225,0.47,0.5875,0.6825,0.3675,0.2475,0.2625,0.8925,0.6325,0.815,0.61,0.6925,0.5175,0.2675,0.575,0.5975,0.4875,0.435,0.635,0.3825,0.535,0.535,0.58,0.265,0.3825
33-3021.06,0.8875,0.63,0.7825,0.195,0.37,0.445,0.87,0.6075,0.87,0.74,0.7725,0.805,0.51,0.435,0.7275,0.1525,0.1425,0.0975,0.1075,0.9025,0.1475,0.0575,0.1075,0.75,0.7275,0.925,0.7825,0.805,0.37,0.3925,0.4675,0.1925,0.5,0.6025,0.5425,0.435,0.5875,0.6025,0.625,0.305,0.16
33-3031.00,0.855,0.7775,0.85,0.64,0.51,0.5475,0.7025,0.8325,0.55,0.8675,0.7375,0.77,0.61,0.71,0.75,0.795,0.5575,0.4875,0.9175,0.6875,0.1975,0.435,0.295,0.84,0.6325,0.8875,0.9,0.81,0.605,0.565,0.74,0.8425,0.5125,0.485,0.5675,0.305,0.5,0.395,0.5125,0.1625,0.3725
33-3041.00,0.79,0.6975,0.83,0.6475,0.445,0.6825,0.7975,0.8125,0.6225,0.715,0.5825,0.7125,0.5075,0.62,0.6475,0.5725,0.5775,0.67,0.8425,0.625,0.3875,0.4925,0.585,0.825,0.57,0.85,0.735,0.72,0.735,0.3275,0.635,0.8025,0.525,0.4675,0.7075,0.4775,0.5125,0.4225,0.4625,0.3725,0.365
33-3051.00,0.9175,0.775,0.88,0.6475,0.4575,0.7125,0.7525,0.7725,0.665,0.89,0.58,0.815,0.6075,0.6075,0.6975,0.69,0.5075,0.46,0.865,0.7975,0.2525,0.3475,0.3575,0.86,0.67,0.8675,0.835,0.7975,0.83,0.5475,0.9175,0.9425,0.6675,0.665,0.76,0.675,0.6075,0.5875,0.64,0.4,0.375
33-3051.04,0.91,0.755,0.885,0.605,0.6675,0.81,0.845,0.86,0.815,0.85,0.5025,0.81,0.5225,0.5175,0.6,0.6,0.4425,0.47,0.58,0.9025,0.235,0.235,0.2775,0.81,0.73,0.865,0.71,0.69,0.4525,0.275,0.6425,0.8475,0.4925,0.505,0.575,0.49,0.5425,0.4825,0.64,0.32,0.4525
33-3052.00,0.8,0.69,0.85,0.525,0.4975,0.62,0.8525,0.615,0.63,0.9025,0.625,0.7975,0.645,0.605,0.62,0.84,0.525,0.31,0.7925,0.6675,0.1825,0.255,0.29,0.9125,0.675,0.85,0.6925,0.6875,0.7675,0.44,0.88,0.875,0.5325,0.54,0.6775,0.675,0.6275,0.5475,0.575,0.435,0.4
33-9011.00,0.8275,0.67,0.75,0.635,0.405,0.59,0.7875,0.75,0.69,0.93,0.6825,0.73,0.55,0.635,0.8175,0.7875,0.74,0.2975,0.845,0.6825,0.22,0.3325,0.1925,0.895,0.605,0.855,0.885,0.76,0.615,0.42,0.77,0.89,0.58,0.61,0.6825,0.5475,0.5875,0.62,0.655,0.365,0.5
33-9021.00,0.9375,0.6975,0.9,0.485,0.515,0.7175,0.74,0.7725,0.78,0.8275,0.62,0.7575,0.6725,0.695,0.7025,0.35,0.2,0.205,0.6175,0.835,0.18,0.2375,0.35,0.875,0.5975,0.78,0.7475,0.7225,0.23,0.385,0.52,0.555,0.485,0.38,0.45,0.375,0.39,0.3825,0.705,0.18,0.455
33-9031.00,0.895,0.895,0.8875,0.7075,0.605,0.7275,0.7725,0.8125,0.7125,0.805,0.575,0.845,0.5325,0.5575,0.7375,0.3475,0.4125,0.3525,0.16,0.905,0.255,0.14,0.3075,0.945,0.705,0.895,0.595,0.65,0.455,0.1,0.495,0.2775,0.575,0.485,0.685,0.47,0.605,0.52,0.565,0.2175,0.3225
33-9032.00,0.895,0.755,0.94,0.7925,0.6575,0.605,0.7775,0.8,0.7375,0.8175,0.6925,0.7175,0.7775,0.68,0.8075,0.74,0.4025,0.4025,0.73,0.7775,0.355,0.2675,0.2875,0.87,0.62,0.885,0.8,0.8625,0.7875,0.4175,0.7975,0.8425,0.7825,0.615,0.81,0.6975,0.625,0.54,0.5875,0.6925,0.51
33-9091.00,0.63,0.5175,0.4675,0.41,0.3775,0.4325,0.4275,0.46,0.3925,0.475,0.3325,0.435,0.36,0.4225,0.415,0.5975,0.4525,0.2525,0.2625,0.245,0.14,0.1175,0.0875,0.3825,0.355,0.5725,0.4075,0.4525,0.61,0.2,0.5025,0.61,0.285,0.2975,0.3625,0.1525,0.36,0.3225,0.2975,0.1175,0.2
33-9092.00,0.7125,0.6325,0.685,0.765,0.4375,0.5,0.495,0.415,0.335,0.72,0.4075,0.705,0.3675,0.41,0.5625,0.86,0.5475,0.415,0.4575,0.375,0.2175,0.38,0.145,0.7275,0.405,0.705,0.585,0.6075,0.8975,0.255,0.47,0.775,0.505,0.545,0.6375,0.575,0.5725,0.515,0.345,0.3575,0.4475
33-9093.00,0.805,0.6025,0.7775,0.575,0.425,0.4525,0.445,0.685,0.4525,0.675,0.315,0.6475,0.36,0.425,0.4075,0.7325,0.7225,0.53,0.1575,0.5,0.065,0.26,0.4625,0.5175,0.5375,0.7325,0.4525,0.565,0.4625,0.175,0.5275,0.75,0.5175,0.5275,0.63,0.555,0.5575,0.395,0.3375,0.365,0.36
33-9099.02,0.8375,0.7675,0.8575,0.635,0.545,0.6425,0.85,0.82,0.7925,0.8075,0.5775,0.75,0.6025,0.63,0.775,0.4925,0.385,0.32,0.4075,0.7275,0.205,0.2275,0.3625,0.835,0.585,0.84,0.5525,0.7275,0.5675,0.3525,0.6375,0.4525,0.48,0.6575,0.68,0.64,0.6,0.5325,0.6525,0.2775,0.4875
35-1011.00,0.7275,0.6525,0.6775,0.595,0.5525,0.5625,0.5,0.615,0.52,0.72,0.6775,0.5625,0.53,0.695,0.73,0.6675,0.6075,0.52,0.385,0.5525,0.3025,0.4175,0.25,0.5425,0.4275,0.6975,0.5,0.6975,0.49,0.38,0.6775,0.595,0.77,0.76,0.7825,0.72,0.7275,0.5425,0.5,0.595,0.6775
35-1012.00,0.8475,0.66,0.6975,0.6575,0.5475,0.6825,0.485,0.7325,0.5675,0.6675,0.545,0.5925,0.5025,0.685,0.705,0.6575,0.5475,0.475,0.3525,0.62,0.35,0.47,0.535,0.5725,0.5975,0.695,0.645,0.7275,0.56,0.52,0.71,0.72,0.69,0.68,0.7375,0.7325,0.6975,0.5275,0.69,0.605,0.5925
35-2011.00,0.5,0.46,0.465,0.2775,0.2575,0.37,0.47,0.26,0.305,0.4575,0.4475,0.45,0.3325,0.3,0.385,0.4975,0.4975,0.35,0.165,0.285,0.165,0.2425,0.1775,0.3325,0.335,0.5,0.3675,0.3075,0.255,0.3375,0.38,0.41,0.38,0.3725,0.435,0.3475,0.3825,0.325,0.1825,0.1675,0.3175
35-2012.00,0.745,0.7,0.69,0.7125,0.54,0.595,0.5975,0.6625,0.5525,0.64,0.4325,0.55,0.4475,0.525,0.69,0.6325,0.59,0.5225,0.2425,0.255,0.075,0.225,0.085,0.54,0.5175,0.705,0.4325,0.6625,0.67,0.285,0.505,0.43,0.5725,0.4625,0.585,0.5,0.485,0.4875,0.3,0.32,0.4125
35-2013.00,0.73,0.61,0.6,0.4425,0.57,0.5,0.52,0.57,0.34,0.6625,0.6825,0.58,0.45,0.54,0.74,0.655,0.5475,0.405,0.355,0.385,0.0675,0.1625,0.06,0.4625,0.24,0.4325,0.5,0.73,0.4425,0.52,0.4425,0.53,0.4225,0.3075,0.4125,0.4125,0.375,0.26,0.5375,0.19,0.615
35-2014.00,0.4675,0.45,0.4175,0.3525,0.28,0.4375,0.4275,0.3375,0.1375,0.385,0.295,0.245,0.17,0.1725,0.41,0.4975,0.5975,0.325,0.1575,0.12,0.0625,0.1225,0.0875,0.1025,0.1975,0.41,0.15,0.2925,0.1925,0.1025,0.2175,0.2475,0.3425,0.28,0.3925,0.3325,0.2875,0.23,0.125,0.0825,0.21
35-2015.00,0.6,0.445,0.4825,0.545,0.5525,0.565,0.6625,0.525,0.305,0.5275,0.355,0.565,0.3275,0.4575,0.5025,0.4475,0.41,0.435,0.14,0.1625,0.175,0.2,0.0325,0.2275,0.445,0.535,0.2325,0.5225,0.31,0.3525,0.3825,0.4675,0.3775,0.37,0.41,0.3025,0.38,0.195,0.04,0.12,0.205
35-2021.00,0.735,0.5475,0.475,0.5025,0.5925,0.3825,0.3825,0.6475,0.345,0.665,0.315,0.3575,0.29,0.29,0.5625,0.6075,0.56,0.355,0.285,0.22,0.16,0.125,0.1825,0.3575,0.1525,0.565,0.1975,0.6,0.38,0.1925,0.2425,0.4075,0.4525,0.4925,0.55,0.595,0.5175,0.305,0.2325,0.1775,0.29
35-3011.00,0.685,0.5575,0.6025,0.655,0.6925,0.6525,0.485,0.5775,0.425,0.6125,0.5825,0.555,0.425,0.5,0.6,0.59,0.6625,0.2775,0.225,0.3925,0.135,0.2425,0.225,0.55,0.3475,0.6225,0.53,0.7475,0.61,0.57,0.5725,0.7675,0.615,0.54,0.665,0.6125,0.5825,0.43,0.4025,0.39,0.6375
35-3023.00,0.6225,0.44,0.36,0.3025,0.23,0.3275,0.4075,0.3,0.315,0.4425,0.2725,0.4425,0.3525,0.3725,0.395,0.4525,0.42,0.3475,0.08,0.4025,0.0825,0.0875,0.12,0.245,0.265,0.5825,0.26,0.425,0.5275,0.38,0.5925,0.6125,0.4625,0.39,0.4675,0.225,0.3125,0.3275,0.1275,0.09,0.16
35-3023.01,0.595,0.5975,0.64,0.5075,0.48,0.5925,0.445,0.4175,0.315,0.5625,0.42,0.36,0.43,0.37,0.585,0.615,0.6875,0.7925,0.2025,0.37,0.1325,0.4125,0.355,0.4425,0.3725,0.73,0.5375,0.76,0.4375,0.58,0.5125,0.8425,0.41,0.3925,0.6125,0.47,0.4225,0.31,0.2625,0.345,0.4725
35-3031.00,0.5675,0.445,0.72,0.4475,0.3925,0.6175,0.3325,0.5125,0.33,0.4125,0.4375,0.5225,0.2375,0.1975,0.39,0.69,0.6675,0.2925,0.08,0.5,0.03,0.0725,0.185,0.08,0.4125,0.655,0.3375,0.54,0.54,0.5125,0.5075,0.7475,0.515,0.49,0.355,0.345,0.3575,0.27,0.1475,0.12,0.26
35-3041.00,0.8175,0.5825,0.845,0.5725,0.36,0.52,0.5375,0.5375,0.5425,0.5775,0.4225,0.475,0.32,0.315,0.5775,0.7325,0.6975,0.52,0.1725,0.45,0.1575,0.1625,0.175,0.4475,0.37,0.705,0.5525,0.61,0.66,0.3275,0.5525,0.7725,0.4825,0.4325,0.5625,0.445,0.5525,0.42,0.2975,0.2325,0.48
35-9011.00,0.5975,0.465,0.5725,0.405,0.4125,0.5075,0.47,0.3725,0.3575,0.5075,0.4975,0.435,0.455,0.5325,0.51,0.405,0.465,0.335,0.205,0.51,0.245,0.3375,0.2925,0.355,0.375,0.7325,0.3625,0.6825,0.585,0.4225,0.5675,0.715,0.5225,0.5425,0.5325,0.3925,0.475,0.3175,0.26,0.35,0.3925
35-9021.00,0.4625,0.4725,0.4475,0.5275,0.345,0.5775,0.2725,0.4625,0.3575,0.4975,0.2975,0.2925,0.34,0.4075,0.4,0.51,0.6,0.4075,0.33,0.2375,0.2275,0.39,0.3025,0.2425,0.2175,0.51,0.185,0.3725,0.46,0.1725,0.355,0.285,0.37,0.3825,0.5175,0.3075,0.4325,0.37,0.3125,0.305,0.325
35-9031.00,0.715,0.645,0.665,0.6125,0.5275,0.68,0.435,0.3975,0.3925,0.55,0.2875,0.39,0.2875,0.2525,0.46,0.675,0.555,0.435,0.085,0.2725,0.1375,0.0825,0.1875,0.4025,0.305,0.5425,0.4575,0.74,0.58,0.4425,0.645,0.6525,0.5425,0.4175,0.4425,0.2975,0.4475,0.285,0.16,0.2325,0.355
37-1011.00,0.8,0.6825,0.7125,0.8425,0.61,0.6375,0.6525,0.6925,0.56,0.7775,0.57,0.685,0.59,0.7275,0.7225,0.6275,0.66,0.56,0.39,0.685,0.4075,0.445,0.5125,0.6175,0.7,0.8875,0.3575,0.765,0.7825,0.58,0.695,0.6725,0.86,0.7725,0.8175,0.8425,0.7975,0.6475,0.71,0.6675,0.76
37-1012.00,0.815,0.79,0.79,0.77,0.6325,0.7075,0.68,0.7925,0.4725,0.8325,0.6625,0.7425,0.6275,0.86,0.77,0.74,0.7375,0.6475,0.83,0.4825,0.52,0.635,0.5125,0.75,0.6475,0.83,0.66,0.705,0.435,0.4475,0.625,0.69,0.84,0.7425,0.705,0.7875,0.7175,0.6375,0.505,0.65,0.715
37-2011.00,0.6575,0.6175,0.6025,0.6825,0.47,0.505,0.555,0.5425,0.4325,0.68,0.5825,0.5125,0.565,0.575,0.72,0.695,0.65,0.445,0.33,0.44,0.1725,0.4675,0.4225,0.525,0.4875,0.7875,0.2925,0.5,0.4925,0.3025,0.5175,0.455,0.585,0.63,0.5725,0.44,0.4875,0.46,0.3325,0.3475,0.52
37-2012.00,0.5725,0.455,0.4575,0.4625,0.265,0.365,0.4125,0.405,0.2975,0.38,0.2975,0.39,0.3175,0.41,0.515,0.7125,0.5425,0.365,0.1325,0.18,0.1025,0.325,0.255,0.4,0.45,0.5775,0.33,0.4575,0.6,0.2425,0.4075,0.5775,0.42,0.37,0.3875,0.27,0.3875,0.2225,0.14,0.19,0.39
37-2021.00,0.825,0.6975,0.8225,0.7875,0.545,0.53,0.58,0.6325,0.465,0.7625,0.59,0.685,0.5225,0.6325,0.6475,0.6875,0.6325,0.435,0.8,0.375,0.18,0.4325,0.215,0.66,0.445,0.75,0.7175,0.6725,0.375,0.5625,0.5625,0.7225,0.37,0.4375,0.4825,0.4,0.3825,0.3775,0.425,0.2425,0.435
37-3011.00,0.65,0.4375,0.6025,0.6125,0.3675,0.415,0.35,0.555,0.32,0.61,0.595,0.6375,0.3725,0.52,0.61,0.655,0.725,0.6975,0.585,0.0625,0.0675,0.5975,0.14,0.2375,0.1825,0.4575,0.155,0.6625,0.5775,0.26,0.31,0.315,0.49,0.4225,0.4125,0.235,0.535,0.1675,0.14,0.145,0.2225
37-3012.00,0.77,0.795,0.7525,0.7225,0.5775,0.5825,0.5825,0.6375,0.455,0.685,0.5225,0.6325,0.5075,0.5975,0.6525,0.755,0.7525,0.62,0.8275,0.3275,0.2075,0.6225,0.235,0.7375,0.4775,0.665,0.6625,0.6225,0.4625,0.5575,0.5375,0.7525,0.4825,0.4175,0.55,0.435,0.52,0.445,0.4475,0.305,0.4975
37-3013.00,0.7775,0.74,0.7075,0.935,0.5375,0.61,0.48,0.65,0.39,0.7075,0.5175,0.6125,0.48,0.5075,0.4575,0.805,0.7525,0.72,0.89,0.11,0.2425,0.6025,0.225,0.2775,0.4775,0.6075,0.36,0.435,0.52,0.3125,0.395,0.435,0.4375,0.355,0.57,0.425,0.4425,0.315,0.2225,0.1625,0.355
39-1013.00,0.69,0.5025,0.5425,0.3525,0.3175,0.4775,0.5075,0.6375,0.4075,0.59,0.3225,0.495,0.335,0.4275,0.555,0.4625,0.39,0.2825,0.11,0.665,0.09,0.1875,0.245,0.585,0.4425,0.7125,0.3775,0.585,0.4575,0.305,0.635,0.8775,0.475,0.545,0.5,0.6625,0.5575,0.3625,0.4875,0.32,0.235
39-1022.00,0.87,0.71,0.81,0.725,0.5775,0.6475,0.6275,0.755,0.5675,0.765,0.5175,0.655,0.545,0.615,0.58,0.4375,0.465,0.3575,0.325,0.785,0.19,0.2125,0.2575,0.765,0.5975,0.815,0.6325,0.6325,0.5675,0.46,0.605,0.615,0.5875,0.525,0.6775,0.59,0.6325,0.425,0.7175,0.635,0.4175
39-2011.00,0.67,0.575,0.705,0.385,0.385,0.6625,0.4225,0.49,0.3975,0.795,0.7275,0.58,0.5775,0.575,0.625,0.7825,0.59,0.17,0.3875,0.405,0.09,0.1125,0.0825,0.6325,0.6475,0.7125,0.6675,0.71,0.525,0.575,0.5575,0.7475,0.5425,0.4825,0.7575,0.4575,0.6,0.6475,0.5025,0.2825,0.4225
39-2021.00,0.845,0.7,0.7525,0.6375,0.41,0.53,0.6125,0.5025,0.355,0.6775,0.59,0.595,0.4725,0.49,0.65,0.7975,0.7125,0.285,0.35,0.4825,0.0875,0.205,0.14,0.645,0.555,0.805,0.56,0.6425,0.5675,0.3075,0.48,0.59,0.405,0.4325,0.495,0.31,0.3975,0.3725,0.3975,0.17,0.3725
39-3011.00,0.505,0.2925,0.4625,0.195,0.1075,0.3675,0.3575,0.4125,0.2025,0.3425,0.1875,0.3425,0.115,0.245,0.1625,0.3825,0.49,0.28,0.0675,0.1275,0.0375,0.02,0.1,0.2425,0.365,0.6075,0.4025,0.5925,0.3875,0.215,0.4275,0.6875,0.3075,0.3575,0.3725,0.2725,0.405,0.3,0.1425,0.055,0.215
39-3012.00,0.665,0.535,0.5425,0.4075,0.2675,0.3925,0.58,0.4275,0.265,0.495,0.3375,0.5125,0.2375,0.34,0.3325,0.33,0.2875,0.3275,0.115,0.4375,0.0975,0.2225,0.275,0.3775,0.4025,0.6475,0.525,0.6275,0.5575,0.43,0.46,0.78,0.5025,0.3925,0.505,0.38,0.3975,0.2425,0.445,0.2475,0.255
39-3021.00,0.6475,0.59,0.51,0.685,0.24,0.3975,0.435,0.34,0.2675,0.54,0.2375,0.495,0.15,0.4575,0.4425,0.4125,0.505,0.645,0.055,0.785,0.215,0.45,0.5375,0.29,0.2,0.705,0.3475,0.4325,0.23,0.1325,0.3,0.5375,0.36,0.2225,0.5025,0.3225,0.3425,0.2975,0.27,0.1675,0.27
39-3031.00,0.6425,0.415,0.565,0.385,0.3025,0.37,0.33,0.33,0.26,0.49,0.3175,0.4725,0.21,0.35,0.325,0.39,0.3525,0.465,0.0625,0.425,0.07,0.205,0.255,0.4375,0.33,0.5425,0.5,0.5425,0.5275,0.4725,0.5275,0.745,0.38,0.3925,0.455,0.3275,0.3675,0.265,0.33,0.185,0.3
39-3091.00,0.7175,0.41,0.565,0.67,0.2675,0.5575,0.5825,0.53,0.345,0.59,0.6375,0.5,0.4225,0.4625,0.5275,0.5925,0.4325,0.285,0.165,0.56,0.14,0.185,0.1675,0.47,0.4725,0.66,0.515,0.5825,0.5325,0.56,0.445,0.8625,0.3675,0.5175,0.585,0.28,0.4475,0.2325,0.3875,0.2275,0.23
39-3092.00,0.7925,0.585,0.76,0.53,0.5225,0.535,0.5425,0.29,0.4175,0.775,0.81,0.5225,0.4025,0.4525,0.6775,0.6575,0.7675,0.51,0.1375,0.35,0.275,0.2825,0.115,0.47,0.535,0.7975,0.2375,0.695,0.5475,0.1125,0.495,0.15,0.5975,0.505,0.44,0.465,0.4125,0.385,0.3225,0.2475,0.425
39-3093.00,0.7175,0.4525,0.5,0.3175,0.185,0.5475,0.2775,0.3225,0.175,0.4225,0.33,0.345,0.12,0.1875,0.34,0.52,0.4725,0.2625,0.285,0.115,0.06,0.15,0.1475,0.1,0.1975,0.495,0.365,0.7175,0.425,0.1725,0.49,0.6975,0.3975,0.3475,0.29,0.205,0.295,0.2175,0.105,0.1725,0.3125
39-4011.00,0.79,0.7,0.7325,0.5925,0.52,0.63,0.7375,0.76,0.49,0.825,0.5675,0.75,0.49,0.535,0.675,0.67,0.825,0.5675,0.6575,0.5875,0.16,0.2775,0.1575,0.8525,0.4575,0.705,0.7125,0.71,0.8875,0.3075,0.47,0.725,0.515,0.3825,0.455,0.2775,0.375,0.2675,0.545,0.175,0.43
39-4021.00,0.72,0.5825,0.5725,0.5,0.2775,0.4325,0.425,0.4675,0.345,0.5825,0.3625,0.425,0.2025,0.29,0.4375,0.6225,0.755,0.3925,0.7125,0.375,0.16,0.29,0.19,0.5075,0.485,0.785,0.6225,0.715,0.81,0.2325,0.375,0.8525,0.46,0.4775,0.4025,0.2375,0.3725,0.285,0.3475,0.1275,0.3175
39-4031.00,0.8925,0.4925,0.63,0.58,0.475,0.66,0.6925,0.6825,0.4325,0.8375,0.7075,0.7375,0.48,0.8425,0.84,0.715,0.805,0.505,0.6525,0.675,0.25,0.3175,0.2325,0.865,0.5875,0.8325,0.7675,0.8825,0.8575,0.6475,0.74,0.9225,0.6775,0.68,0.435,0.615,0.4475,0.7275,0.775,0.45,0.5225
39-5011.00,0.505,0.4025,0.41,0.5325,0.3975,0.5525,0.4375,0.55,0.36,0.5975,0.72,0.5675,0.39,0.5075,0.38,0.7125,0.6125,0.4825,0.1225,0.1075,0.0625,0.42,0.395,0.1775,0.3175,0.3375,0.515,0.6875,0.615,0.3175,0.4475,0.9175,0.3775,0.305,0.27,0.2225,0.24,0.3525,0.1675,0.185,0.2775
39-5012.00,0.6475,0.555,0.6325,0.3425,0.44,0.35,0.39,0.4425,0.5,0.6975,0.7075,0.725,0.4125,0.55,0.64,0.6225,0.5425,0.37,0.3,0.4875,0.265,0.335,0.34,0.5825,0.5925,0.595,0.64,0.745,0.7325,0.7475,0.655,0.8175,0.4925,0.5575,0.635,0.4,0.49,0.5225,0.4175,0.325,0.375
39-5091.00,0.845,0.725,0.56,0.5375,0.4275,0.5825,0.4875,0.4375,0.37,0.81,0.8925,0.675,0.475,0.7025,0.7375,0.5475,0.5875,0.1775,0.225,0.3925,0.1875,0.1625,0.13,0.6075,0.38,0.8575,0.5125,0.9,0.655,0.3925,0.595,0.465,0.63,0.625,0.6075,0.525,0.525,0.4875,0.56,0.395,0.5725
39-5092.00,0.415,0.185,0.4225,0.3325,0.275,0.415,0.17,0.29,0.1,0.2725,0.4175,0.4325,0.195,0.3625,0.37,0.3625,0.27,0.3125,0.21,0.25,0.1775,0.19,0.23,0.31,0.31,0.3125,0.2825,0.55,0.4925,0.3575,0.5025,0.6125,0.3275,0.1875,0.2975,0.2575,0.3425,0.38,0.195,0.215,0.3225
39-5093.00,0.5175,0.69,0.5475,0.535,0.455,0.4125,0.435,0.3025,0.3525,0.465,0.445,0.5625,0.3475,0.455,0.57,0.545,0.44,0.3275,0.135,0.1875,0.175,0.1175,0.17,0.335,0.4325,0.6875,0.475,0.575,0.6325,0.5,0.545,0.6625,0.5125,0.3675,0.4625,0.44,0.385,0.375,0.33,0.3075,0.28
39-5094.00,0.7125,0.8,0.6175,0.7725,0.5325,0.75,0.5075,0.725,0.485,0.585,0.615,0.83,0.535,0.8125,0.83,0.6825,0.6025,0.6275,0.1725,0.72,0.2675,0.2225,0.265,0.4675,0.405,0.815,0.57,0.84,0.8825,0.83,0.6975,0.7375,0.6975,0.6475,0.74,0.3775,0.615,0.7425,0.725,0.315,0.495
39-6011.00,0.805,0.5925,0.745,0.7575,0.4575,0.6075,0.6,0.55,0.48,0.6475,0.4725,0.595,0.39,0.62,0.585,0.715,0.8375,0.6275,0.8175,0.5425,0.1625,0.41,0.225,0.595,0.46,0.725,0.7,0.63,0.77,0.55,0.5225,0.92,0.505,0.5725,0.565,0.4225,0.575,0.5575,0.38,0.34,0.395
39-6012.00,0.8975,0.5225,0.6825,0.3925,0.5,0.655,0.5675,0.5675,0.475,0.775,0.725,0.7375,0.4425,0.6125,0.705,0.34,0.2725,0.17,0.25,0.6825,0.125,0.09,0.125,0.6925,0.4775,0.7375,0.795,0.8375,0.715,0.5125,0.5675,0.795,0.6075,0.5575,0.595,0.6025,0.58,0.6125,0.535,0.3975,0.3525
39-7011.00,0.8075,0.415,0.7475,0.3325,0.325,0.335,0.485,0.405,0.3475,0.535,0.485,0.5725,0.34,0.455,0.33,0.305,0.2425,0.1525,0.22,0.3475,0.03,0.05,0.115,0.4075,0.5725,0.655,0.75,0.735,0.4175,0.23,0.3175,0.8225,0.415,0.3175,0.5375,0.2425,0.37,0.2225,0.2075,0.0975,0.165
39-7012.00,0.8375,0.8175,0.8475,0.5325,0.5,0.635,0.5575,0.47,0.4375,0.7725,0.7825,0.6425,0.5525,0.57,0.5825,0.5875,0.5475,0.4425,0.4725,0.455,0.1325,0.27,0.2675,0.6475,0.4675,0.5475,0.88,0.8075,0.645,0.555,0.6325,0.905,0.425,0.5,0.61,0.39,0.425,0.33,0.4475,0.215,0.43
39-9011.00,0.6475,0.5525,0.5775,0.525,0.2775,0.45,0.49,0.545,0.3425,0.715,0.6775,0.5275,0.5375,0.52,0.605,0.57,0.4,0.195,0.1325,0.2025,0.1025,0.1025,0.065,0.5425,0.43,0.67,0.4775,0.6,0.7975,0.265,0.605,0.5325,0.545,0.535,0.525,0.4275,0.435,0.3575,0.2875,0.235,0.27
39-9011.01,0.6975,0.5725,0.57,0.46,0.27,0.4,0.37,0.38,0.26,0.76,0.72,0.615,0.39,0.73,0.67,0.79,0.625,0.095,0.43,0.2075,0.06,0.14,0.1675,0.55,0.35,0.73,0.3,0.83,0.94,0.25,0.66,0.17,0.55,0.35,0.635,0.44,0.65,0.38,0.25,0.08,0.44
39-9031.00,0.7375,0.5125,0.5125,0.6075,0.31,0.4275,0.44,0.5725,0.38,0.6425,0.775,0.81,0.62,0.5375,0.7025,0.88,0.6425,0.3325,0.12,0.4175,0.155,0.2,0.215,0.465,0.56,0.6675,0.35,0.785,0.725,0.525,0.475,0.775,0.3325,0.44,0.75,0.38,0.715,0.5,0.44,0.2625,0.285
39-9032.00,0.89,0.7825,0.655,0.57,0.565,0.68,0.75,0.6975,0.6275,0.795,0.88,0.7625,0.68,0.825,0.79,0.6625,0.515,0.3675,0.37,0.715,0.1675,0.335,0.3525,0.7525,0.635,0.845,0.6525,0.795,0.6775,0.535,0.72,0.73,0.7475,0.74,0.6775,0.5775,0.66,0.64,0.6425,0.59,0.69
39-9041.00,0.7725,0.755,0.78,0.6725,0.4975,0.56,0.68,0.7225,0.5275,0.75,0.5775,0.5725,0.615,0.6825,0.8575,0.53,0.4275,0.215,0.3075,0.6425,0.175,0.165,0.21,0.7325,0.53,0.795,0.6225,0.8375,0.9375,0.39,0.675,0.6175,0.7025,0.6525,0.6125,0.5725,0.6325,0.48,0.6875,0.4125,0.5125
41-1011.00,0.7,0.5875,0.6825,0.3475,0.365,0.54,0.4725,0.5425,0.5425,0.7325,0.4175,0.5325,0.4325,0.61,0.64,0.45,0.475,0.32,0.16,0.56,0.0425,0.11,0.1425,0.4875,0.5025,0.705,0.6675,0.7025,0.53,0.57,0.7225,0.77,0.7025,0.6475,0.7725,0.6675,0.7225,0.445,0.535,0.52,0.3975
41-1012.00,0.845,0.64,0.82,0.4275,0.4575,0.68,0.6875,0.6875,0.7075,0.8475,0.555,0.635,0.765,0.6975,0.6875,0.295,0.3175,0.4525,0.3475,0.8125,0.1,0.175,0.2375,0.635,0.5975,0.8925,0.69,0.6875,0.475,0.68,0.6925,0.475,0.715,0.7125,0.8025,0.845,0.85,0.625,0.5525,0.555,0.4825
41-2011.00,0.7975,0.48,0.4875,0.255,0.2525,0.3175,0.3225,0.3925,0.34,0.4375,0.3075,0.3925,0.1825,0.235,0.355,0.395,0.42,0.3725,0.16,0.4675,0.115,0.085,0.1325,0.3425,0.285,0.5075,0.5075,0.5325,0.355,0.3575,0.36,0.755,0.285,0.285,0.4175,0.2275,0.3575,0.295,0.4,0.2375,0.2925
41-2012.00,0.77,0.5575,0.565,0.53,0.3725,0.575,0.7075,0.7375,0.4725,0.68,0.3075,0.6,0.325,0.4525,0.6125,0.5025,0.46,0.4175,0.1925,0.695,0.4075,0.4125,0.42,0.6,0.4675,0.755,0.4625,0.7175,0.535,0.245,0.74,0.85,0.5525,0.595,0.605,0.5425,0.5775,0.4575,0.515,0.2325,0.4525
41-2021.00,0.61,0.545,0.69,0.59,0.46,0.5675,0.775,0.445,0.4925,0.6925,0.5525,0.4675,0.49,0.3375,0.5475,0.4175,0.4725,0.415,0.605,0.675,0.2575,0.4275,0.3625,0.8075,0.5075,0.71,0.5975,0.545,0.5475,0.63,0.5925,0.86,0.4225,0.4925,0.5075,0.385,0.4775,0.3675,0.3875,0.27,0.4925
41-2022.00,0.84,0.665,0.71,0.4325,0.3825,0.4975,0.675,0.4675,0.545,0.8075,0.5725,0.7275,0.545,0.6375,0.675,0.5125,0.615,0.5025,0.5525,0.87,0.435,0.3825,0.4525,0.75,0.61,0.7375,0.825,0.73,0.4925,0.6725,0.64,0.82,0.605,0.54,0.6,0.505,0.4825,0.5,0.6325,0.4075,0.555
41-2031.00,0.7725,0.5825,0.65,0.3825,0.425,0.5925,0.525,0.4375,0.4375,0.72,0.52,0.6375,0.455,0.4,0.535,0.5025,0.61,0.4925,0.2125,0.615,0.105,0.22,0.22,0.4325,0.4975,0.6625,0.455,0.7525,0.5125,0.85,0.6125,0.9275,0.47,0.4475,0.41,0.3325,0.3775,0.315,0.345,0.1425,0.22
41-3011.00,0.81,0.535,0.5525,0.19,0.44,0.5675,0.6175,0.5125,0.495,0.7425,0.8275,0.675,0.6125,0.5875,0.7975,0.2725,0.1575,0.1175,0.3825,0.78,0.0625,0.015,0.1,0.58,0.495,0.745,0.93,0.88,0.34,0.985,0.775,0.8175,0.385,0.44,0.34,0.325,0.3925,0.5575,0.635,0.205,0.29
41-3021.00,0.755,0.51,0.5275,0.2675,0.365,0.5325,0.59,0.6175,0.565,0.615,0.5325,0.575,0.5825,0.555,0.67,0.165,0.1675,0.115,0.2475,0.72,0.105,0.055,0.115,0.535,0.505,0.5725,0.5625,0.805,0.2625,0.7525,0.505,0.6025,0.335,0.4025,0.29,0.3025,0.265,0.405,0.5775,0.15,0.27
41-3031.00,0.8175,0.5475,0.675,0.145,0.4775,0.6,0.77,0.74,0.725,0.77,0.5425,0.7525,0.52,0.4975,0.72,0.155,0.065,0.1325,0.1275,0.855,0.0275,0.0475,0.06,0.6575,0.6875,0.7125,0.745,0.8075,0.2575,0.6825,0.5725,0.6225,0.44,0.435,0.3975,0.39,0.415,0.4875,0.52,0.1725,0.3675
41-3041.00,0.89,0.405,0.4575,0.295,0.455,0.6075,0.7225,0.395,0.625,0.6325,0.5075,0.7,0.3525,0.4875,0.6175,0.085,0.1475,0.11,0.12,0.9,0.1375,0.2175,0.1775,0.69,0.575,0.695,0.8075,0.7325,0.35,0.69,0.605,0.7675,0.445,0.24,0.4825,0.365,0.405,0.3875,0.69,0.305,0.355
41-4011.00,0.665,0.375,0.395,0.2,0.2575,0.35,0.39,0.425,0.405,0.51,0.3875,0.4175,0.485,0.3875,0.6275,0.2025,0.135,0.1225,0.3025,0.505,0.0375,0.0175,0.03,0.3675,0.3875,0.63,0.6125,0.855,0.305,0.59,0.5675,0.2825,0.375,0.325,0.2775,0.1575,0.2475,0.37,0.425,0.0975,0.1775
41-4012.00,0.8675,0.76,0.7975,0.2525,0.4975,0.5375,0.6875,0.505,0.4525,0.8525,0.7325,0.85,0.49,0.53,0.6775,0.6125,0.56,0.36,0.75,0.7675,0.12,0.0125,0.0175,0.73,0.395,0.805,0.735,0.8175,0.4875,0.97,0.665,0.6975,0.44,0.2975,0.305,0.3625,0.395,0.3275,0.5775,0.0375,0.4525
41-9011.00,0.645,0.42,0.565,0.535,0.435,0.6225,0.39,0.38,0.45,0.59,0.5775,0.4975,0.4325,0.37,0.5325,0.5325,0.52,0.395,0.15,0.255,0.2275,0.125,0.1875,0.4625,0.5025,0.7025,0.7675,0.785,0.4175,0.93,0.3525,0.935,0.4325,0.565,0.5175,0.3575,0.41,0.4025,0.42,0.29,0.275
41-9012.00,0.455,0.185,0.2775,0.1425,0.0625,0.21,0.2125,0.125,0.065,0.2475,0.63,0.265,0.125,0.4925,0.4075,0.8575,0.3225,0.065,0.065,0.095,0.055,0.0525,0.0525,0.315,0.185,0.355,0.1675,0.54,0.2175,0.205,0.15,0.3875,0.225,0.1575,0.1325,0.1225,0.0825,0.16,0.15,0.0775,0.06
41-9021.00,0.845,0.55,0.6875,0.43,0.5125,0.6025,0.6775,0.68,0.685,0.6875,0.6825,0.82,0.555,0.5,0.7025,0.155,0.1175,0.1725,0.315,0.725,0.0725,0.0475,0.15,0.685,0.505,0.6525,0.6975,0.83,0.38,0.695,0.6325,0.5425,0.5025,0.37,0.4475,0.4,0.465,0.5525,0.7,0.3175,0.4525
41-9022.00,0.825,0.575,0.605,0.4475,0.35,0.55,0.6125,0.6375,0.625,0.8375,0.7125,0.8025,0.65,0.7375,0.825,0.3875,0.25,0.15,0.675,0.85,0.1375,0.15,0.1875,0.6625,0.7,0.7125,0.825,0.85,0.565,0.825,0.9125,0.8,0.625,0.685,0.54,0.4875,0.58,0.6575,0.6575,0.395,0.45
41-9031.00,0.85,0.3075,0.8025,0.1875,0.7675,0.5375,0.5975,0.655,0.6375,0.7125,0.7375,0.7175,0.5625,0.4175,0.6575,0.135,0.105,0.175,0.205,0.7975,0.3075,0.145,0.225,0.575,0.605,0.74,0.86,0.75,0.25,0.83,0.4975,0.3975,0.3775,0.335,0.585,0.36,0.385,0.63,0.465,0.1525,0.2075
41-9041.00,0.835,0.56,0.75,0.29,0.4275,0.545,0.77,0.64,0.7025,0.755,0.635,0.7925,0.67,0.51,0.66,0.0775,0.25,0.23,0.1075,0.6525,0.0975,0.14,0.2,0.59,0.6175,0.8025,0.865,0.735,0.675,0.9625,0.6875,0.5,0.3725,0.405,0.4725,0.39,0.3,0.45,0.3875,0.055,0.1675
41-9091.00,0.6775,0.4175,0.405,0.145,0.27,0.365,0.4575,0.2925,0.22,0.4375,0.47,0.5,0.5,0.575,0.6625,0.295,0.345,0.105,0.2825,0.63,0.03,0.03,0.0725,0.48,0.3925,0.575,0.7075,0.815,0.385,0.895,0.52,0.865,0.4125,0.6425,0.5975,0.5975,0.6625,0.4025,0.51,0.37,0.3125
43-1011.00,0.8225,0.6875,0.7375,0.495,0.49,0.6725,0.8,0.7375,0.745,0.8025,0.6375,0.6625,0.6275,0.585,0.6775,0.43,0.42,0.3325,0.235,0.8675,0.1,0.1875,0.2125,0.745,0.61,0.8,0.6475,0.675,0.5475,0.3525,0.715,0.5125,0.65,0.665,0.6575,0.6825,0.7425,0.6175,0.62,0.6875,0.6725
43-2011.00,0.87,0.4875,0.7925,0.22,0.155,0.3725,0.5625,0.61,0.3375,0.475,0.2175,0.5175,0.1325,0.2575,0.2775,0.0875,0.075,0.0425,0.0425,0.6975,0.04,0.0425,0.115,0.5625,0.2675,0.76,0.48,0.535,0.385,0.0775,0.4175,0.74,0.225,0.43,0.295,0.2325,0.255,0.2325,0.675,0.1425,0.295
43-2021.00,0.8725,0.4675,0.57,0.3675,0.4175,0.5625,0.765,0.5225,0.4575,0.4675,0.3425,0.715,0.4275,0.42,0.5225,0.2475,0.1875,0.2725,0.09,0.845,0.16,0.1275,0.3225,0.76,0.6425,0.7275,0.5775,0.6225,0.5475,0.1575,0.4575,0.7775,0.2275,0.3225,0.57,0.2925,0.44,0.3275,0.3675,0.32,0.2
43-3011.00,0.6625,0.545,0.575,0.39,0.4025,0.4625,0.5125,0.4775,0.45,0.605,0.3525,0.525,0.4425,0.405,0.7375,0.285,0.245,0.1075,0.0125,0.79,0.04,0.0375,0.0525,0.73,0.435,0.725,0.5325,0.645,0.33,0.215,0.665,0.375,0.325,0.4575,0.495,0.47,0.375,0.31,0.6175,0.1375,0.3275
43-3021.00,0.8825,0.465,0.4425,0.1475,0.21,0.18,0.82,0.725,0.56,0.5975,0.37,0.7725,0.32,0.385,0.68,0.15,0.2775,0.1575,0.1225,0.9175,0.065,0.06,0.0775,0.65,0.4625,0.82,0.6975,0.4325,0.4,0.1325,0.445,0.2925,0.4125,0.3175,0.385,0.2225,0.3575,0.3175,0.6875,0.1075,0.125
43-3031.00,0.815,0.5825,0.675,0.1675,0.37,0.3075,0.68,0.585,0.5325,0.62,0.3575,0.61,0.3925,0.41,0.6775,0.1625,0.1975,0.2225,0.0675,0.865,0.0225,0.0325,0.0425,0.7625,0.4375,0.705,0.6425,0.7425,0.29,0.15,0.5025,0.52,0.3925,0.345,0.3525,0.2275,0.2975,0.3675,0.67,0.275,0.4325
43-3041.00,0.76,0.4875,0.6025,0.5025,0.3675,0.4275,0.5675,0.645,0.48,0.6425,0.285,0.5625,0.3175,0.3125,0.4625,0.5425,0.465,0.51,0.09,0.7675,0.1575,0.22,0.2875,0.605,0.5075,0.66,0.48,0.5525,0.365,0.205,0.525,0.725,0.55,0.525,0.6225,0.47,0.53,0.295,0.48,0.3025,0.4525
43-3051.00,0.8125,0.4875,0.6225,0.1725,0.26,0.38,0.83,0.6825,0.6125,0.655,0.4325,0.675,0.3125,0.3725,0.6625,0.1725,0.195,0.215,0.1075,0.8425,0.0825,0.0825,0.09,0.715,0.505,0.75,0.4525,0.6475,0.475,0.1575,0.425,0.165,0.2675,0.43,0.45,0.24,0.1925,0.33,0.7975,0.295,0.1725
43-3061.00,0.7975,0.58,0.6725,0.32,0.3525,0.4475,0.7425,0.5575,0.6525,0.6675,0.4275,0.715,0.5325,0.6175,0.6325,0.3275,0.385,0.3075,0.1425,0.87,0.1425,0.11,0.1875,0.6075,0.435,0.8125,0.6725,0.7325,0.4775,0.3325,0.5325,0.345,0.38,0.2625,0.425,0.41,0.4725,0.415,0.6825,0.265,0.525
43-3071.00,0.765,0.6375,0.7,0.4975,0.5325,0.62,0.745,0.79,0.675,0.73,0.45,0.7175,0.4525,0.5475,0.6175,0.3775,0.38,0.4725,0.1925,0.82,0.2425,0.1875,0.355,0.6625,0.58,0.79,0.565,0.8,0.58,0.6675,0.7325,0.83,0.4825,0.4675,0.425,0.4225,0.405,0.3875,0.4375,0.275,0.385
43-4011.00,0.825,0.425,0.595,0.17,0.4225,0.2975,0.7725,0.6775,0.575,0.6375,0.2675,0.6125,0.3075,0.2625,0.5825,0.1375,0.1025,0.075,0.0125,0.7975,0.0025,0.005,0.0025,0.52,0.44,0.55,0.7475,0.695,0.2625,0.345,0.3875,0.235,0.2475,0.2925,0.3425,0.1725,0.28,0.31,0.4875,0.0325,0.16
43-4021.00,0.7675,0.535,0.635,0.3,0.405,0.3875,0.73,0.4275,0.5675,0.6575,0.3825,0.575,0.385,0.43,0.745,0.2325,0.245,0.25,0.115,0.88,0.0675,0.06,0.1325,0.745,0.485,0.7825,0.6875,0.69,0.4325,0.195,0.4375,0.52,0.365,0.385,0.385,0.305,0.3125,0.355,0.75,0.135,0.325
43-4031.00,0.82,0.5825,0.565,0.3175,0.305,0.3425,0.765,0.6575,0.5675,0.625,0.3825,0.7,0.3725,0.4925,0.66,0.2125,0.275,0.3075,0.0725,0.905,0.13,0.12,0.1825,0.755,0.4975,0.7775,0.6775,0.6825,0.4325,0.0775,0.5275,0.7875,0.415,0.4425,0.5425,0.3375,0.41,0.38,0.66,0.2275,0.32
43-4041.00,0.8825,0.3225,0.5475,0.1075,0.5025,0.3975,0.775,0.57,0.665,0.67,0.325,0.73,0.4625,0.4,0.7075,0.2075,0.05,0.0575,0.0425,0.855,0.0525,0.0125,0.0525,0.79,0.615,0.8325,0.8425,0.77,0.405,0.5125,0.6875,0.61,0.545,0.61,0.625,0.3525,0.52,0.2425,0.5825,0.255,0.5
43-4051.00,0.8025,0.6625,0.655,0.34,0.485,0.37,0.825,0.5175,0.62,0.745,0.485,0.79,0.445,0.5625,0.755,0.3875,0.4225,0.32,0.2125,0.885,0.1825,0.115,0.23,0.7275,0.7,0.8975,0.8775,0.6725,0.3575,0.435,0.7525,0.8425,0.715,0.5275,0.755,0.4475,0.44,0.4275,0.7375,0.3875,0.4175
43-4061.00,0.91,0.4725,0.5275,0.095,0.3125,0.4225,0.8675,0.8575,0.6875,0.7375,0.455,0.7875,0.4125,0.535,0.7275,0.1425,0.055,0.0175,0.13,0.925,0.045,0.0425,0.085,0.8425,0.6875,0.825,0.74,0.655,0.4325,0.075,0.605,0.8975,0.405,0.4775,0.325,0.3475,0.335,0.26,0.6125,0.1975,0.3025
43-4071.00,0.785,0.705,0.71,0.34,0.345,0.5975,0.8675,0.735,0.7975,0.795,0.5325,0.82,0.6075,0.6825,0.875,0.395,0.39,0.4225,0.3175,0.89,0.145,0.2125,0.1875,0.79,0.68,0.7725,0.7175,0.8175,0.5425,0.3275,0.6925,0.595,0.5575,0.655,0.6475,0.4775,0.415,0.5225,0.745,0.385,0.3825
43-4081.00,0.8675,0.54,0.735,0.39,0.3375,0.5325,0.6875,0.5275,0.5525,0.8225,0.4675,0.6525,0.4075,0.3925,0.5925,0.3925,0.4075,0.2475,0.18,0.8875,0.105,0.145,0.175,0.6175,0.45,0.81,0.575,0.7275,0.545,0.5775,0.77,0.8525,0.575,0.5,0.5475,0.48,0.515,0.425,0.605,0.305,0.395
43-4111.00,0.85,0.5275,0.675,0.32,0.39,0.7025,0.825,0.8675,0.805,0.83,0.5375,0.7975,0.725,0.5475,0.8375,0.3375,0.245,0.2275,0.2625,0.9825,0.16,0.23,0.2725,0.845,0.6425,0.905,0.8025,0.84,0.67,0.2375,0.735,0.805,0.6375,0.6675,0.715,0.58,0.65,0.585,0.845,0.5275,0.4975
43-4121.00,0.7975,0.7025,0.55,0.3125,0.32,0.455,0.7025,0.4325,0.4275,0.56,0.5225,0.7775,0.3475,0.4925,0.565,0.3975,0.76,0.22,0.015,0.9125,0.05,0.0225,0.28,0.6125,0.455,0.78,0.44,0.7875,0.5775,0.1275,0.48,0.715,0.44,0.3675,0.3925,0.3175,0.465,0.2625,0.5575,0.14,0.46
43-4131.00,0.8525,0.5725,0.7175,0.545,0.3925,0.41,0.8375,0.8375,0.75,0.755,0.5525,0.75,0.4675,0.4225,0.74,0.14,0.18,0.2525,0.01,0.98,0.0125,0.13,0.21,0.58,0.635,0.78,0.655,0.7525,0.335,0.545,0.5725,0.845,0.2925,0.485,0.3025,0.2375,0.3825,0.24,0.6325,0.1275,0.28
43-4141.00,0.84,0.6625,0.5925,0.3425,0.2225,0.4625,0.6225,0.7225,0.4,0.72,0.3225,0.605,0.415,0.3675,0.575,0.3025,0.2425,0.3275,0.095,0.665,0.04,0.0325,0.035,0.425,0.365,0.775,0.575,0.765,0.5175,0.575,0.6675,0.695,0.415,0.445,0.4975,0.5075,0.49,0.32,0.42,0.27,0.195
43-4151.00,0.94,0.9325,0.6025,0.51,0.5125,0.6,0.8775,0.7475,0.7325,0.8425,0.5575,0.8,0.47,0.575,0.915,0.32,0.3625,0.4525,0.27,0.8275,0.2275,0.285,0.1775,0.845,0.5325,0.94,0.7125,0.68,0.5375,0.52,0.7125,0.455,0.5325,0.6,0.735,0.2675,0.44,0.4975,0.8575,0.22,0.3725
43-4161.00,0.8575,0.7675,0.7675,0.3175,0.41,0.5075,0.8675,0.775,0.625,0.74,0.43,0.72,0.5225,0.585,0.9225,0.29,0.2625,0.2575,0.1075,0.91,0.0675,0.08,0.15,0.8375,0.63,0.9125,0.75,0.8875,0.5725,0.3825,0.6075,0.4825,0.4875,0.4475,0.49,0.3625,0.4575,0.465,0.8375,0.55,0.4625
43-4171.00,0.8425,0.485,0.44,0.38,0.24,0.445,0.6425,0.495,0.2975,0.725,0.355,0.615,0.365,0.57,0.5725,0.255,0.265,0.3525,0.085,0.8925,0.075,0.03,0.1875,0.6075,0.5225,0.785,0.6525,0.65,0.67,0.28,0.665,0.8225,0.56,0.34,0.37,0.3625,0.3775,0.3425,0.5925,0.3,0.26
43-4181.00,0.9125,0.7575,0.845,0.665,0.58,0.48,0.6875,0.855,0.5975,0.855,0.41,0.77,0.2525,0.3275,0.5675,0.78,0.7175,0.4875,0.2875,0.9575,0.07,0.0725,0.125,0.6975,0.675,0.8125,0.7775,0.8225,0.6725,0.4175,0.77,0.93,0.4625,0.41,0.515,0.425,0.365,0.4825,0.5575,0.1325,0.2825
43-5011.00,0.7825,0.61,0.5975,0.5525,0.5425,0.6125,0.535,0.595,0.4725,0.7175,0.5225,0.44,0.42,0.415,0.4975,0.5525,0.65,0.61,0.555,0.535,0.37,0.505,0.3225,0.7175,0.48,0.58,0.605,0.6025,0.285,0.4225,0.58,0.4875,0.3775,0.2325,0.295,0.33,0.3,0.375,0.3975,0.2375,0.2475
43-5011.01,0.87,0.8275,0.85,0.645,0.7375,0.77,0.75,0.7425,0.765,0.81,0.7575,0.7125,0.6375,0.77,0.7225,0.52,0.5675,0.5025,0.435,0.8175,0.6575,0.4825,0.5425,0.72,0.74,0.7525,0.725,0.725,0.5575,0.7025,0.74,0.6675,0.745,0.7075,0.6625,0.66,0.6325,0.645,0.5675,0.6075,0.6375
43-5021.00,0.79,0.5025,0.5625,0.2525,0.33,0.365,0.42,0.5,0.39,0.415,0.2725,0.385,0.1025,0.33,0.425,0.5325,0.6525,0.42,0.745,0.205,0.065,0.2175,0.185,0.7475,0.335,0.66,0.4575,0.5875,0.3975,0.0875,0.3225,0.425,0.085,0.0975,0.19,0.1025,0.1025,0.16,0.2125,0.1975,0.27
43-5031.00,0.9075,0.68,0.7775,0.5875,0.5825,0.555,0.8725,0.65,0.6475,0.8525,0.5425,0.8425,0.6525,0.57,0.74,0.2475,0.2975,0.385,0.255,0.9725,0.1175,0.3,0.4125,0.9425,0.785,0.8475,0.945,0.7025,0.8025,0.345,0.725,0.845,0.5525,0.575,0.6625,0.5075,0.635,0.49,0.755,0.575,0.42
43-5032.00,0.92,0.6725,0.8375,0.4725,0.485,0.6675,0.57,0.545,0.56,0.73,0.5,0.5775,0.53,0.5725,0.62,0.21,0.2525,0.3375,0.3075,0.78,0.1225,0.215,0.1825,0.665,0.495,0.7225,0.605,0.7,0.47,0.3575,0.66,0.62,0.7125,0.4475,0.605,0.5325,0.5225,0.38,0.5075,0.3225,0.2775
43-5041.00,0.7725,0.59,0.6125,0.7,0.54,0.44,0.68,0.5125,0.47,0.61,0.39,0.5325,0.2975,0.4875,0.52,0.735,0.625,0.3875,0.7575,0.6025,0.23,0.315,0.3075,0.835,0.425,0.7125,0.675,0.6225,0.3875,0.2125,0.4375,0.605,0.355,0.415,0.43,0.2525,0.31,0.2975,0.36,0.16,0.185
43-5051.00,0.745,0.5575,0.7375,0.425,0.4825,0.54,0.6625,0.71,0.495,0.6,0.3875,0.6525,0.315,0.3525,0.57,0.58,0.68,0.3875,0.305,0.665,0.1425,0.19,0.22,0.6175,0.6025,0.7075,0.6525,0.6475,0.3825,0.575,0.5125,0.75,0.4425,0.4425,0.4975,0.3275,0.4,0.46,0.475,0.2575,0.345
43-5052.00,0.62,0.425,0.475,0.315,0.2675,0.3,0.3525,0.335,0.1675,0.4,0.18,0.37,0.1525,0.145,0.3875,0.77,0.735,0.1225,0.8025,0.185,0.0575,0.1525,0.1,0.4175,0.235,0.4775,0.5875,0.4875,0.2225,0.2825,0.335,0.615,0.125,0.1275,0.29,0.1375,0.22,0.195,0.305,0.0625,0.09
43-5053.00,0.63,0.5,0.545,0.3975,0.29,0.44,0.52,0.4125,0.4,0.4775,0.2725,0.4875,0.265,0.235,0.395,0.6975,0.6975,0.5175,0.31,0.495,0.15,0.2425,0.245,0.41,0.385,0.685,0.1975,0.575,0.3975,0.085,0.3,0.2,0.4,0.3075,0.43,0.2,0.465,0.3925,0.2175,0.1125,0.09
43-5061.00,0.77,0.6875,0.6875,0.42,0.46,0.4675,0.71,0.6025,0.6425,0.6825,0.51,0.515,0.43,0.5875,0.655,0.2475,0.2825,0.2775,0.2325,0.8375,0.2625,0.09,0.17,0.6225,0.5575,0.82,0.4075,0.5375,0.3225,0.165,0.19,0.1575,0.585,0.36,0.345,0.325,0.3275,0.3625,0.5125,0.13,0.465
43-5071.00,0.825,0.45,0.6175,0.5525,0.445,0.54,0.5825,0.5675,0.405,0.5675,0.46,0.6475,0.395,0.5775,0.6675,0.7075,0.7175,0.52,0.58,0.5625,0.21,0.29,0.2775,0.7175,0.5875,0.805,0.4025,0.57,0.3775,0.42,0.545,0.465,0.525,0.435,0.5975,0.45,0.48,0.4,0.5125,0.35,0.4475
43-5111.00,0.7775,0.8225,0.72,0.7225,0.7175,0.7275,0.8075,0.7175,0.6425,0.6925,0.445,0.765,0.485,0.5475,0.7625,0.5925,0.695,0.69,0.47,0.7225,0.3225,0.43,0.4575,0.84,0.61,0.85,0.535,0.6275,0.4375,0.3425,0.5125,0.3725,0.6825,0.61,0.655,0.55,0.6425,0.45,0.525,0.3925,0.45
43-6011.00,0.875,0.605,0.73,0.32,0.3775,0.4825,0.745,0.59,0.455,0.6675,0.6825,0.7875,0.4125,0.815,0.8725,0.305,0.4425,0.24,0.105,0.8525,0.0625,0.125,0.17,0.6975,0.465,0.91,0.8625,0.8825,0.6175,0.26,0.535,0.525,0.55,0.46,0.325,0.3475,0.4275,0.33,0.8575,0.195,0.4325
43-6012.00,0.7175,0.7325,0.69,0.43,0.37,0.43,0.815,0.4975,0.7275,0.69,0.53,0.68,0.4475,0.705,0.7975,0.315,0.32,0.27,0.105,0.8325,0.0475,0.0525,0.13,0.745,0.595,0.8525,0.705,0.7725,0.53,0.1625,0.38,0.4825,0.4475,0.4,0.4875,0.3525,0.4475,0.3075,0.87,0.25,0.1225
43-6013.00,0.8125,0.475,0.5775,0.3375,0.3625,0.5675,0.84,0.6875,0.6275,0.755,0.495,0.7225,0.4975,0.7325,0.7175,0.2675,0.3725,0.355,0.17,0.865,0.12,0.1225,0.185,0.745,0.625,0.8075,0.64,0.7525,0.7725,0.5275,0.605,0.8225,0.6375,0.45,0.4725,0.3375,0.395,0.4675,0.775,0.4175,0.52
43-6014.00,0.79,0.5475,0.6075,0.2475,0.3525,0.41,0.6125,0.6225,0.4475,0.565,0.5,0.525,0.3475,0.525,0.6925,0.285,0.2675,0.275,0.1575,0.845,0.0975,0.0775,0.1475,0.6475,0.415,0.7925,0.6175,0.69,0.5425,0.145,0.4725,0.4675,0.3975,0.3525,0.3725,0.1775,0.315,0.2875,0.765,0.19,0.2925
43-9021.00,0.8125,0.585,0.61,0.2675,0.455,0.6525,0.875,0.775,0.6375,0.8025,0.475,0.7775,0.4225,0.395,0.7125,0.385,0.355,0.3475,0.1375,0.9275,0.165,0.1625,0.1625,0.8525,0.5375,0.8175,0.57,0.64,0.345,0.2125,0.36,0.42,0.45,0.4425,0.57,0.4575,0.3875,0.315,0.7275,0.1875,0.2325
43-9022.00,0.7025,0.4275,0.565,0.4525,0.42,0.3075,0.675,0.565,0.465,0.5525,0.4325,0.5375,0.3325,0.4125,0.7325,0.275,0.345,0.355,0.1075,0.7875,0.155,0.1225,0.14,0.7225,0.3725,0.7475,0.6325,0.7375,0.53,0.1525,0.5225,0.5225,0.2825,0.335,0.3675,0.2575,0.3225,0.295,0.7275,0.1725,0.4075
43-9031.00,0.8325,0.5175,0.6275,0.335,0.38,0.5225,0.6625,0.45,0.47,0.7,0.7875,0.73,0.515,0.5825,0.73,0.2775,0.3,0.3025,0.0775,0.8675,0.2325,0.1975,0.32,0.6025,0.66,0.73,0.585,0.6175,0.305,0.37,0.3625,0.3625,0.6,0.4475,0.49,0.3725,0.4575,0.4625,0.55,0.3675,0.2975
43-9041.00,0.8,0.5525,0.6125,0.2775,0.29,0.3825,0.7775,0.755,0.5025,0.6575,0.31,0.655,0.2875,0.2825,0.63,0.135,0.165,0.1525,0.0375,0.855,0.01,0.005,0.0375,0.7675,0.595,0.77,0.6925,0.6875,0.405,0.235,0.49,0.4,0.2975,0.385,0.415,0.1625,0.2675,0.3025,0.635,0.0575,0.17
43-9051.00,0.645,0.51,0.61,0.5975,0.4775,0.5075,0.5725,0.4475,0.3475,0.515,0.445,0.46,0.3125,0.175,0.4675,0.685,0.675,0.6275,0.41,0.5725,0.285,0.4225,0.3,0.405,0.3475,0.6475,0.2725,0.5575,0.5275,0.2875,0.4675,0.23,0.47,0.3275,0.4575,0.3525,0.3725,0.405,0.465,0.1525,0.2825
43-9061.00,0.7225,0.505,0.5775,0.3775,0.355,0.385,0.6325,0.555,0.4675,0.5225,0.4025,0.54,0.275,0.5175,0.61,0.2925,0.27,0.27,0.21,0.8125,0.0775,0.14,0.15,0.635,0.3425,0.7575,0.6175,0.6325,0.4025,0.1275,0.3775,0.4875,0.3675,0.33,0.38,0.245,0.31,0.17,0.68,0.265,0.325
43-9071.00,0.68,0.525,0.485,0.4425,0.445,0.5425,0.5725,0.3725,0.395,0.515,0.565,0.5625,0.385,0.4375,0.6375,0.47,0.54,0.6025,0.215,0.7475,0.1925,0.3375,0.4475,0.445,0.3475,0.615,0.48,0.56,0.3375,0.2875,0.43,0.445,0.5625,0.4025,0.4175,0.3725,0.395,0.3025,0.5,0.23,0.455
43-9081.00,0.84,0.3425,0.69,0.0825,0.185,0.1925,0.7725,0.565,0.5275,0.4725,0.3275,0.635,0.1275,0.3925,0.6125,0.0475,0.1625,0.04,0,0.775,0.065,0,0.25,0.565,0.4175,0.555,0.2325,0.7025,0.1225,0.07,0.0475,0.1,0.1475,0.2225,0.08,0.0625,0.07,0.095,0.205,0.0625,0.0675
43-9111.00,0.8725,0.3375,0.5925,0.095,0.5075,0.265,0.8425,0.635,0.8575,0.7125,0.4525,0.7175,0.405,0.4675,0.805,0.1625,0.115,0.14,0.0375,0.945,0.0925,0.04,0.055,0.7,0.77,0.845,0.62,0.775,0.335,0.2425,0.4075,0.425,0.5175,0.525,0.4825,0.3525,0.525,0.5,0.5025,0.22,0.225
45-1011.00,0.755,0.7025,0.69,0.7325,0.6025,0.66,0.63,0.6375,0.5225,0.7425,0.4975,0.6,0.56,0.65,0.6925,0.6475,0.645,0.66,0.7,0.4775,0.345,0.605,0.38,0.6175,0.47,0.755,0.5075,0.615,0.3675,0.335,0.5625,0.33,0.71,0.5575,0.55,0.6475,0.55,0.4,0.485,0.3825,0.5925
45-2011.00,0.8275,0.6925,0.8125,0.725,0.51,0.7025,0.665,0.8575,0.54,0.7425,0.42,0.6975,0.28,0.5025,0.725,0.61,0.4975,0.335,0.59,0.7325,0.105,0.225,0.2775,0.865,0.645,0.8625,0.705,0.755,0.3825,0.3075,0.6375,0.57,0.465,0.4475,0.6475,0.365,0.415,0.46,0.5175,0.2425,0.27
45-2021.00,0.6475,0.6125,0.785,0.495,0.43,0.53,0.5325,0.51,0.3225,0.63,0.3225,0.5025,0.4275,0.4475,0.51,0.7675,0.705,0.385,0.3625,0.4925,0.1125,0.205,0.1475,0.71,0.315,0.44,0.4075,0.6075,0.385,0.425,0.3025,0.335,0.1775,0.3,0.375,0.2225,0.3125,0.425,0.3725,0.16,0.45
45-2041.00,0.805,0.685,0.83,0.5075,0.4925,0.5975,0.595,0.555,0.3675,0.5425,0.335,0.46,0.245,0.295,0.55,0.6825,0.9,0.455,0.365,0.215,0.08,0.16,0.1275,0.485,0.425,0.82,0.36,0.515,0.36,0.2425,0.4125,0.085,0.4425,0.3275,0.435,0.435,0.47,0.3775,0.2225,0.185,0.32
45-2091.00,0.6,0.62,0.675,0.8175,0.395,0.39,0.775,0.585,0.28,0.3475,0.545,0.6225,0.3225,0.3225,0.3325,0.74,0.7875,0.79,0.86,0.345,0.2525,0.6925,0.4225,0.515,0.3875,0.73,0.265,0.795,0.6,0.28,0.645,0.26,0.6475,0.6325,0.535,0.6375,0.48,0.3775,0.265,0.2625,0.5475
45-2092.00,0.6975,0.5475,0.6875,0.62,0.5575,0.5475,0.53,0.58,0.5675,0.6175,0.52,0.6425,0.5275,0.4925,0.5775,0.76,0.715,0.645,0.64,0.41,0.3,0.6,0.355,0.505,0.465,0.6675,0.5475,0.5775,0.4425,0.415,0.44,0.47,0.5025,0.4775,0.5775,0.43,0.4875,0.46,0.3925,0.29,0.5125
45-2093.00,0.6325,0.745,0.65,0.595,0.59,0.635,0.58,0.5675,0.5125,0.7425,0.4275,0.5775,0.475,0.5075,0.5525,0.7475,0.6825,0.615,0.6925,0.375,0.24,0.45,0.3025,0.6325,0.3925,0.66,0.4575,0.595,0.44,0.3425,0.4125,0.52,0.5225,0.55,0.555,0.5,0.375,0.305,0.455,0.2375,0.505
45-3031.00,0.67,0.6175,0.6575,0.7875,0.4725,0.5275,0.565,0.61,0.42,0.71,0.67,0.68,0.5275,0.4875,0.6175,0.775,0.67,0.6325,0.7775,0.3675,0.29,0.5925,0.435,0.565,0.355,0.42,0.3825,0.4725,0.4725,0.3825,0.4475,0.43,0.4725,0.3675,0.5,0.46,0.46,0.3675,0.4025,0.21,0.4725
45-4011.00,0.7425,0.69,0.6725,0.6675,0.54,0.525,0.6075,0.5475,0.5025,0.6975,0.5775,0.6,0.55,0.4625,0.6,0.795,0.6575,0.5325,0.865,0.5425,0.1825,0.57,0.2375,0.5925,0.42,0.7375,0.5075,0.605,0.225,0.085,0.3525,0.6325,0.515,0.4525,0.435,0.385,0.3975,0.2825,0.4,0.24,0.31
45-4021.00,0.61,0.6475,0.735,0.635,0.445,0.5825,0.2325,0.36,0.2,0.48,0.13,0.31,0.32,0.195,0.3675,0.835,0.8,0.8325,0.6925,0.0275,0.21,0.615,0.1025,0.1825,0.24,0.4875,0.1275,0.535,0.3475,0.16,0.165,0.1175,0.285,0.185,0.1975,0.155,0.165,0.1475,0.1275,0.065,0.1875
45-4022.00,0.8075,0.69,0.6575,0.755,0.7025,0.5875,0.37,0.7475,0.36,0.7225,0.54,0.565,0.5925,0.445,0.58,0.565,0.69,0.905,0.9175,0.36,0.25,0.8375,0.42,0.4025,0.4225,0.725,0.535,0.695,0.625,0.2575,0.4275,0.2725,0.5475,0.63,0.435,0.5125,0.515,0.56,0.245,0.17,0.5475
45-4023.00,0.7025,0.6825,0.6925,0.7225,0.7425,0.7575,0.6825,0.7175,0.535,0.6725,0.4825,0.54,0.495,0.525,0.6,0.635,0.6125,0.495,0.6475,0.63,0.2875,0.4475,0.37,0.75,0.45,0.7125,0.5425,0.5825,0.345,0.29,0.52,0.5025,0.485,0.44,0.5375,0.465,0.4225,0.47,0.545,0.215,0.5925
47-1011.00,0.765,0.7225,0.6925,0.7775,0.62,0.6475,0.675,0.6675,0.5625,0.7875,0.635,0.665,0.645,0.73,0.74,0.6125,0.675,0.6775,0.7025,0.445,0.595,0.5725,0.4525,0.53,0.53,0.815,0.7125,0.73,0.5325,0.3775,0.545,0.4875,0.7625,0.54,0.56,0.695,0.465,0.4775,0.455,0.415,0.5325
47-2011.00,0.735,0.5275,0.67,0.74,0.505,0.5875,0.545,0.585,0.5,0.69,0.43,0.6375,0.3825,0.585,0.5825,0.6775,0.6,0.5325,0.6775,0.5375,0.51,0.7825,0.4625,0.4875,0.3125,0.6225,0.455,0.47,0.3075,0.2125,0.305,0.3025,0.4375,0.3425,0.39,0.5225,0.2625,0.265,0.3975,0.2025,0.4375
47-2021.00,0.7725,0.76,0.725,0.7825,0.6175,0.6,0.585,0.645,0.47,0.71,0.5175,0.605,0.575,0.7225,0.7,0.72,0.7875,0.5625,0.685,0.1925,0.48,0.55,0.135,0.43,0.555,0.7275,0.41,0.5775,0.3575,0.2125,0.485,0.3225,0.715,0.605,0.56,0.56,0.5125,0.41,0.265,0.19,0.5225
47-2022.00,0.8775,0.7925,0.7,0.805,0.6875,0.6075,0.6675,0.72,0.32,0.7475,0.6675,0.6,0.525,0.59,0.6725,0.8675,0.82,0.7475,0.775,0.2675,0.5075,0.55,0.34,0.4825,0.59,0.7975,0.5125,0.535,0.4475,0.44,0.56,0.4025,0.6025,0.5225,0.59,0.6325,0.4925,0.4225,0.305,0.3175,0.48
47-2031.00,0.78,0.77,0.7975,0.77,0.58,0.6125,0.6575,0.61,0.61,0.7075,0.6275,0.6375,0.465,0.6175,0.675,0.7525,0.7625,0.62,0.6625,0.4075,0.65,0.5,0.335,0.5425,0.52,0.7275,0.52,0.6025,0.465,0.31,0.5475,0.465,0.66,0.5825,0.52,0.5875,0.5025,0.4,0.4375,0.2775,0.485
47-2041.00,0.785,0.645,0.605,0.725,0.6525,0.5825,0.49,0.51,0.365,0.68,0.505,0.62,0.4,0.49,0.55,0.8975,0.8675,0.5975,0.6075,0.0875,0.4875,0.385,0.195,0.24,0.335,0.6675,0.565,0.47,0.23,0.225,0.3475,0.485,0.48,0.3775,0.525,0.4275,0.4125,0.3325,0.1825,0.2025,0.3275
47-2042.00,0.6975,0.63,0.64,0.595,0.5425,0.4925,0.67,0.48,0.525,0.695,0.575,0.605,0.55,0.68,0.6525,0.6675,0.6625,0.455,0.3825,0.2025,0.4175,0.315,0.1075,0.34,0.43,0.74,0.63,0.55,0.3625,0.365,0.41,0.5175,0.52,0.5275,0.4175,0.4525,0.3625,0.3075,0.3,0.205,0.3025
47-2043.00,0.7975,0.8325,0.7675,0.8275,0.65,0.56,0.6725,0.6125,0.45,0.725,0.6125,0.665,0.55,0.5925,0.6525,0.77,0.7525,0.7725,0.6225,0.2525,0.3975,0.67,0.415,0.4875,0.5975,0.7625,0.5725,0.595,0.4575,0.4175,0.5225,0.685,0.6525,0.4825,0.68,0.5725,0.53,0.49,0.235,0.29,0.575
47-2044.00,0.8175,0.6625,0.65,0.7025,0.62,0.6125,0.4675,0.59,0.4025,0.6625,0.6475,0.5475,0.425,0.535,0.6425,0.7325,0.7175,0.475,0.495,0.08,0.5675,0.4275,0.27,0.3325,0.4,0.675,0.4325,0.48,0.3725,0.2775,0.3475,0.3125,0.4725,0.37,0.505,0.4125,0.3875,0.2875,0.23,0.11,0.3275
47-2051.00,0.805,0.725,0.785,0.825,0.59,0.66,0.5925,0.565,0.4425,0.77,0.5125,0.595,0.495,0.795,0.68,0.8025,0.83,0.7925,0.6525,0.2525,0.34,0.58,0.2325,0.51,0.3875,0.6675,0.4,0.495,0.4175,0.415,0.4875,0.3075,0.6925,0.6225,0.49,0.5775,0.5225,0.39,0.3325,0.43,0.4775
47-2053.00,0.795,0.7125,0.6,0.725,0.56,0.4775,0.44,0.4625,0.385,0.66,0.5075,0.4625,0.4825,0.65,0.6825,0.8525,0.7925,0.76,0.62,0.1475,0.5125,0.5325,0.4225,0.29,0.415,0.6975,0.4075,0.555,0.365,0.245,0.4625,0.395,0.6325,0.47,0.585,0.4825,0.48,0.385,0.23,0.1875,0.3225
47-2061.00,0.845,0.845,0.7975,0.94,0.6575,0.7325,0.5675,0.615,0.72,0.7875,0.635,0.735,0.705,0.595,0.785,0.6775,0.765,0.84,0.765,0.3125,0.465,0.745,0.4775,0.6,0.5975,0.705,0.6275,0.61,0.415,0.4575,0.5025,0.59,0.6625,0.6825,0.6825,0.455,0.4775,0.635,0.365,0.4025,0.515
47-2071.00,0.6075,0.6625,0.62,0.84,0.57,0.73,0.43,0.655,0.4225,0.6575,0.5475,0.66,0.3975,0.53,0.5225,0.73,0.595,0.85,0.74,0.29,0.25,0.6475,0.38,0.38,0.315,0.6375,0.6225,0.495,0.52,0.2125,0.295,0.3575,0.4275,0.5425,0.6225,0.5775,0.555,0.3925,0.2975,0.3,0.33
47-2072.00,0.8,0.775,0.8,0.8875,0.5425,0.5125,0.7075,0.62,0.46,0.7125,0.6,0.5675,0.52,0.495,0.63,0.7225,0.8475,0.92,0.9025,0.2775,0.3875,0.8175,0.3125,0.63,0.415,0.6725,0.335,0.505,0.375,0.2025,0.3625,0.3,0.425,0.3175,0.5375,0.3725,0.345,0.36,0.1975,0.1425,0.26
47-2073.00,0.8675,0.895,0.815,0.85,0.7025,0.655,0.6475,0.77,0.6425,0.8725,0.5225,0.64,0.6225,0.7,0.7175,0.715,0.7375,0.9075,0.9025,0.3625,0.5,0.7875,0.38,0.51,0.6175,0.745,0.6525,0.67,0.525,0.4225,0.565,0.6775,0.6525,0.465,0.5475,0.485,0.5875,0.4125,0.4825,0.26,0.4475
47-2081.00,0.6675,0.4725,0.46,0.58,0.4125,0.425,0.3825,0.3975,0.3075,0.5,0.4175,0.33,0.335,0.375,0.5325,0.6525,0.6775,0.3875,0.3875,0.0925,0.52,0.245,0.175,0.2225,0.3,0.5575,0.2925,0.4175,0.38,0.17,0.2375,0.205,0.5225,0.3775,0.4775,0.3725,0.365,0.2525,0.2075,0.13,0.29
47-2082.00,0.5725,0.51,0.46,0.67,0.3725,0.3775,0.2925,0.36,0.1525,0.4725,0.37,0.5175,0.36,0.4225,0.415,0.645,0.4675,0.4375,0.5375,0.0175,0.0825,0.3425,0.02,0.1125,0.2625,0.565,0.345,0.38,0.335,0.2625,0.26,0.25,0.435,0.23,0.4375,0.3175,0.285,0.295,0.12,0.105,0.175
47-2111.00,0.865,0.8575,0.79,0.8025,0.66,0.7375,0.635,0.715,0.6675,0.7875,0.685,0.84,0.5675,0.6625,0.875,0.9275,0.82,0.5525,0.7425,0.34,0.62,0.6575,0.6225,0.595,0.6225,0.9075,0.68,0.83,0.4275,0.3975,0.5925,0.4875,0.805,0.65,0.7275,0.6875,0.575,0.55,0.3875,0.3275,0.63
47-2121.00,0.82,0.66,0.765,0.8375,0.5075,0.565,0.5775,0.6025,0.46,0.6725,0.6175,0.6,0.4875,0.5575,0.6725,0.755,0.7925,0.6325,0.645,0.2525,0.565,0.455,0.285,0.4725,0.445,0.7375,0.5775,0.585,0.5325,0.3,0.515,0.54,0.545,0.475,0.6075,0.4925,0.52,0.4275,0.33,0.2475,0.29
47-2131.00,0.6525,0.5825,0.675,0.68,0.46,0.3825,0.365,0.53,0.3775,0.62,0.4725,0.495,0.28,0.3475,0.475,0.74,0.8125,0.5775,0.665,0.145,0.2625,0.5675,0.23,0.3325,0.4575,0.7,0.4425,0.415,0.3875,0.415,0.4775,0.4475,0.3825,0.4725,0.5175,0.425,0.4625,0.2875,0.31,0.3075,0.2975
47-2132.00,0.66,0.7725,0.64,0.7175,0.5275,0.5375,0.505,0.5575,0.38,0.745,0.58,0.5975,0.47,0.615,0.7125,0.8575,0.87,0.4825,0.585,0.2125,0.2475,0.3375,0.165,0.3525,0.435,0.77,0.4725,0.61,0.4275,0.2525,0.4475,0.2375,0.6325,0.4275,0.635,0.555,0.52,0.335,0.3075,0.2125,0.4675
47-2141.00,0.735,0.7325,0.7725,0.79,0.595,0.585,0.54,0.54,0.49,0.83,0.635,0.5425,0.7675,0.6875,0.8375,0.88,0.73,0.49,0.635,0.155,0.2975,0.4875,0.16,0.58,0.4925,0.7375,0.72,0.5775,0.5775,0.195,0.5725,0.5925,0.7275,0.49,0.7625,0.665,0.4325,0.39,0.1575,0.15,0.3425
47-2142.00,0.455,0.49,0.4775,0.6775,0.485,0.4925,0.335,0.3575,0.225,0.5475,0.4125,0.51,0.3375,0.49,0.4825,0.8575,0.7675,0.355,0.675,0.2275,0.14,0.2675,0.17,0.3175,0.325,0.5775,0.475,0.62,0.2975,0.2875,0.38,0.445,0.445,0.385,0.4175,0.4125,0.3725,0.2225,0.255,0.16,0.3225
47-2151.00,0.76,0.5875,0.625,0.6425,0.4125,0.425,0.3475,0.415,0.39,0.5,0.4175,0.4275,0.4125,0.4125,0.525,0.6425,0.7075,0.675,0.65,0.275,0.425,0.3925,0.23,0.2975,0.4275,0.675,0.5025,0.6225,0.46,0.255,0.36,0.3975,0.4575,0.4475,0.465,0.3925,0.5275,0.32,0.29,0.2325,0.3
47-2152.00,0.805,0.6925,0.7575,0.74,0.4775,0.5525,0.6075,0.5325,0.435,0.745,0.585,0.605,0.4325,0.6575,0.705,0.735,0.73,0.7025,0.715,0.35,0.6025,0.62,0.3625,0.4525,0.425,0.7025,0.4725,0.53,0.3775,0.3125,0.455,0.395,0.5625,0.465,0.625,0.4725,0.465,0.3775,0.3525,0.305,0.365
47-2161.00,0.81,0.545,0.6425,0.68,0.4825,0.605,0.4675,0.6325,0.5,0.68,0.5775,0.55,0.4825,0.41,0.5075,0.7525,0.72,0.58,0.6075,0.3075,0.335,0.4925,0.2475,0.425,0.43,0.6275,0.4725,0.5925,0.515,0.32,0.4475,0.5825,0.66,0.4575,0.535,0.57,0.52,0.3375,0.31,0.27,0.5
47-2171.00,0.81,0.51,0.7275,0.6925,0.54,0.45,0.4275,0.5075,0.365,0.6075,0.4525,0.3925,0.4375,0.54,0.6625,0.7875,0.8675,0.4975,0.495,0.1975,0.36,0.355,0.245,0.3225,0.4475,0.63,0.4325,0.44,0.3625,0.295,0.41,0.18,0.61,0.5325,0.6125,0.4775,0.5275,0.3225,0.27,0.215,0.35
47-2181.00,0.75,0.765,0.7475,0.77,0.665,0.54,0.5075,0.6,0.365,0.6525,0.5775,0.635,0.4775,0.53,0.615,0.825,0.805,0.5975,0.6525,0.29,0.4275,0.5975,0.33,0.4425,0.5575,0.7125,0.5625,0.53,0.4275,0.505,0.6125,0.4825,0.62,0.58,0.6225,0.605,0.655,0.3425,0.3875,0.3125,0.4975
47-2211.00,0.925,0.855,0.8125,0.86,0.6775,0.63,0.63,0.775,0.5125,0.6475,0.575,0.6375,0.5575,0.565,0.6925,0.69,0.695,0.5425,0.7975,0.375,0.62,0.63,0.585,0.72,0.385,0.74,0.8175,0.8275,0.5,0.6475,0.73,0.7025,0.69,0.7225,0.81,0.7375,0.795,0.6675,0.5425,0.4825,0.6025
47-2221.00,0.765,0.55,0.6775,0.81,0.49,0.51,0.4175,0.625,0.32,0.685,0.49,0.5175,0.4775,0.515,0.67,0.79,0.8475,0.71,0.73,0.0975,0.4325,0.3675,0.13,0.2325,0.4075,0.7475,0.3475,0.5325,0.38,0.175,0.3375,0.18,0.5025,0.535,0.445,0.445,0.375,0.255,0.24,0.1325,0.155
47-2231.00,0.765,0.74,0.7175,0.83,0.48,0.5025,0.585,0.7075,0.53,0.715,0.4925,0.515,0.385,0.5625,0.625,0.8775,0.815,0.5375,0.77,0.425,0.52,0.5125,0.6925,0.5225,0.555,0.6725,0.5775,0.47,0.355,0.3275,0.37,0.3325,0.5725,0.435,0.6225,0.5375,0.4975,0.3225,0.3525,0.1725,0.405
47-3011.00,0.815,0.7425,0.745,0.8075,0.5825,0.6375,0.5425,0.585,0.485,0.7725,0.54,0.5875,0.48,0.5875,0.6625,0.7625,0.855,0.7,0.7325,0.1075,0.51,0.4175,0.255,0.2825,0.4175,0.685,0.38,0.445,0.425,0.2025,0.3,0.2625,0.565,0.55,0.5575,0.4375,0.375,0.2775,0.1125,0.15,0.2225
47-3012.00,0.775,0.55,0.645,0.7975,0.5,0.5325,0.4725,0.6075,0.4375,0.745,0.6375,0.6175,0.45,0.425,0.6275,0.8625,0.8425,0.6725,0.7325,0.215,0.48,0.5925,0.53,0.29,0.4975,0.6975,0.3875,0.43,0.3925,0.0925,0.39,0.26,0.51,0.4725,0.38,0.24,0.3825,0.1925,0.245,0.21,0.21
47-3013.00,0.8,0.7825,0.7725,0.8375,0.6525,0.7225,0.81,0.755,0.7625,0.8775,0.7025,0.7525,0.625,0.6625,0.78,0.8225,0.8,0.7825,0.7275,0.435,0.6925,0.665,0.7925,0.6525,0.5625,0.785,0.5875,0.67,0.6725,0.605,0.675,0.655,0.7375,0.59,0.7,0.61,0.59,0.625,0.4425,0.39,0.555
47-3014.00,0.6025,0.42,0.455,0.6325,0.3275,0.37,0.325,0.485,0.335,0.515,0.3125,0.3975,0.3225,0.3275,0.47,0.6875,0.6425,0.315,0.4775,0.01,0.195,0.4825,0.09,0.235,0.24,0.75,0.31,0.4775,0.355,0.1875,0.375,0.1825,0.385,0.33,0.465,0.31,0.3125,0.3,0.1425,0.185,0.21
47-3015.00,0.775,0.575,0.7275,0.8225,0.5825,0.6275,0.52,0.78,0.345,0.6975,0.7475,0.6575,0.5525,0.5125,0.605,0.745,0.7625,0.6875,0.565,0.2775,0.415,0.6125,0.32,0.315,0.4525,0.6125,0.4075,0.5975,0.535,0.3175,0.4075,0.52,0.545,0.38,0.4225,0.54,0.35,0.5075,0.35,0.225,0.4575
47-3016.00,0.755,0.7025,0.685,0.695,0.53,0.5425,0.495,0.5275,0.5575,0.7,0.6775,0.6675,0.6,0.585,0.5925,0.62,0.5525,0.49,0.665,0.4275,0.5825,0.5725,0.585,0.475,0.565,0.68,0.65,0.5825,0.605,0.4025,0.615,0.51,0.6675,0.6325,0.6725,0.5625,0.6175,0.605,0.52,0.415,0.52
47-4011.00,0.86,0.53,0.61,0.8225,0.43,0.53,0.68,0.82,0.7,0.72,0.48,0.79,0.42,0.7,0.73,0.56,0.3,0.27,0.67,0.76,0.39,0.17,0.16,0.79,0.73,0.76,0.82,0.69,0.37,0.25,0.66,0.72,0.53,0.53,0.61,0.46,0.52,0.58,0.61,0.385,0.39
47-4021.00,0.8175,0.6975,0.72,0.805,0.44,0.4625,0.67,0.775,0.5775,0.75,0.3775,0.6425,0.525,0.5525,0.6325,0.7225,0.615,0.8375,0.665,0.585,0.6425,0.845,0.7575,0.625,0.4175,0.6175,0.4375,0.5675,0.395,0.275,0.37,0.4125,0.435,0.4675,0.565,0.3625,0.435,0.3825,0.3525,0.06,0.465
47-4031.00,0.695,0.4275,0.515,0.6025,0.445,0.455,0.5625,0.465,0.295,0.58,0.37,0.3925,0.365,0.5375,0.645,0.7225,0.68,0.7275,0.6625,0.26,0.58,0.4575,0.3475,0.37,0.445,0.67,0.4825,0.6325,0.5275,0.2875,0.535,0.415,0.5825,0.4825,0.575,0.5675,0.5,0.4075,0.3575,0.3225,0.345
47-4041.00,0.7375,0.6925,0.675,0.7275,0.5725,0.6125,0.6225,0.7,0.56,0.57,0.5075,0.6425,0.5125,0.56,0.58,0.7275,0.7075,0.54,0.5275,0.4,0.48,0.52,0.43,0.6275,0.4425,0.7675,0.555,0.6675,0.4775,0.4225,0.4725,0.42,0.5525,0.6225,0.4975,0.4875,0.46,0.5025,0.4925,0.3725,0.475
47-4051.00,0.7875,0.7525,0.7,0.81,0.4825,0.585,0.515,0.5825,0.5275,0.67,0.6025,0.58,0.4925,0.4775,0.815,0.65,0.47,0.67,0.7575,0.5025,0.435,0.375,0.2975,0.525,0.5175,0.8475,0.685,0.845,0.735,0.7025,0.68,0.76,0.71,0.7275,0.6125,0.5575,0.4625,0.4925,0.5725,0.4275,0.445
47-4061.00,0.91,0.745,0.8325,0.845,0.695,0.6075,0.6375,0.7625,0.56,0.865,0.645,0.755,0.5225,0.6025,0.7425,0.82,0.8625,0.73,0.865,0.27,0.4775,0.7075,0.2975,0.5775,0.62,0.81,0.44,0.59,0.4925,0.42,0.485,0.4525,0.6925,0.5525,0.5325,0.57,0.55,0.445,0.4075,0.325,0.4475
47-4071.00,0.835,0.58,0.6425,0.625,0.4325,0.465,0.4225,0.495,0.3975,0.6725,0.48,0.5775,0.41,0.4525,0.5225,0.79,0.64,0.595,0.845,0.1475,0.1875,0.535,0.2725,0.645,0.5525,0.6525,0.5475,0.5975,0.3325,0.2925,0.335,0.595,0.43,0.245,0.4825,0.22,0.4,0.285,0.2025,0.15,0.29
47-4091.00,0.745,0.605,0.64,0.795,0.67,0.4575,0.54,0.6425,0.4625,0.7625,0.5725,0.5125,0.49,0.53,0.73,0.8125,0.8325,0.67,0.8125,0.09,0.3625,0.5875,0.0575,0.325,0.59,0.7525,0.6525,0.75,0.5225,0.605,0.5675,0.505,0.765,0.7125,0.6775,0.725,0.6475,0.4525,0.3525,0.3025,0.395
47-5011.00,0.61,0.66,0.65,0.8,0.445,0.44,0.42,0.4025,0.3225,0.64,0.36,0.4875,0.325,0.32,0.465,0.7175,0.745,0.8625,0.6275,0.355,0.2775,0.7975,0.385,0.5825,0.415,0.6675,0.5225,0.515,0.3625,0.255,0.38,0.255,0.5625,0.49,0.5075,0.41,0.5375,0.35,0.3825,0.33,0.405
47-5012.00,0.7875,0.72,0.795,0.89,0.63,0.6675,0.655,0.6925,0.48,0.77,0.5575,0.5825,0.495,0.5225,0.5425,0.81,0.835,0.8625,0.755,0.16,0.4,0.78,0.4525,0.655,0.5775,0.79,0.43,0.5575,0.5175,0.4,0.455,0.245,0.6525,0.61,0.7225,0.6525,0.6,0.5075,0.5175,0.5025,0.465
47-5013.00,0.7575,0.83,0.7875,0.885,0.6625,0.7825,0.6475,0.64,0.4575,0.7375,0.555,0.605,0.505,0.6175,0.7225,0.7825,0.735,0.9275,0.6825,0.305,0.56,0.74,0.455,0.51,0.6325,0.8475,0.73,0.7925,0.7275,0.5225,0.64,0.2425,0.84,0.6975,0.7975,0.6725,0.77,0.6275,0.6125,0.455,0.39
47-5022.00,0.77,0.7625,0.7225,0.845,0.6175,0.5875,0.6,0.72,0.47,0.7475,0.5975,0.5925,0.5875,0.565,0.6325,0.7325,0.8,0.8475,0.905,0.23,0.49,0.6825,0.415,0.5325,0.475,0.7675,0.435,0.61,0.5525,0.2475,0.4925,0.365,0.6375,0.535,0.64,0.57,0.6125,0.46,0.1825,0.13,0.3725
47-5023.00,0.78,0.7075,0.74,0.895,0.56,0.595,0.465,0.6325,0.425,0.72,0.58,0.535,0.465,0.54,0.495,0.7125,0.7175,0.88,0.7975,0.1975,0.4275,0.86,0.435,0.475,0.56,0.7025,0.4175,0.465,0.5975,0.47,0.5025,0.465,0.525,0.4725,0.5725,0.52,0.395,0.35,0.28,0.145,0.505
47-5032.00,0.8325,0.7925,0.7925,0.8025,0.7075,0.6975,0.6875,0.8225,0.595,0.855,0.625,0.7925,0.51,0.6675,0.72,0.8125,0.8025,0.72,0.73,0.355,0.4375,0.5525,0.365,0.8225,0.5,0.6975,0.635,0.5625,0.4275,0.3325,0.5,0.49,0.6775,0.625,0.76,0.625,0.605,0.47,0.625,0.3475,0.605
47-5041.00,0.6675,0.6475,0.645,0.755,0.4575,0.4775,0.46,0.655,0.5225,0.775,0.48,0.605,0.45,0.44,0.5675,0.55,0.6425,0.8375,0.7875,0.2125,0.35,0.7325,0.5775,0.335,0.385,0.7225,0.2225,0.4875,0.4975,0.18,0.3125,0.1225,0.5475,0.5275,0.6575,0.415,0.4225,0.4125,0.0925,0.145,0.3175
47-5043.00,0.76,0.8375,0.805,0.8825,0.46,0.5125,0.575,0.615,0.3825,0.6825,0.3425,0.6225,0.39,0.38,0.5475,0.64,0.7625,0.85,0.855,0.105,0.3375,0.805,0.6275,0.45,0.54,0.725,0.1925,0.245,0.51,0.12,0.2675,0.02,0.5775,0.405,0.7,0.5175,0.475,0.4275,0.0625,0.09,0.415
47-5044.00,0.6625,0.6425,0.725,0.7625,0.3975,0.4225,0.39,0.54,0.2725,0.4525,0.37,0.3725,0.34,0.2575,0.38,0.57,0.5925,0.7425,0.85,0.1325,0.24,0.6325,0.38,0.32,0.325,0.615,0.2025,0.415,0.3125,0.2075,0.3175,0.13,0.4625,0.4375,0.4775,0.3575,0.395,0.3,0.2175,0.1875,0.2775
47-5051.00,0.5,0.5825,0.4825,0.625,0.4075,0.5075,0.3875,0.4725,0.3475,0.455,0.375,0.425,0.3375,0.305,0.42,0.6875,0.71,0.6525,0.6,0.16,0.255,0.51,0.1375,0.325,0.28,0.525,0.18,0.47,0.4175,0.1475,0.25,0.0975,0.415,0.34,0.4325,0.265,0.28,0.275,0.1575,0.1525,0.125
47-5071.00,0.7575,0.7275,0.72,0.87,0.5,0.5975,0.6025,0.5625,0.4325,0.6875,0.6175,0.59,0.485,0.7,0.73,0.8075,0.675,0.82,0.8825,0.2425,0.4,0.635,0.3725,0.6125,0.42,0.65,0.535,0.655,0.5475,0.3825,0.4975,0.39,0.665,0.565,0.555,0.5375,0.54,0.48,0.3025,0.1725,0.4875
47-5081.00,0.7775,0.8,0.715,0.85,0.72,0.63,0.7125,0.8425,0.6775,0.8075,0.6075,0.64,0.7425,0.6,0.665,0.84,0.9375,0.935,0.925,0.3025,0.5425,0.8875,0.6,0.6875,0.7425,0.865,0.5625,0.6075,0.7125,0.395,0.61,0.315,0.645,0.6575,0.61,0.615,0.72,0.55,0.3875,0.3375,0.745
49-1011.00,0.805,0.825,0.7275,0.7475,0.715,0.67,0.6675,0.805,0.64,0.8275,0.6775,0.725,0.6825,0.7175,0.8075,0.5625,0.6375,0.655,0.75,0.705,0.6075,0.67,0.605,0.7275,0.6275,0.7875,0.6175,0.56,0.495,0.4425,0.52,0.3175,0.745,0.7475,0.6975,0.74,0.615,0.575,0.5475,0.5825,0.565
49-2011.00,0.7275,0.555,0.605,0.75,0.3275,0.2825,0.3675,0.35,0.5,0.8425,0.5475,0.7075,0.31,0.4275,0.5075,0.315,0.5175,0.445,0.6075,0.7775,0.3175,0.715,0.9075,0.44,0.335,0.535,0.8225,0.4125,0.225,0.2475,0.41,0.4825,0.215,0.195,0.4025,0.2825,0.2875,0.36,0.405,0.0675,0.41
49-2021.00,0.8125,0.7675,0.87,0.8675,0.6,0.67,0.7925,0.78,0.5925,0.895,0.7025,0.8575,0.5475,0.6825,0.78,0.7625,0.7825,0.6025,0.8025,0.7525,0.65,0.595,0.8025,0.7375,0.7175,0.84,0.715,0.635,0.46,0.4575,0.54,0.54,0.6525,0.5225,0.63,0.555,0.555,0.555,0.5425,0.28,0.37
49-2022.00,0.8525,0.6325,0.74,0.6725,0.415,0.6125,0.6775,0.51,0.61,0.85,0.5975,0.7525,0.395,0.37,0.69,0.6175,0.66,0.46,0.7825,0.86,0.3525,0.4325,0.655,0.59,0.5925,0.7675,0.6525,0.625,0.4925,0.3825,0.48,0.71,0.4425,0.3725,0.5775,0.245,0.365,0.4625,0.3325,0.0875,0.1975
49-2091.00,0.8375,0.675,0.665,0.745,0.4625,0.6,0.685,0.78,0.6425,0.79,0.5525,0.8475,0.4275,0.4925,0.6575,0.595,0.6375,0.6725,0.4875,0.7875,0.5875,0.6425,0.8325,0.85,0.57,0.7575,0.535,0.65,0.405,0.3275,0.375,0.285,0.5475,0.515,0.695,0.4225,0.4975,0.5475,0.4225,0.2075,0.3825
49-2092.00,0.8275,0.7875,0.8325,0.78,0.6925,0.5675,0.765,0.7275,0.5625,0.72,0.6125,0.6125,0.49,0.615,0.755,0.71,0.715,0.7725,0.6575,0.48,0.5775,0.81,0.81,0.7125,0.5925,0.7825,0.5825,0.585,0.3925,0.36,0.405,0.2125,0.61,0.5675,0.615,0.5025,0.6125,0.46,0.47,0.2575,0.4375
49-2093.00,0.6875,0.68,0.6375,0.8,0.6,0.585,0.67,0.625,0.6375,0.7525,0.6275,0.6725,0.495,0.4225,0.63,0.6825,0.7275,0.78,0.64,0.685,0.52,0.61,0.5775,0.55,0.4125,0.815,0.385,0.4975,0.335,0.265,0.32,0.3425,0.6025,0.4475,0.5775,0.465,0.4975,0.525,0.345,0.2075,0.34
49-2094.00,0.7625,0.725,0.7725,0.7625,0.6025,0.6125,0.615,0.645,0.6675,0.8075,0.6175,0.6475,0.505,0.4325,0.6425,0.5475,0.615,0.68,0.33,0.79,0.5825,0.6725,0.86,0.78,0.5075,0.7075,0.39,0.6625,0.36,0.2125,0.3425,0.125,0.3875,0.3175,0.6775,0.445,0.515,0.385,0.3125,0.1725,0.275
49-2095.00,0.8125,0.795,0.84,0.83,0.505,0.61,0.7125,0.745,0.7075,0.82,0.5525,0.7725,0.3775,0.4875,0.6125,0.6525,0.6,0.7275,0.5925,0.7325,0.6025,0.735,0.8525,0.76,0.5225,0.7075,0.3625,0.6,0.42,0.15,0.3675,0.1625,0.43,0.26,0.5625,0.3675,0.525,0.45,0.45,0.115,0.4225
49-2096.00,0.9375,0.68,0.89,0.6425,0.5525,0.66,0.6975,0.57,0.6425,0.8925,0.6975,0.8775,0.5425,0.5175,0.69,0.6675,0.845,0.4725,0.705,0.74,0.5625,0.4325,0.6175,0.585,0.6225,0.62,0.5825,0.6125,0.445,0.5175,0.45,0.6,0.585,0.4925,0.645,0.62,0.6025,0.6725,0.395,0.185,0.2175
49-2097.00,0.8125,0.6475,0.735,0.7225,0.61,0.5625,0.7025,0.5725,0.6175,0.7725,0.665,0.84,0.4675,0.5075,0.71,0.445,0.6825,0.4825,0.41,0.7975,0.4125,0.33,0.665,0.565,0.5175,0.62,0.665,0.615,0.28,0.55,0.5775,0.6025,0.5175,0.48,0.515,0.5175,0.3825,0.505,0.45,0.23,0.3775
49-2098.00,0.7275,0.5725,0.8,0.775,0.5275,0.595,0.685,0.66,0.6125,0.775,0.565,0.8125,0.5475,0.5375,0.6575,0.775,0.75,0.45,0.6525,0.7525,0.455,0.505,0.84,0.6475,0.5475,0.765,0.815,0.6025,0.245,0.245,0.3875,0.535,0.445,0.29,0.505,0.445,0.4,0.3425,0.3475,0.1725,0.1975
49-3011.00,0.8875,0.7525,0.8075,0.9,0.635,0.75,0.745,0.9,0.6825,0.8875,0.6125,0.86,0.59,0.6175,0.7075,0.7575,0.795,0.63,0.805,0.61,0.505,0.8275,0.7125,0.9075,0.6225,0.8175,0.4975,0.585,0.47,0.42,0.51,0.315,0.565,0.5025,0.6125,0.5,0.575,0.4375,0.475,0.2275,0.465
49-3021.00,0.765,0.6875,0.7225,0.715,0.54,0.565,0.6975,0.7,0.5125,0.7625,0.68,0.775,0.5925,0.6125,0.72,0.6225,0.6625,0.5125,0.7325,0.4575,0.4375,0.62,0.425,0.4325,0.4,0.6975,0.4,0.4975,0.38,0.2925,0.425,0.43,0.45,0.41,0.5625,0.4325,0.5075,0.38,0.3275,0.24,0.4475
49-3022.00,0.6075,0.4325,0.5225,0.43,0.36,0.4275,0.3875,0.4775,0.215,0.5,0.5075,0.6025,0.1775,0.3725,0.51,0.805,0.7725,0.415,0.5725,0.2625,0.115,0.3325,0.1975,0.3225,0.3275,0.53,0.4125,0.475,0.12,0.29,0.3975,0.6,0.29,0.27,0.3325,0.2,0.1875,0.285,0.3,0.0775,0.14
49-3023.00,0.9,0.64,0.7375,0.7375,0.495,0.63,0.495,0.64,0.57,0.7825,0.5175,0.8075,0.465,0.3925,0.5975,0.6475,0.75,0.635,0.8675,0.6625,0.38,0.7875,0.6575,0.485,0.615,0.6,0.51,0.5575,0.3525,0.415,0.4525,0.4575,0.39,0.385,0.4675,0.3825,0.4825,0.46,0.3125,0.215,0.3125
49-3031.00,0.815,0.7275,0.815,0.8475,0.5425,0.475,0.635,0.6425,0.695,0.775,0.5375,0.7525,0.515,0.415,0.58,0.755,0.7375,0.76,0.805,0.65,0.535,0.905,0.7775,0.6725,0.4625,0.675,0.3375,0.5275,0.4425,0.26,0.2675,0.2325,0.385,0.325,0.46,0.325,0.4725,0.5675,0.485,0.145,0.315
49-3041.00,0.785,0.6325,0.735,0.7975,0.41,0.6125,0.4875,0.4775,0.52,0.6975,0.57,0.7075,0.3675,0.385,0.69,0.7025,0.77,0.7375,0.7675,0.7025,0.5375,0.9025,0.7825,0.75,0.6275,0.705,0.6775,0.6625,0.4325,0.4625,0.4975,0.66,0.385,0.36,0.43,0.3125,0.4125,0.4625,0.4175,0.36,0.39
49-3042.00,0.79,0.7225,0.735,0.8525,0.575,0.6775,0.69,0.585,0.64,0.81,0.68,0.67,0.545,0.5275,0.6825,0.7525,0.805,0.8025,0.865,0.61,0.5975,0.91,0.695,0.745,0.5925,0.7125,0.495,0.6525,0.47,0.365,0.46,0.3675,0.4925,0.4275,0.545,0.455,0.4475,0.52,0.3825,0.3075,0.3975
49-3043.00,0.755,0.7025,0.695,0.81,0.475,0.53,0.5125,0.6275,0.515,0.695,0.55,0.5675,0.4925,0.4875,0.6725,0.645,0.725,0.66,0.735,0.2875,0.4325,0.645,0.375,0.5725,0.3475,0.65,0.37,0.51,0.47,0.19,0.34,0.215,0.405,0.445,0.6475,0.4125,0.4825,0.41,0.29,0.19,0.3475
49-3051.00,0.7575,0.58,0.705,0.675,0.5275,0.45,0.5525,0.4675,0.615,0.725,0.455,0.745,0.3575,0.45,0.55,0.7225,0.775,0.6675,0.7775,0.4925,0.3725,0.7525,0.5975,0.5175,0.435,0.6125,0.485,0.5975,0.275,0.3725,0.255,0.525,0.335,0.32,0.365,0.3075,0.33,0.3725,0.4075,0.1725,0.43
49-3052.00,0.825,0.835,0.7925,0.835,0.5475,0.685,0.68,0.695,0.685,0.8675,0.67,0.7975,0.6525,0.655,0.74,0.7575,0.805,0.7975,0.8775,0.6925,0.575,0.835,0.685,0.6025,0.55,0.77,0.6225,0.58,0.4575,0.3625,0.4525,0.5975,0.4475,0.495,0.5125,0.42,0.37,0.495,0.25,0.1775,0.5
49-3053.00,0.7225,0.65,0.7475,0.7525,0.62,0.6725,0.5825,0.595,0.565,0.765,0.4825,0.8525,0.47,0.415,0.5675,0.6925,0.73,0.67,0.6575,0.6775,0.385,0.9125,0.4325,0.6125,0.47,0.6125,0.4675,0.5425,0.4525,0.495,0.4575,0.485,0.4525,0.3325,0.56,0.3425,0.485,0.3975,0.4175,0.33,0.3575
49-3091.00,0.8175,0.455,0.7625,0.685,0.4,0.6275,0.435,0.32,0.38,0.735,0.4575,0.8825,0.4325,0.5875,0.6675,0.645,0.81,0.6025,0.345,0.4725,0.21,0.765,0.23,0.715,0.425,0.775,0.52,0.635,0.7925,0.9325,0.555,0.92,0.4975,0.475,0.525,0.6925,0.39,0.615,0.4025,0.3175,0.4425
49-3092.00,0.825,0.6075,0.745,0.5525,0.5525,0.49,0.565,0.4575,0.485,0.6975,0.515,0.6575,0.3275,0.3525,0.445,0.6575,0.6875,0.635,0.65,0.4175,0.3825,0.6375,0.63,0.525,0.525,0.6025,0.3825,0.5875,0.4475,0.2625,0.2675,0.445,0.2375,0.265,0.3575,0.235,0.29,0.4225,0.3825,0.205,0.4125
49-3093.00,0.7725,0.69,0.6475,0.7275,0.6375,0.61,0.565,0.6025,0.6225,0.6575,0.5175,0.545,0.445,0.385,0.5475,0.68,0.74,0.6,0.77,0.3925,0.305,0.5375,0.28,0.3825,0.43,0.74,0.4525,0.4975,0.42,0.5025,0.38,0.6125,0.51,0.345,0.5525,0.3475,0.5075,0.4175,0.3325,0.25,0.3775
49-9011.00,0.73,0.6025,0.675,0.69,0.5125,0.4275,0.505,0.6,0.4325,0.6725,0.5775,0.585,0.3275,0.53,0.545,0.79,0.71,0.53,0.8,0.28,0.45,0.64,0.5175,0.4575,0.4075,0.6325,0.61,0.535,0.4325,0.485,0.475,0.625,0.5275,0.3775,0.5625,0.3875,0.36,0.435,0.38,0.2325,0.2725
49-9012.00,0.7725,0.7775,0.6725,0.83,0.555,0.5675,0.6375,0.74,0.6075,0.77,0.5325,0.725,0.48,0.5575,0.685,0.6675,0.7175,0.5825,0.705,0.63,0.5175,0.85,0.575,0.7225,0.4975,0.8075,0.53,0.62,0.5,0.325,0.3925,0.3425,0.4925,0.44,0.59,0.51,0.48,0.3975,0.32,0.125,0.36
49-9021.00,0.775,0.675,0.715,0.76,0.565,0.605,0.6225,0.6825,0.5625,0.7575,0.6075,0.69,0.475,0.5425,0.585,0.77,0.7525,0.6425,0.6825,0.43,0.4775,0.6625,0.58,0.565,0.5375,0.66,0.615,0.6525,0.4625,0.4925,0.56,0.465,0.5425,0.45,0.595,0.55,0.5825,0.425,0.31,0.3,0.48
49-9031.00,0.7675,0.57,0.6925,0.6175,0.485,0.51,0.5875,0.4775,0.5725,0.745,0.4425,0.765,0.395,0.545,0.595,0.695,0.7575,0.335,0.7775,0.4825,0.3125,0.645,0.5525,0.58,0.44,0.59,0.6425,0.555,0.2725,0.4425,0.4,0.7675,0.4375,0.4225,0.555,0.3825,0.41,0.35,0.39,0.31,0.435
49-9041.00,0.7425,0.775,0.7775,0.7475,0.56,0.4925,0.585,0.5725,0.5775,0.8025,0.6275,0.715,0.4875,0.4425,0.59,0.64,0.6625,0.71,0.71,0.605,0.5425,0.7675,0.53,0.6275,0.5675,0.6925,0.4025,0.505,0.48,0.1575,0.3375,0.055,0.5375,0.3875,0.6025,0.4425,0.49,0.4125,0.3425,0.0625,0.36
49-9043.00,0.7675,0.63,0.73,0.795,0.4,0.385,0.43,0.565,0.4875,0.73,0.5775,0.6025,0.4675,0.4975,0.66,0.655,0.6775,0.7925,0.6275,0.5075,0.4725,0.835,0.675,0.6375,0.54,0.6875,0.2375,0.545,0.415,0.2325,0.34,0.12,0.42,0.4175,0.55,0.4475,0.4475,0.4025,0.37,0.19,0.27
49-9044.00,0.83,0.7625,0.8075,0.8875,0.5,0.525,0.6825,0.785,0.6075,0.81,0.6025,0.705,0.465,0.715,0.7625,0.8175,0.8625,0.8075,0.705,0.44,0.75,0.9425,0.3525,0.7725,0.58,0.8175,0.5125,0.6475,0.545,0.4325,0.5675,0.3075,0.66,0.6125,0.7625,0.6825,0.705,0.56,0.41,0.37,0.5225
49-9045.00,0.665,0.5125,0.7,0.645,0.45,0.42,0.5175,0.5525,0.44,0.6825,0.4375,0.5225,0.3425,0.485,0.605,0.7575,0.815,0.53,0.67,0.1775,0.415,0.48,0.16,0.4075,0.43,0.6375,0.2475,0.44,0.4075,0.195,0.35,0.085,0.48,0.3925,0.58,0.3025,0.4575,0.3675,0.2325,0.235,0.3225
49-9051.00,0.825,0.7075,0.7725,0.845,0.5175,0.49,0.5325,0.5775,0.29,0.8225,0.455,0.505,0.5325,0.445,0.55,0.9,0.8525,0.8425,0.9175,0.2625,0.3125,0.545,0.495,0.305,0.495,0.6825,0.4825,0.5325,0.4525,0.2,0.4,0.5,0.52,0.44,0.61,0.5125,0.5625,0.3975,0.2,0.295,0.185
49-9052.00,0.6975,0.725,0.7475,0.67,0.5275,0.4925,0.635,0.6025,0.6225,0.7575,0.6025,0.72,0.5325,0.53,0.6425,0.8575,0.7525,0.5825,0.8,0.72,0.3825,0.5025,0.57,0.6125,0.5125,0.71,0.705,0.585,0.5975,0.5725,0.4975,0.68,0.4775,0.5,0.6275,0.4525,0.4325,0.445,0.365,0.2175,0.3075
49-9061.00,0.675,0.5075,0.6375,0.6425,0.505,0.5125,0.3975,0.3275,0.4275,0.67,0.6075,0.6475,0.335,0.38,0.575,0.305,0.445,0.3625,0.03,0.6425,0.3675,0.6175,0.7775,0.355,0.255,0.465,0.435,0.465,0.1975,0.365,0.31,0.44,0.3125,0.12,0.3175,0.2725,0.2375,0.3625,0.33,0.08,0.3
49-9062.00,0.815,0.74,0.665,0.8,0.5425,0.5775,0.6175,0.7725,0.5975,0.8525,0.445,0.7625,0.3525,0.4925,0.765,0.55,0.6475,0.48,0.5225,0.695,0.415,0.845,0.9025,0.75,0.5025,0.6925,0.5875,0.68,0.395,0.285,0.28,0.3075,0.375,0.3,0.41,0.255,0.36,0.3575,0.4375,0.045,0.2625
49-9063.00,0.7375,0.545,0.6375,0.625,0.545,0.6775,0.4775,0.5125,0.33,0.8075,0.6825,0.58,0.34,0.6125,0.6375,0.5575,0.6825,0.4325,0.41,0.4325,0.33,0.58,0.25,0.465,0.34,0.375,0.5,0.66,0.2625,0.4425,0.3225,0.625,0.2375,0.1825,0.4425,0.225,0.3625,0.375,0.4375,0.1125,0.4875
49-9064.00,0.6675,0.7775,0.765,0.7325,0.735,0.7325,0.4625,0.4975,0.6775,0.7375,0.545,0.61,0.4475,0.4975,0.58,0.29,0.5375,0.6475,0.2575,0.275,0.605,0.8325,0.4975,0.465,0.365,0.3,0.4475,0.4575,0.2975,0.49,0.3925,0.6875,0.185,0.095,0.1875,0.135,0.1825,0.2725,0.3825,0.0075,0.59
49-9071.00,0.8125,0.75,0.79,0.87,0.625,0.57,0.6525,0.7475,0.625,0.8875,0.7325,0.755,0.4425,0.6125,0.7725,0.6925,0.79,0.765,0.7925,0.6075,0.5625,0.83,0.7175,0.6675,0.5475,0.84,0.5975,0.5925,0.4825,0.3325,0.5425,0.4875,0.5325,0.4925,0.57,0.42,0.45,0.365,0.42,0.2575,0.4375
49-9081.00,0.8,0.7225,0.75,0.915,0.605,0.565,0.7525,0.7775,0.705,0.8325,0.5175,0.73,0.5675,0.52,0.7775,0.865,0.8675,0.9075,0.82,0.7225,0.4425,0.9675,0.95,0.7475,0.5425,0.7875,0.345,0.5525,0.56,0.19,0.4575,0.0975,0.5975,0.6175,0.7525,0.5575,0.54,0.4575,0.535,0.2425,0.4225
49-9091.00,0.56,0.5625,0.435,0.485,0.4225,0.48,0.52,0.515,0.41,0.5625,0.33,0.4875,0.2325,0.3425,0.42,0.585,0.5475,0.3625,0.5275,0.465,0.3275,0.605,0.495,0.555,0.275,0.5225,0.3,0.4125,0.23,0.385,0.3,0.5175,0.1625,0.2175,0.2575,0.1025,0.215,0.1625,0.1225,0.04,0.4575
49-9092.00,0.78,0.7175,0.76,0.7975,0.5125,0.5225,0.5125,0.695,0.44,0.7925,0.56,0.645,0.5325,0.5675,0.62,0.85,0.795,0.6825,0.725,0.3325,0.37,0.6525,0.4075,0.66,0.49,0.7875,0.575,0.555,0.58,0.295,0.4275,0.4575,0.625,0.5375,0.6825,0.5825,0.5525,0.4325,0.4175,0.3575,0.49
49-9094.00,0.845,0.5675,0.72,0.72,0.5675,0.615,0.605,0.77,0.595,0.8175,0.73,0.78,0.5475,0.7025,0.7125,0.7025,0.7875,0.74,0.78,0.645,0.52,0.7875,0.605,0.72,0.58,0.7125,0.6925,0.6625,0.47,0.5875,0.5875,0.8275,0.645,0.49,0.615,0.55,0.5575,0.5775,0.635,0.48,0.615
49-9095.00,0.825,0.6925,0.7325,0.9325,0.4975,0.735,0.5375,0.895,0.3825,0.9025,0.6425,0.8175,0.5025,0.8575,0.8375,0.9,0.8925,0.9125,0.9025,0.29,0.5725,0.8025,0.405,0.62,0.7975,0.87,0.805,0.8075,0.5125,0.5625,0.65,0.7675,0.8675,0.82,0.685,0.8825,0.75,0.6175,0.67,0.54,0.655
49-9096.00,0.76,0.64,0.6925,0.81,0.57,0.5325,0.6325,0.63,0.51,0.6675,0.46,0.6025,0.4475,0.4,0.5875,0.7625,0.775,0.685,0.495,0.3375,0.53,0.5575,0.48,0.67,0.4775,0.785,0.3475,0.5925,0.4375,0.265,0.3575,0.1925,0.38,0.5825,0.535,0.3075,0.3875,0.3425,0.17,0.095,0.295
49-9097.00,0.64,0.5175,0.5475,0.6975,0.225,0.3625,0.4575,0.65,0.3725,0.555,0.31,0.5375,0.4175,0.47,0.62,0.58,0.5625,0.5175,0.6425,0.4225,0.4075,0.6925,0.5075,0.5225,0.4075,0.595,0.3375,0.505,0.3875,0.2525,0.285,0.1425,0.4575,0.345,0.45,0.26,0.375,0.3375,0.345,0.1825,0.15
49-9098.00,0.7175,0.6625,0.6125,0.865,0.535,0.5475,0.545,0.655,0.515,0.79,0.4925,0.6425,0.5725,0.495,0.6425,0.765,0.69,0.64,0.6225,0.275,0.4575,0.8025,0.6425,0.4975,0.25,0.7225,0.4875,0.665,0.3825,0.2775,0.3775,0.225,0.48,0.5,0.43,0.3975,0.495,0.3675,0.24,0.2525,0.225
51-1011.00,0.8575,0.8,0.74,0.7975,0.5175,0.685,0.735,0.735,0.66,0.8675,0.6575,0.665,0.5525,0.69,0.7175,0.5175,0.5625,0.7125,0.5,0.6825,0.4825,0.555,0.52,0.6375,0.52,0.835,0.4725,0.66,0.385,0.4,0.63,0.2425,0.665,0.665,0.715,0.785,0.7425,0.5675,0.59,0.5325,0.6725
51-2011.00,0.7325,0.745,0.59,0.72,0.6075,0.5975,0.6125,0.655,0.5875,0.665,0.68,0.69,0.4925,0.5375,0.6875,0.5525,0.6975,0.795,0.45,0.515,0.54,0.435,0.48,0.7075,0.4375,0.68,0.5,0.6625,0.3775,0.3325,0.365,0.2075,0.51,0.45,0.5825,0.485,0.43,0.38,0.4125,0.34,0.445
51-2021.00,0.75,0.6625,0.6875,0.7825,0.5325,0.5975,0.5525,0.5825,0.4225,0.6525,0.3925,0.5275,0.445,0.4775,0.56,0.675,0.6975,0.5875,0.2375,0.355,0.27,0.34,0.285,0.3525,0.4475,0.51,0.2325,0.54,0.4125,0.23,0.3125,0.255,0.3975,0.4725,0.5275,0.2975,0.5425,0.37,0.26,0.2125,0.29
51-2022.00,0.7575,0.6625,0.605,0.64,0.5125,0.47,0.4975,0.7025,0.5075,0.705,0.4325,0.565,0.53,0.3975,0.5925,0.565,0.69,0.6125,0.2775,0.4425,0.5025,0.375,0.475,0.5525,0.465,0.6825,0.3075,0.5,0.3675,0.2625,0.395,0.315,0.505,0.5375,0.58,0.42,0.5025,0.4325,0.445,0.26,0.375
51-2023.00,0.76,0.765,0.7475,0.78,0.555,0.6,0.5325,0.7375,0.515,0.57,0.4025,0.6075,0.35,0.3675,0.4825,0.5275,0.5875,0.6275,0.2925,0.495,0.39,0.385,0.4375,0.53,0.36,0.5425,0.265,0.52,0.335,0.235,0.2475,0.115,0.3425,0.4325,0.35,0.29,0.3425,0.305,0.345,0.2125,0.345
51-2031.00,0.6925,0.575,0.6425,0.75,0.465,0.495,0.53,0.635,0.4275,0.6,0.5025,0.57,0.355,0.355,0.4075,0.72,0.83,0.825,0.5325,0.465,0.35,0.5375,0.4375,0.455,0.345,0.645,0.19,0.5925,0.3925,0.3175,0.2925,0.1775,0.4275,0.4475,0.4625,0.3125,0.41,0.3975,0.15,0.2125,0.245
51-2041.00,0.7275,0.6425,0.68,0.7625,0.4225,0.5475,0.67,0.645,0.4325,0.7175,0.56,0.72,0.44,0.3925,0.635,0.73,0.755,0.7775,0.4925,0.3675,0.605,0.5725,0.34,0.495,0.5175,0.7925,0.18,0.4975,0.415,0.165,0.3725,0.165,0.585,0.4725,0.6775,0.3875,0.535,0.4175,0.3325,0.21,0.3425
51-2051.00,0.7675,0.6675,0.6825,0.78,0.5425,0.6575,0.475,0.575,0.4675,0.7175,0.495,0.4725,0.49,0.4325,0.51,0.6575,0.655,0.66,0.465,0.2325,0.295,0.48,0.2575,0.5975,0.475,0.6575,0.1775,0.5675,0.3175,0.2225,0.36,0.2525,0.49,0.52,0.625,0.4525,0.4625,0.4175,0.325,0.215,0.3275
51-2061.00,0.59,0.51,0.59,0.6825,0.4375,0.5225,0.4425,0.445,0.5275,0.68,0.575,0.55,0.4675,0.415,0.5325,0.355,0.7175,0.6475,0.4675,0.435,0.4325,0.7675,0.45,0.3975,0.3925,0.6225,0.3825,0.51,0.29,0.44,0.3675,0.4175,0.21,0.235,0.43,0.345,0.355,0.4,0.205,0.0825,0.215
51-2092.00,0.8475,0.8025,0.8025,0.79,0.6275,0.6025,0.5175,0.5525,0.5125,0.6725,0.385,0.5325,0.38,0.4625,0.6075,0.6225,0.845,0.69,0.29,0.47,0.42,0.395,0.3575,0.4825,0.3975,0.65,0.18,0.625,0.3725,0.2275,0.345,0.1725,0.4975,0.4275,0.6,0.4475,0.5575,0.375,0.255,0.19,0.23
51-3011.00,0.7175,0.7625,0.6475,0.705,0.4225,0.5525,0.3975,0.455,0.365,0.5525,0.46,0.3975,0.36,0.3925,0.595,0.46,0.4475,0.3925,0.19,0.34,0.1125,0.1025,0.1275,0.325,0.3325,0.5825,0.24,0.4625,0.4475,0.25,0.425,0.37,0.4025,0.2825,0.56,0.43,0.49,0.195,0.1925,0.135,0.2475
51-3021.00,0.7,0.59,0.6425,0.685,0.5825,0.5675,0.55,0.5625,0.4625,0.6375,0.4725,0.545,0.4275,0.525,0.6325,0.6725,0.6275,0.6425,0.38,0.375,0.2875,0.4175,0.3575,0.5175,0.3525,0.6375,0.46,0.625,0.485,0.6675,0.59,0.74,0.5725,0.5875,0.6125,0.505,0.595,0.515,0.3775,0.41,0.4425
51-3022.00,0.8125,0.6725,0.8075,0.7725,0.6225,0.66,0.7225,0.6125,0.5925,0.71,0.4575,0.65,0.36,0.4975,0.6975,0.6725,0.7975,0.6775,0.43,0.27,0.2575,0.425,0.4,0.58,0.5225,0.7225,0.3525,0.615,0.54,0.37,0.5125,0.3,0.575,0.5675,0.66,0.4875,0.63,0.385,0.315,0.3875,0.4325
51-3023.00,0.6025,0.6325,0.5725,0.6425,0.335,0.405,0.3825,0.425,0.3025,0.4875,0.3125,0.3475,0.355,0.295,0.41,0.64,0.68,0.5,0.17,0.125,0.0525,0.3975,0.2125,0.34,0.35,0.55,0.185,0.395,0.275,0.1625,0.245,0.2475,0.335,0.3575,0.4525,0.285,0.365,0.26,0.25,0.1475,0.35
51-3091.00,0.755,0.785,0.6875,0.7075,0.55,0.4625,0.635,0.6475,0.65,0.75,0.4425,0.51,0.5025,0.475,0.58,0.6375,0.6275,0.7375,0.5225,0.595,0.3175,0.4925,0.485,0.6075,0.5175,0.735,0.35,0.5925,0.4075,0.3225,0.46,0.4,0.5775,0.4975,0.6425,0.5375,0.53,0.525,0.45,0.34,0.4425
51-3092.00,0.7075,0.86,0.765,0.79,0.6825,0.6825,0.64,0.69,0.5825,0.755,0.465,0.565,0.405,0.395,0.545,0.6825,0.7225,0.855,0.5675,0.62,0.19,0.3725,0.2875,0.8325,0.5575,0.82,0.1975,0.5725,0.435,0.195,0.325,0.235,0.4675,0.385,0.5475,0.2975,0.4125,0.35,0.2375,0.15,0.2425
51-3093.00,0.7875,0.79,0.7625,0.775,0.71,0.6525,0.61,0.6625,0.535,0.6525,0.335,0.5875,0.325,0.3375,0.6075,0.6475,0.74,0.785,0.3575,0.3975,0.1825,0.32,0.21,0.8,0.6125,0.75,0.145,0.36,0.2075,0.1025,0.255,0.0675,0.2725,0.2675,0.5875,0.1825,0.4275,0.39,0.2125,0.175,0.3775
51-4021.00,0.75,0.725,0.6775,0.7375,0.5575,0.5025,0.6025,0.6525,0.515,0.8125,0.475,0.5625,0.4,0.405,0.72,0.7325,0.705,0.915,0.415,0.5125,0.285,0.395,0.2275,0.5975,0.315,0.75,0.24,0.58,0.315,0.14,0.3175,0.1225,0.5375,0.5525,0.5875,0.4675,0.5425,0.5325,0.4725,0.1525,0.205
51-4022.00,0.8,0.7075,0.76,0.7025,0.435,0.5975,0.54,0.5875,0.4425,0.6825,0.6025,0.585,0.4075,0.4125,0.565,0.72,0.77,0.805,0.69,0.54,0.385,0.5875,0.37,0.5625,0.465,0.7675,0.1325,0.5425,0.41,0.145,0.345,0.045,0.4175,0.46,0.5825,0.4125,0.4975,0.37,0.2775,0.0875,0.21
51-4023.00,0.8725,0.7225,0.7425,0.855,0.5575,0.505,0.6525,0.6475,0.5875,0.8425,0.5,0.6575,0.445,0.4325,0.61,0.595,0.81,0.875,0.7625,0.5525,0.5225,0.67,0.535,0.63,0.3825,0.7375,0.2325,0.5375,0.44,0.3425,0.345,0.3,0.495,0.51,0.7125,0.4275,0.5,0.45,0.3325,0.2725,0.4275
51-4031.00,0.625,0.6375,0.705,0.66,0.2725,0.565,0.495,0.495,0.465,0.7125,0.425,0.4075,0.2525,0.2525,0.4375,0.6175,0.7125,0.695,0.435,0.35,0.1925,0.5825,0.225,0.5925,0.285,0.58,0.1675,0.46,0.3425,0.1525,0.225,0.185,0.22,0.285,0.3825,0.2275,0.325,0.245,0.235,0.105,0.2025
51-4032.00,0.845,0.7,0.6475,0.7225,0.4075,0.5025,0.6525,0.645,0.635,0.72,0.5775,0.6375,0.42,0.3,0.4725,0.57,0.72,0.9375,0.4575,0.71,0.5825,0.4875,0.55,0.72,0.6175,0.745,0.105,0.485,0.195,0.0925,0.2225,0.02,0.205,0.17,0.5475,0.375,0.4175,0.2525,0.2175,0.015,0.1
51-4033.00,0.6925,0.755,0.7,0.695,0.495,0.595,0.56,0.5425,0.385,0.605,0.335,0.63,0.4,0.35,0.5775,0.5575,0.8375,0.865,0.365,0.495,0.3425,0.575,0.445,0.7925,0.455,0.665,0.2675,0.6,0.3975,0.26,0.4025,0.1525,0.3925,0.4775,0.5625,0.375,0.4425,0.4225,0.35,0.1375,0.46
51-4034.00,0.6425,0.8125,0.6925,0.7825,0.5025,0.6425,0.57,0.7725,0.6275,0.76,0.645,0.605,0.5875,0.6125,0.6325,0.6025,0.62,0.7675,0.61,0.75,0.6975,0.73,0.5425,0.5325,0.5975,0.63,0.4225,0.5275,0.3825,0.33,0.5325,0.3075,0.5275,0.465,0.7125,0.6925,0.5475,0.3425,0.32,0.4475,0.49
51-4035.00,0.665,0.7975,0.58,0.775,0.485,0.52,0.715,0.68,0.53,0.7975,0.515,0.6175,0.345,0.3625,0.5275,0.65,0.745,0.935,0.52,0.6175,0.4825,0.6375,0.455,0.58,0.525,0.695,0.235,0.4425,0.3925,0.13,0.2875,0.06,0.4525,0.3,0.56,0.375,0.45,0.285,0.135,0.1525,0.2725
51-4041.00,0.8275,0.72,0.72,0.8125,0.4675,0.565,0.63,0.5675,0.4775,0.67,0.4775,0.5975,0.3775,0.465,0.6025,0.5575,0.66,0.9225,0.45,0.59,0.5875,0.6875,0.3225,0.53,0.42,0.67,0.2375,0.495,0.26,0.2575,0.415,0.1,0.4875,0.4175,0.6325,0.3575,0.4425,0.395,0.2275,0.195,0.405
51-4051.00,0.7625,0.775,0.755,0.7375,0.6125,0.5975,0.55,0.59,0.5125,0.6425,0.49,0.57,0.4125,0.4925,0.59,0.6975,0.7675,0.6075,0.5675,0.3925,0.265,0.555,0.445,0.59,0.4425,0.635,0.2,0.5525,0.39,0.1925,0.3875,0.1225,0.57,0.3725,0.5575,0.545,0.5025,0.41,0.3075,0.225,0.34
51-4052.00,0.56,0.6575,0.6725,0.5925,0.42,0.5675,0.54,0.495,0.4025,0.55,0.3625,0.515,0.355,0.4075,0.435,0.765,0.69,0.7625,0.6375,0.415,0.1725,0.595,0.3575,0.5275,0.465,0.6675,0.17,0.6125,0.2725,0.2075,0.345,0.1025,0.515,0.45,0.565,0.3825,0.555,0.265,0.2775,0.2925,0.3775
51-4061.00,0.7075,0.715,0.7,0.8575,0.575,0.7175,0.495,0.55,0.4975,0.64,0.7,0.63,0.42,0.415,0.475,0.4525,0.64,0.7775,0.47,0.5,0.53,0.5525,0.4425,0.43,0.4,0.6225,0.245,0.3325,0.28,0.1125,0.205,0.0825,0.205,0.2,0.3075,0.185,0.1975,0.235,0.145,0.0325,0.2125
51-4062.00,0.7075,0.595,0.635,0.67,0.375,0.4825,0.575,0.53,0.39,0.6625,0.5975,0.6125,0.525,0.4375,0.6825,0.53,0.4925,0.85,0.4075,0.5375,0.645,0.53,0.425,0.375,0.3475,0.6675,0.235,0.4125,0.17,0.0675,0.265,0.035,0.2825,0.2025,0.5825,0.415,0.3925,0.42,0.2575,0.1125,0.325
51-4071.00,0.6825,0.6975,0.6825,0.6875,0.51,0.6375,0.4925,0.57,0.3125,0.5425,0.3225,0.3775,0.3375,0.3325,0.5075,0.82,0.8475,0.63,0.555,0.175,0.1725,0.405,0.1725,0.5325,0.2725,0.6575,0.1625,0.3925,0.295,0.135,0.3875,0.115,0.3525,0.3775,0.465,0.3125,0.3125,0.3075,0.2825,0.2,0.3525
51-4072.00,0.7075,0.6725,0.6825,0.71,0.455,0.5675,0.4875,0.56,0.435,0.63,0.345,0.48,0.335,0.4175,0.565,0.6325,0.78,0.8925,0.49,0.3975,0.23,0.53,0.3675,0.47,0.4475,0.6825,0.11,0.51,0.3675,0.115,0.2275,0.035,0.47,0.3775,0.4675,0.3825,0.435,0.245,0.2425,0.1175,0.1575
51-4081.00,0.855,0.815,0.85,0.84,0.7825,0.765,0.8025,0.8325,0.7675,0.83,0.6825,0.745,0.625,0.625,0.675,0.7175,0.795,0.8425,0.4625,0.6375,0.3325,0.6925,0.7225,0.7225,0.53,0.71,0.315,0.6425,0.4725,0.2125,0.405,0.2125,0.555,0.5425,0.6425,0.3775,0.6475,0.4525,0.5425,0.2825,0.29
51-4111.00,0.8675,0.6875,0.6225,0.635,0.48,0.57,0.5125,0.6125,0.435,0.775,0.6925,0.655,0.4375,0.405,0.6425,0.48,0.63,0.6875,0.4125,0.62,0.67,0.6775,0.295,0.4625,0.5325,0.695,0.185,0.375,0.225,0.1975,0.2475,0,0.4125,0.3675,0.56,0.34,0.395,0.4175,0.23,0.0925,0.32
51-4121.00,0.69,0.6,0.6425,0.6625,0.425,0.375,0.3725,0.455,0.3725,0.49,0.4125,0.4075,0.3575,0.34,0.4175,0.5775,0.6225,0.475,0.405,0.285,0.305,0.34,0.19,0.2675,0.3225,0.5075,0.1275,0.4,0.34,0.1375,0.2,0.0875,0.3,0.255,0.39,0.195,0.35,0.23,0.195,0.185,0.23
51-4122.00,0.7725,0.7325,0.75,0.755,0.5,0.5975,0.555,0.6175,0.5075,0.6525,0.6475,0.62,0.515,0.3875,0.4625,0.5575,0.6925,0.785,0.665,0.405,0.5,0.6475,0.5,0.4925,0.465,0.66,0.29,0.37,0.4575,0.26,0.3825,0.2075,0.3475,0.47,0.525,0.435,0.4675,0.4875,0.315,0.2825,0.395
51-4191.00,0.6675,0.59,0.765,0.65,0.585,0.5975,0.4825,0.5775,0.3875,0.615,0.36,0.4675,0.335,0.435,0.4525,0.79,0.8125,0.8,0.7125,0.575,0.275,0.46,0.3625,0.61,0.4225,0.685,0.1025,0.5775,0.2625,0.1825,0.3525,0.195,0.3525,0.35,0.55,0.3525,0.535,0.365,0.3125,0.0625,0.155
51-4192.00,0.8275,0.6,0.7125,0.79,0.5725,0.6175,0.645,0.63,0.5425,0.665,0.615,0.6375,0.4975,0.6025,0.64,0.68,0.795,0.755,0.5975,0.295,0.645,0.5,0.4625,0.415,0.5925,0.7575,0.375,0.6275,0.5025,0.44,0.4775,0.325,0.5875,0.555,0.515,0.5225,0.5575,0.4675,0.3525,0.295,0.3725
51-4193.00,0.6875,0.7775,0.755,0.735,0.4425,0.7075,0.5225,0.565,0.4875,0.765,0.5625,0.56,0.3425,0.5,0.5325,0.495,0.825,0.755,0.665,0.2775,0.11,0.395,0.18,0.5275,0.4625,0.8,0.295,0.4875,0.375,0.225,0.395,0.155,0.42,0.4175,0.655,0.4975,0.51,0.39,0.205,0.12,0.21
51-4194.00,0.8025,0.665,0.6575,0.755,0.615,0.6175,0.525,0.5625,0.435,0.6525,0.5175,0.505,0.4025,0.33,0.6825,0.67,0.7325,0.89,0.34,0.545,0.325,0.62,0.345,0.5725,0.335,0.605,0.2925,0.4875,0.345,0.26,0.4175,0.1325,0.3625,0.23,0.5025,0.3275,0.355,0.295,0.2525,0.135,0.285
51-5111.00,0.8325,0.6625,0.6275,0.605,0.6175,0.555,0.5975,0.485,0.48,0.79,0.745,0.79,0.425,0.6225,0.6875,0.32,0.3725,0.6025,0.185,0.9,0.4125,0.3525,0.3825,0.52,0.5575,0.7875,0.505,0.565,0.275,0.1625,0.4,0.26,0.5625,0.4725,0.5725,0.4925,0.485,0.4575,0.375,0.1725,0.3625
51-5112.00,0.81,0.735,0.6275,0.69,0.535,0.5875,0.67,0.6,0.58,0.835,0.6325,0.62,0.445,0.75,0.7925,0.625,0.7375,0.91,0.725,0.5875,0.4575,0.7275,0.63,0.525,0.4525,0.6725,0.52,0.6275,0.55,0.4475,0.5775,0.4975,0.59,0.47,0.695,0.635,0.5725,0.44,0.3775,0.3575,0.63
51-5113.00,0.8025,0.7975,0.69,0.675,0.575,0.6525,0.575,0.5775,0.4925,0.7325,0.5125,0.5075,0.3925,0.405,0.645,0.6525,0.76,0.8225,0.44,0.4575,0.2675,0.63,0.4225,0.4575,0.5775,0.655,0.3475,0.5175,0.375,0.22,0.36,0.2575,0.5125,0.4675,0.555,0.4025,0.505,0.36,0.355,0.1125,0.2775
51-6011.00,0.505,0.5425,0.56,0.5775,0.41,0.435,0.3875,0.435,0.2425,0.4725,0.2675,0.275,0.2725,0.4675,0.66,0.6625,0.685,0.655,0.26,0.2475,0.25,0.3925,0.375,0.1775,0.2475,0.6225,0.295,0.5825,0.525,0.2625,0.42,0.3825,0.4725,0.495,0.515,0.4425,0.4275,0.385,0.245,0.32,0.43
51-6021.00,0.6375,0.4575,0.4325,0.59,0.3875,0.42,0.375,0.43,0.285,0.4575,0.435,0.39,0.395,0.5075,0.5625,0.6975,0.6975,0.725,0.32,0.265,0.2425,0.4425,0.3075,0.295,0.33,0.5825,0.1175,0.2075,0.495,0.185,0.355,0.2975,0.2875,0.2875,0.345,0.2325,0.3575,0.265,0.0575,0.0775,0.315
51-6031.00,0.56,0.4675,0.5625,0.605,0.4125,0.385,0.4075,0.4175,0.2725,0.435,0.3475,0.39,0.3175,0.235,0.4875,0.475,0.6425,0.595,0.3325,0.215,0.3625,0.4,0.24,0.295,0.3625,0.5475,0.1525,0.4175,0.315,0.1625,0.31,0.1675,0.3375,0.2875,0.4675,0.2825,0.335,0.2875,0.26,0.15,0.2875
51-6041.00,0.6475,0.7,0.6225,0.7375,0.6025,0.6525,0.51,0.6775,0.445,0.6625,0.575,0.43,0.3825,0.295,0.4475,0.6175,0.6825,0.69,0.38,0.34,0.3525,0.3875,0.055,0.305,0.46,0.5925,0.3125,0.57,0.445,0.355,0.47,0.3525,0.3525,0.4825,0.5075,0.35,0.41,0.3375,0.355,0.3125,0.4525
51-6042.00,0.52,0.6,0.515,0.6925,0.6025,0.635,0.5575,0.525,0.3725,0.57,0.5375,0.66,0.565,0.47,0.68,0.51,0.7775,0.705,0.445,0.4925,0.545,0.47,0.3775,0.53,0.49,0.76,0.36,0.68,0.46,0.37,0.51,0.3425,0.615,0.5775,0.6525,0.5375,0.5725,0.5575,0.4,0.4325,0.49
51-6051.00,0.5675,0.515,0.56,0.72,0.43,0.505,0.495,0.4025,0.3625,0.6575,0.5125,0.5525,0.4125,0.5275,0.66,0.3025,0.575,0.775,0.075,0.3825,0.1975,0.3,0.31,0.1125,0.335,0.5375,0.1325,0.3125,0.6475,0.0875,0.1875,0.2375,0.1475,0.0925,0.41,0.05,0.25,0.17,0.11,0.015,0.12
51-6052.00,0.5125,0.3275,0.5375,0.5075,0.365,0.5475,0.365,0.4375,0.2875,0.5825,0.6375,0.56,0.4725,0.485,0.6425,0.47,0.42,0.705,0.3025,0.1,0.22,0.395,0.0625,0.29,0.325,0.415,0.3775,0.3275,0.2775,0.365,0.4575,0.5075,0.2125,0.25,0.245,0.2475,0.1575,0.23,0.14,0.0175,0.32
51-6061.00,0.77,0.7275,0.6475,0.7775,0.47,0.49,0.5625,0.5725,0.555,0.6625,0.4225,0.64,0.375,0.4625,0.5575,0.605,0.75,0.7225,0.515,0.4975,0.245,0.425,0.1925,0.4,0.495,0.605,0.145,0.335,0.305,0.1175,0.3275,0.1575,0.3225,0.3375,0.465,0.2775,0.3525,0.2325,0.27,0.0975,0.205
51-6062.00,0.7375,0.7775,0.73,0.71,0.6425,0.5375,0.545,0.5875,0.4175,0.6275,0.4325,0.425,0.33,0.4175,0.535,0.65,0.6725,0.735,0.4175,0.5125,0.3825,0.5275,0.42,0.515,0.4325,0.695,0.225,0.5325,0.35,0.19,0.345,0.0925,0.47,0.4475,0.54,0.4725,0.4425,0.3,0.4075,0.1525,0.395
51-6063.00,0.745,0.7175,0.6725,0.6725,0.5225,0.62,0.575,0.6075,0.52,0.615,0.475,0.58,0.35,0.4275,0.555,0.7075,0.68,0.7875,0.25,0.4025,0.2475,0.515,0.515,0.5525,0.39,0.775,0.2325,0.5225,0.4,0.365,0.3475,0.2675,0.4925,0.425,0.535,0.3975,0.365,0.46,0.27,0.235,0.2225
51-6064.00,0.7,0.57,0.615,0.66,0.615,0.515,0.4225,0.5325,0.385,0.6,0.355,0.405,0.3525,0.29,0.43,0.51,0.68,0.6075,0.3575,0.3575,0.305,0.5725,0.27,0.425,0.3675,0.6675,0.1975,0.3375,0.3,0.115,0.25,0.135,0.265,0.3125,0.51,0.33,0.295,0.25,0.175,0.0975,0.2425
51-6091.00,0.855,0.8525,0.79,0.79,0.5775,0.71,0.6875,0.6625,0.605,0.72,0.4625,0.5725,0.385,0.415,0.4625,0.62,0.7225,0.845,0.765,0.4175,0.2175,0.5275,0.2775,0.6625,0.4575,0.695,0.1525,0.4275,0.35,0.1125,0.3625,0.1125,0.4075,0.46,0.5825,0.48,0.4925,0.3425,0.2425,0.27,0.2725
51-6092.00,0.855,0.79,0.7525,0.645,0.6325,0.5425,0.6825,0.58,0.6,0.7125,0.73,0.67,0.545,0.4875,0.6175,0.5375,0.515,0.3975,0.18,0.6825,0.49,0.1775,0.2075,0.635,0.6025,0.7975,0.455,0.6025,0.355,0.22,0.2925,0.06,0.485,0.455,0.51,0.3825,0.385,0.4025,0.3725,0.16,0.265
51-6093.00,0.7075,0.5675,0.6175,0.715,0.6625,0.6425,0.5175,0.56,0.4175,0.655,0.625,0.56,0.4725,0.5425,0.6225,0.675,0.7475,0.545,0.4025,0.3225,0.38,0.4225,0.18,0.2875,0.3175,0.5325,0.4825,0.495,0.3475,0.5525,0.48,0.4875,0.5775,0.3675,0.44,0.3925,0.4575,0.39,0.455,0.28,0.47
51-7011.00,0.795,0.5925,0.65,0.685,0.71,0.59,0.5775,0.5925,0.5575,0.7175,0.59,0.5025,0.3875,0.465,0.5525,0.725,0.7825,0.7825,0.455,0.22,0.445,0.5275,0.3825,0.315,0.515,0.605,0.37,0.445,0.2725,0.47,0.42,0.56,0.3675,0.3625,0.3875,0.2725,0.28,0.175,0.3675,0.08,0.3625
51-7021.00,0.7725,0.6725,0.68,0.7225,0.5575,0.66,0.54,0.65,0.4275,0.745,0.66,0.66,0.4825,0.445,0.62,0.6775,0.7025,0.47,0.3075,0.3875,0.2425,0.42,0.1575,0.395,0.445,0.66,0.365,0.6325,0.48,0.2675,0.4875,0.3425,0.505,0.445,0.5425,0.4625,0.455,0.4575,0.315,0.34,0.435
51-7031.00,0.725,0.65,0.615,0.77,0.5775,0.59,0.6875,0.535,0.525,0.68,0.71,0.5925,0.4675,0.475,0.665,0.775,0.805,0.8025,0.5025,0.275,0.5925,0.675,0.2425,0.49,0.635,0.695,0.25,0.67,0.4025,0.3925,0.35,0.0575,0.4375,0.3725,0.5475,0.2325,0.5825,0.46,0.2125,0.0225,0.075
51-7032.00,0.7825,0.6825,0.6,0.7075,0.5375,0.6975,0.645,0.5375,0.6075,0.7925,0.835,0.6175,0.5825,0.395,0.675,0.7625,0.7175,0.8075,0.53,0.5175,0.865,0.6,0.2875,0.345,0.47,0.605,0.5125,0.465,0.215,0.1825,0.2425,0.0975,0.4,0.255,0.4125,0.265,0.3925,0.2425,0.2325,0.0875,0.4
51-7041.00,0.595,0.53,0.6125,0.6625,0.52,0.4725,0.3425,0.4225,0.2325,0.44,0.3675,0.3775,0.29,0.385,0.3875,0.675,0.7775,0.7775,0.5675,0.245,0.245,0.5675,0.2325,0.2975,0.3325,0.6025,0.17,0.4425,0.2925,0.12,0.335,0.0975,0.3075,0.41,0.5425,0.3675,0.3625,0.3075,0.1875,0.14,0.275
51-7042.00,0.6525,0.5425,0.5075,0.6975,0.4725,0.505,0.505,0.4425,0.335,0.5575,0.4175,0.39,0.2625,0.235,0.4075,0.6275,0.725,0.75,0.3225,0.2525,0.2325,0.3975,0.2825,0.3675,0.255,0.6025,0.105,0.335,0.255,0.1175,0.21,0.075,0.3625,0.3375,0.3625,0.22,0.2975,0.2475,0.08,0.065,0.2
51-8011.00,0.88,0.88,0.8775,0.76,0.59,0.5325,0.8225,0.9325,0.735,0.795,0.395,0.815,0.34,0.4875,0.645,0.3225,0.235,0.785,0.3025,0.66,0.2575,0.2925,0.315,0.8475,0.5675,0.8325,0.375,0.5725,0.235,0.1025,0.325,0.135,0.63,0.5075,0.6275,0.5125,0.5225,0.42,0.62,0.125,0.2325
51-8012.00,0.93,0.875,0.8975,0.525,0.6225,0.4575,0.8175,0.87,0.8275,0.9325,0.475,0.72,0.395,0.57,0.685,0.1225,0.1025,0.4325,0.1,0.8675,0.2225,0.095,0.2625,0.815,0.565,0.835,0.7775,0.545,0.275,0.0975,0.385,0.335,0.6125,0.2975,0.57,0.34,0.345,0.3975,0.535,0.1275,0.5875
51-8013.00,0.7225,0.7175,0.645,0.6425,0.52,0.5175,0.64,0.6425,0.515,0.7025,0.575,0.4925,0.3975,0.4775,0.52,0.55,0.5225,0.7825,0.6425,0.5575,0.285,0.755,0.545,0.6325,0.495,0.6975,0.2875,0.595,0.47,0.2675,0.36,0.185,0.44,0.4725,0.64,0.475,0.515,0.3525,0.33,0.165,0.545
51-8021.00,0.7625,0.7675,0.76,0.8625,0.635,0.6775,0.75,0.69,0.6425,0.82,0.6575,0.72,0.61,0.6275,0.72,0.6625,0.655,0.795,0.6675,0.6675,0.4575,0.8525,0.55,0.7125,0.53,0.755,0.4375,0.565,0.535,0.3025,0.52,0.325,0.6575,0.6325,0.6575,0.465,0.63,0.4375,0.385,0.34,0.455
51-8031.00,0.75,0.845,0.78,0.8025,0.5625,0.595,0.7925,0.865,0.77,0.7825,0.48,0.6675,0.5725,0.62,0.6675,0.5825,0.5425,0.7075,0.7725,0.635,0.4175,0.73,0.635,0.8325,0.5725,0.75,0.5625,0.555,0.385,0.27,0.4575,0.5875,0.555,0.53,0.7075,0.5625,0.595,0.5625,0.5325,0.4575,0.635
51-8091.00,0.905,0.8875,0.84,0.71,0.495,0.365,0.53,0.76,0.52,0.7075,0.1825,0.5375,0.145,0.2175,0.3325,0.645,0.63,0.7975,0.3475,0.65,0.11,0.5225,0.2175,0.645,0.5425,0.6775,0.0975,0.4625,0.22,0.13,0.2825,0.0825,0.4975,0.3575,0.76,0.32,0.3575,0.32,0.345,0.0825,0.3075
51-8092.00,0.825,0.835,0.835,0.7675,0.635,0.5875,0.7125,0.7825,0.7125,0.8325,0.5,0.7275,0.505,0.515,0.585,0.5125,0.45,0.7325,0.5225,0.6525,0.4725,0.5925,0.605,0.7625,0.585,0.745,0.4225,0.525,0.4375,0.215,0.325,0.2325,0.505,0.3825,0.6225,0.4075,0.4575,0.5425,0.4625,0.2275,0.545
51-8093.00,0.72,0.7875,0.7725,0.81,0.5925,0.535,0.57,0.6,0.4975,0.6575,0.3225,0.53,0.28,0.3775,0.6,0.7325,0.6325,0.775,0.5975,0.4525,0.23,0.5475,0.34,0.65,0.4375,0.7525,0.345,0.6,0.3175,0.2125,0.27,0.08,0.4975,0.48,0.5175,0.3575,0.5275,0.375,0.2675,0.1,0.215
51-9011.00,0.8325,0.8625,0.76,0.8025,0.6075,0.5125,0.675,0.705,0.6675,0.8125,0.3975,0.59,0.3475,0.3975,0.595,0.6625,0.6525,0.8,0.675,0.615,0.28,0.48,0.4,0.7225,0.68,0.7825,0.3375,0.7175,0.5175,0.2525,0.435,0.2075,0.6125,0.6,0.7175,0.495,0.595,0.5125,0.46,0.275,0.435
51-9012.00,0.7325,0.74,0.7375,0.715,0.405,0.475,0.5725,0.6125,0.51,0.6525,0.4525,0.4675,0.315,0.3175,0.465,0.625,0.6525,0.6625,0.4925,0.545,0.135,0.49,0.35,0.5425,0.36,0.73,0.145,0.385,0.3025,0.1725,0.3375,0.135,0.42,0.285,0.5275,0.295,0.405,0.2925,0.31,0.2375,0.38
51-9021.00,0.6925,0.7425,0.59,0.6425,0.45,0.4,0.545,0.59,0.405,0.595,0.265,0.5425,0.2725,0.37,0.5375,0.56,0.6575,0.6825,0.4875,0.505,0.15,0.47,0.305,0.62,0.45,0.7025,0.125,0.525,0.405,0.125,0.2825,0.04,0.425,0.4025,0.4675,0.235,0.37,0.41,0.3925,0.125,0.405
51-9022.00,0.8225,0.885,0.7425,0.9075,0.7275,0.65,0.7275,0.7425,0.5725,0.95,0.95,0.805,0.7225,0.65,0.7925,0.975,0.97,0.9675,0.805,0.555,0.6425,0.865,0.335,0.42,0.7175,0.81,0.4,0.7975,0.57,0.3325,0.5725,0.255,0.5,0.34,0.6475,0.3375,0.7125,0.78,0.325,0.255,0.63
51-9023.00,0.8525,0.785,0.615,0.655,0.42,0.39,0.4525,0.6025,0.3775,0.6,0.415,0.465,0.3375,0.4525,0.625,0.805,0.785,0.8275,0.74,0.385,0.32,0.6625,0.3975,0.7225,0.5075,0.765,0.2625,0.56,0.4725,0.2225,0.3125,0.2175,0.5225,0.505,0.6875,0.495,0.5425,0.3675,0.27,0.2625,0.255
51-9031.00,0.5825,0.535,0.5425,0.5375,0.65,0.555,0.5325,0.5,0.415,0.4775,0.3525,0.4125,0.44,0.2925,0.5375,0.6325,0.6675,0.5425,0.3425,0.2525,0.2725,0.345,0.34,0.385,0.2925,0.6075,0.2325,0.56,0.4425,0.3,0.365,0.22,0.46,0.4075,0.485,0.3225,0.45,0.455,0.5175,0.395,0.2625
51-9032.00,0.6725,0.7325,0.645,0.725,0.5525,0.5575,0.6075,0.6025,0.53,0.6575,0.435,0.4625,0.455,0.41,0.46,0.7275,0.79,0.795,0.6,0.4575,0.2825,0.51,0.39,0.58,0.47,0.675,0.21,0.5275,0.485,0.2725,0.5175,0.235,0.5525,0.485,0.65,0.5075,0.56,0.555,0.4175,0.36,0.42
51-9041.00,0.7725,0.7725,0.7325,0.77,0.5025,0.5675,0.715,0.5875,0.54,0.73,0.465,0.59,0.345,0.4175,0.475,0.71,0.7125,0.855,0.4125,0.665,0.2975,0.61,0.5125,0.7175,0.5025,0.7475,0.14,0.5025,0.405,0.2175,0.3375,0.125,0.4525,0.415,0.605,0.4425,0.45,0.4,0.3825,0.17,0.2325
51-9051.00,0.7825,0.7925,0.815,0.82,0.485,0.7275,0.6975,0.5475,0.61,0.77,0.3975,0.655,0.4175,0.4225,0.5675,0.7225,0.7975,0.835,0.6825,0.4475,0.165,0.4525,0.3625,0.6075,0.4125,0.765,0.1475,0.49,0.4325,0.195,0.385,0.115,0.5325,0.395,0.515,0.4325,0.405,0.2375,0.1575,0.14,0.315
51-9061.00,0.7725,0.8425,0.82,0.8325,0.575,0.6925,0.6525,0.725,0.595,0.7475,0.4675,0.675,0.3675,0.3925,0.595,0.6375,0.675,0.5775,0.4425,0.5725,0.3775,0.3325,0.4075,0.8125,0.39,0.8125,0.34,0.49,0.4525,0.355,0.4475,0.2375,0.33,0.4725,0.5,0.385,0.47,0.3575,0.545,0.205,0.27
51-9071.00,0.725,0.685,0.6925,0.69,0.5725,0.6175,0.53,0.5125,0.425,0.7125,0.845,0.6025,0.515,0.5,0.645,0.3425,0.535,0.74,0.3125,0.47,0.4275,0.48,0.3325,0.535,0.4125,0.5925,0.485,0.685,0.385,0.5725,0.43,0.64,0.3825,0.4625,0.54,0.355,0.4425,0.42,0.42,0.215,0.5225
51-9071.06,0.5725,0.565,0.52,0.57,0.6875,0.675,0.4025,0.4575,0.31,0.6225,0.65,0.4925,0.3175,0.355,0.5125,0.285,0.5975,0.49,0.055,0.28,0.2225,0.385,0.1425,0.505,0.195,0.3675,0.4075,0.505,0.22,0.4825,0.2475,0.31,0.1975,0.1925,0.2725,0.1825,0.285,0.2325,0.3175,0.0925,0.505
51-9081.00,0.81,0.735,0.715,0.6725,0.5725,0.74,0.76,0.69,0.6625,0.775,0.835,0.755,0.6275,0.625,0.7475,0.3525,0.6175,0.6975,0.4125,0.485,0.45,0.4375,0.51,0.6425,0.605,0.6975,0.5475,0.6725,0.4525,0.4075,0.5125,0.2375,0.565,0.5525,0.6775,0.4875,0.5575,0.51,0.41,0.295,0.5175
51-9082.00,0.7625,0.6525,0.6575,0.7175,0.6475,0.5725,0.6,0.575,0.51,0.7175,0.645,0.575,0.4475,0.4975,0.6675,0.555,0.5725,0.61,0.2075,0.3975,0.3575,0.385,0.3225,0.555,0.5375,0.675,0.44,0.53,0.5775,0.2125,0.395,0.5325,0.5325,0.45,0.52,0.39,0.39,0.3975,0.2475,0.18,0.4325
51-9083.00,0.6775,0.5675,0.535,0.51,0.3825,0.5525,0.495,0.5225,0.47,0.5525,0.32,0.5725,0.295,0.41,0.535,0.335,0.6025,0.5975,0.125,0.585,0.2,0.34,0.425,0.495,0.4375,0.5125,0.26,0.5625,0.4525,0.2875,0.38,0.37,0.4275,0.3825,0.435,0.3475,0.3125,0.2825,0.4025,0.1675,0.26
51-9111.00,0.675,0.74,0.6975,0.705,0.52,0.605,0.6525,0.6625,0.6,0.66,0.555,0.5975,0.455,0.4875,0.5825,0.6175,0.6975,0.61,0.5825,0.4625,0.32,0.48,0.315,0.5275,0.4425,0.6575,0.295,0.4975,0.505,0.34,0.43,0.2275,0.5125,0.4075,0.6275,0.4675,0.495,0.425,0.3775,0.275,0.24
51-9123.00,0.635,0.64,0.7825,0.655,0.515,0.435,0.6325,0.59,0.325,0.5625,0.455,0.505,0.485,0.4975,0.48,0.485,0.7025,0.31,0.1025,0.1175,0.1075,0.265,0.125,0.2725,0.38,0.79,0.2925,0.4725,0.405,0.1,0.3175,0.3025,0.225,0.355,0.6025,0.245,0.4275,0.27,0.18,0.095,0.57
51-9124.00,0.8175,0.755,0.8025,0.7875,0.585,0.62,0.645,0.665,0.5625,0.68,0.3575,0.6,0.495,0.3925,0.6175,0.5175,0.64,0.6625,0.465,0.3975,0.35,0.605,0.4575,0.5175,0.455,0.55,0.2775,0.395,0.44,0.3225,0.4425,0.135,0.42,0.47,0.6,0.3575,0.46,0.435,0.3425,0.2725,0.51
51-9141.00,0.7525,0.7525,0.7,0.6575,0.505,0.675,0.55,0.6375,0.525,0.5725,0.485,0.635,0.3725,0.3975,0.695,0.77,0.795,0.8075,0.4225,0.6875,0.305,0.405,0.445,0.5125,0.4875,0.73,0.1625,0.6275,0.4975,0.27,0.26,0.2125,0.5525,0.5025,0.645,0.3825,0.5125,0.25,0.2225,0.235,0.2725
51-9151.00,0.7975,0.515,0.6325,0.6875,0.5325,0.56,0.4225,0.4,0.43,0.7325,0.6475,0.6725,0.4275,0.47,0.7225,0.3925,0.43,0.81,0.0175,0.8475,0.1825,0.6525,0.56,0.4375,0.3,0.545,0.5625,0.67,0.3325,0.54,0.47,0.7375,0.3375,0.24,0.535,0.3925,0.4225,0.41,0.4425,0.255,0.5
51-9161.00,0.7075,0.7675,0.7525,0.8225,0.57,0.6375,0.61,0.6925,0.5575,0.71,0.455,0.5725,0.4225,0.4625,0.665,0.5825,0.7075,0.9,0.4625,0.6975,0.5625,0.6525,0.54,0.5525,0.43,0.7125,0.2225,0.52,0.3025,0.175,0.455,0.1,0.3275,0.34,0.5525,0.4575,0.49,0.4475,0.2125,0.125,0.275
51-9162.00,0.76,0.7225,0.75,0.6975,0.56,0.5375,0.675,0.5925,0.5675,0.8075,0.68,0.705,0.5525,0.55,0.65,0.465,0.6325,0.7475,0.5675,0.9475,0.655,0.685,0.495,0.645,0.4775,0.715,0.4325,0.6425,0.395,0.24,0.28,0.25,0.385,0.3625,0.5525,0.3575,0.4175,0.4775,0.36,0.0775,0.315
51-9191.00,0.8,0.76,0.7775,0.84,0.615,0.75,0.5625,0.6175,0.395,0.62,0.3,0.48,0.37,0.39,0.67,0.7925,0.86,0.9,0.7475,0.46,0.1225,0.605,0.405,0.595,0.43,0.7225,0.0775,0.5125,0.34,0.1825,0.2425,0.0325,0.505,0.53,0.5875,0.305,0.3825,0.27,0.2675,0.14,0.1425
51-9192.00,0.8075,0.8075,0.6825,0.8525,0.5275,0.6425,0.7475,0.705,0.475,0.7825,0.33,0.595,0.32,0.435,0.595,0.76,0.7825,0.7625,0.675,0.605,0.1975,0.545,0.355,0.84,0.495,0.81,0.1675,0.7125,0.465,0.2925,0.5225,0.2325,0.4625,0.4575,0.575,0.33,0.42,0.3575,0.3875,0.245,0.3525
51-9193.00,0.795,0.7975,0.7025,0.8025,0.5575,0.6175,0.5475,0.7325,0.4125,0.7325,0.3975,0.595,0.445,0.465,0.6175,0.695,0.67,0.875,0.555,0.5925,0.395,0.665,0.5275,0.765,0.5475,0.7475,0.32,0.575,0.43,0.3225,0.42,0.255,0.43,0.45,0.675,0.4675,0.495,0.425,0.5025,0.27,0.4425
51-9194.00,0.785,0.6425,0.6725,0.5625,0.555,0.6525,0.61,0.5975,0.6075,0.615,0.63,0.5625,0.4,0.5425,0.6775,0.5625,0.6625,0.735,0.4325,0.61,0.51,0.655,0.345,0.54,0.4875,0.64,0.475,0.54,0.4875,0.34,0.3675,0.3325,0.3525,0.3675,0.5625,0.3675,0.425,0.345,0.2875,0.16,0.3175
51-9195.00,0.655,0.595,0.59,0.67,0.4725,0.5275,0.5375,0.6,0.43,0.5475,0.41,0.5525,0.34,0.385,0.585,0.7725,0.775,0.665,0.465,0.3475,0.345,0.445,0.3975,0.5525,0.49,0.7025,0.205,0.515,0.3925,0.2575,0.365,0.22,0.36,0.3575,0.455,0.3225,0.3625,0.3025,0.3225,0.1325,0.2525
51-9195.03,0.7875,0.7175,0.7025,0.7675,0.75,0.755,0.735,0.71,0.6825,0.8275,0.7625,0.7125,0.615,0.57,0.78,0.83,0.885,0.88,0.8725,0.6,0.655,0.68,0.5025,0.4675,0.6,0.8425,0.37,0.72,0.615,0.27,0.59,0.415,0.7875,0.64,0.785,0.6075,0.6575,0.53,0.295,0.44,0.565
51-9195.04,0.8475,0.6225,0.53,0.62,0.3775,0.355,0.4275,0.4975,0.42,0.5175,0.4525,0.4075,0.3475,0.225,0.2475,0.5625,0.6075,0.7675,0.38,0.4975,0.22,0.3975,0.1475,0.385,0.3325,0.635,0.07,0.24,0.2225,0.0775,0.1125,0.0525,0.17,0.14,0.3475,0.1825,0.23,0.225,0.1375,0.025,0.08
51-9195.05,0.5375,0.5975,0.4825,0.68,0.5275,0.46,0.3025,0.435,0.3675,0.59,0.78,0.3625,0.5,0.5575,0.645,0.73,0.8375,0.7575,0.425,0.28,0.115,0.5875,0.31,0.38,0.2075,0.3225,0.4675,0.5125,0.11,0.545,0.2375,0.5025,0.25,0.14,0.1925,0.18,0.2,0.11,0.3025,0.0325,0.5225
51-9196.00,0.75,0.795,0.6675,0.805,0.5675,0.6675,0.535,0.5525,0.3375,0.6675,0.5325,0.555,0.505,0.41,0.635,0.6475,0.8325,0.855,0.34,0.3325,0.3375,0.5725,0.3675,0.6475,0.5025,0.74,0.2675,0.7075,0.5675,0.2125,0.4125,0.1925,0.5175,0.625,0.6275,0.4775,0.56,0.46,0.4375,0.295,0.37
51-9197.00,0.7925,0.76,0.75,0.8425,0.5875,0.66,0.6,0.635,0.48,0.7,0.51,0.67,0.46,0.4975,0.7025,0.775,0.835,0.7975,0.605,0.495,0.24,0.5825,0.255,0.585,0.5175,0.7,0.2625,0.5525,0.395,0.3,0.46,0.365,0.51,0.5725,0.5125,0.4725,0.395,0.45,0.325,0.165,0.4275
51-9198.00,0.6575,0.62,0.675,0.63,0.4325,0.5675,0.57,0.5375,0.4275,0.5075,0.3325,0.4975,0.3625,0.3425,0.48,0.7575,0.79,0.745,0.525,0.405,0.39,0.58,0.3825,0.4275,0.44,0.6275,0.3175,0.515,0.4425,0.28,0.33,0.275,0.3475,0.3825,0.3975,0.3075,0.3625,0.3125,0.29,0.3325,0.32
53-1041.00,0.8475,0.73,0.745,0.7325,0.585,0.5925,0.6675,0.8,0.525,0.8025,0.5375,0.7675,0.4825,0.695,0.7475,0.625,0.76,0.64,0.74,0.715,0.2025,0.335,0.4025,0.65,0.545,0.84,0.645,0.6875,0.51,0.345,0.6125,0.66,0.7775,0.695,0.675,0.7625,0.67,0.395,0.6275,0.425,0.5525
53-1042.00,0.86,0.7425,0.72,0.655,0.585,0.735,0.605,0.6525,0.57,0.7375,0.55,0.7175,0.6,0.6275,0.7075,0.405,0.5325,0.4475,0.475,0.72,0.34,0.4725,0.38,0.65,0.6075,0.7875,0.5825,0.59,0.49,0.295,0.605,0.2575,0.5875,0.6775,0.67,0.665,0.71,0.47,0.5875,0.43,0.545
53-1043.00,0.93,0.7275,0.695,0.7425,0.47,0.745,0.6575,0.725,0.6725,0.79,0.6125,0.6925,0.58,0.665,0.7375,0.355,0.635,0.6025,0.655,0.74,0.1925,0.635,0.225,0.785,0.68,0.86,0.675,0.7225,0.5425,0.455,0.6625,0.5475,0.8525,0.8575,0.695,0.8325,0.7475,0.565,0.7225,0.595,0.475
53-2011.00,0.915,0.9275,0.97,0.9575,0.625,0.615,0.865,0.9225,0.7425,0.9325,0.41,0.8625,0.4275,0.3525,0.63,0.26,0.4325,0.825,0.9125,0.635,0.125,0.18,0.2875,0.63,0.6825,0.75,0.43,0.4725,0.3925,0.1325,0.5525,0.425,0.305,0.5225,0.4925,0.4475,0.5525,0.34,0.2425,0.1325,0.41
53-2012.00,0.8525,0.8825,0.925,0.9775,0.6975,0.77,0.9125,0.915,0.8975,0.9375,0.7375,0.775,0.8025,0.62,0.8425,0.6175,0.505,0.96,0.98,0.5175,0.3875,0.8375,0.74,0.855,0.6625,0.865,0.79,0.7175,0.525,0.31,0.5275,0.69,0.6225,0.665,0.7925,0.535,0.4475,0.445,0.4625,0.445,0.6225
53-2021.00,0.885,0.81,0.9,0.485,0.5825,0.435,0.795,0.7275,0.75,0.9625,0.73,0.7775,0.5225,0.3825,0.7275,0.12,0.19,0.3275,0.0675,0.615,0.13,0.04,0.1,0.58,0.5375,0.8025,0.5475,0.53,0.3025,0.125,0.4225,0.6575,0.4675,0.44,0.78,0.365,0.6475,0.3575,0.2475,0.1825,0.2175
53-2022.00,0.8275,0.8025,0.855,0.93,0.49,0.7,0.68,0.89,0.585,0.825,0.4825,0.8175,0.5325,0.55,0.7275,0.5275,0.5425,0.5875,0.9175,0.6925,0.225,0.3375,0.33,0.8275,0.5475,0.8475,0.65,0.6825,0.485,0.2775,0.6425,0.625,0.6675,0.6325,0.6825,0.575,0.6375,0.4875,0.635,0.5225,0.42
53-2031.00,0.815,0.76,0.7725,0.7225,0.48,0.6525,0.6325,0.745,0.4975,0.8125,0.465,0.6875,0.355,0.5875,0.6,0.7425,0.76,0.3175,0.1625,0.4525,0.0475,0.0925,0.085,0.4675,0.3925,0.585,0.4275,0.6275,0.765,0.3925,0.7625,0.9525,0.515,0.3525,0.425,0.3175,0.3,0.3,0.205,0.14,0.3075
53-3011.00,0.8225,0.6625,0.725,0.765,0.415,0.5875,0.6575,0.5975,0.495,0.59,0.6025,0.6725,0.4375,0.4575,0.5575,0.74,0.6575,0.5025,0.825,0.5225,0.2775,0.5625,0.515,0.8125,0.685,0.6325,0.4875,0.66,0.8525,0.3325,0.47,0.8025,0.3725,0.46,0.545,0.3325,0.4025,0.3875,0.375,0.345,0.52
53-3031.00,0.735,0.6575,0.6375,0.5,0.33,0.4675,0.5025,0.525,0.4325,0.4575,0.4675,0.4175,0.305,0.4575,0.67,0.84,0.8925,0.39,0.895,0.3525,0.0725,0.175,0.1025,0.56,0.3925,0.6825,0.505,0.45,0.2375,0.465,0.2775,0.73,0.275,0.3375,0.205,0.3125,0.23,0.2975,0.1975,0.085,0.215
53-3032.00,0.8225,0.72,0.7175,0.86,0.5275,0.4925,0.51,0.6675,0.37,0.5225,0.3725,0.4975,0.28,0.4025,0.485,0.615,0.535,0.4875,0.905,0.455,0.16,0.5775,0.235,0.57,0.2575,0.68,0.565,0.44,0.3075,0.18,0.3875,0.4625,0.2975,0.265,0.335,0.2475,0.305,0.23,0.22,0.155,0.265
53-3033.00,0.6875,0.685,0.7775,0.84,0.475,0.5525,0.655,0.6025,0.47,0.675,0.43,0.6625,0.52,0.5375,0.62,0.8475,0.885,0.575,0.8525,0.2925,0.435,0.645,0.27,0.6775,0.52,0.8025,0.5875,0.42,0.5625,0.435,0.57,0.59,0.3075,0.35,0.5175,0.4275,0.4575,0.4,0.2725,0.1475,0.3175
53-3051.00,0.73,0.7625,0.76,0.83,0.5175,0.5125,0.48,0.58,0.4225,0.69,0.4425,0.52,0.305,0.5775,0.505,0.3775,0.29,0.45,0.8025,0.2075,0.285,0.375,0.23,0.6275,0.38,0.635,0.24,0.6275,0.6825,0.0825,0.5175,0.4775,0.37,0.335,0.47,0.4425,0.29,0.31,0.1675,0.22,0.215
53-3052.00,0.7475,0.7075,0.71,0.7875,0.5125,0.505,0.5575,0.5725,0.4425,0.7125,0.3825,0.61,0.3725,0.405,0.41,0.4975,0.42,0.5175,0.9325,0.37,0.125,0.32,0.1825,0.58,0.4625,0.78,0.635,0.6025,0.63,0.18,0.5475,0.8,0.29,0.305,0.6325,0.25,0.4325,0.365,0.1875,0.105,0.1775
53-3053.00,0.86,0.7475,0.76,0.8,0.455,0.5475,0.46,0.7175,0.3975,0.67,0.4575,0.6575,0.45,0.5875,0.61,0.595,0.4125,0.3825,0.95,0.4575,0.29,0.545,0.36,0.705,0.32,0.8,0.535,0.5525,0.8375,0.2075,0.58,0.7225,0.4475,0.475,0.485,0.305,0.555,0.505,0.4675,0.265,0.3625
53-4011.00,0.83,0.79,0.875,0.8725,0.685,0.5125,0.7325,0.8075,0.6875,0.7225,0.4225,0.525,0.4825,0.4825,0.52,0.5775,0.655,0.9075,0.855,0.33,0.22,0.4675,0.4075,0.645,0.6,0.78,0.3325,0.495,0.3825,0.2675,0.3575,0.325,0.56,0.4075,0.6075,0.5125,0.515,0.34,0.2925,0.2425,0.37
53-4013.00,0.855,0.75,0.83,0.855,0.7025,0.625,0.645,0.835,0.5225,0.805,0.4925,0.6825,0.44,0.5225,0.64,0.675,0.765,0.855,0.8625,0.4475,0.2575,0.6325,0.3775,0.7725,0.545,0.7825,0.5175,0.6125,0.3625,0.295,0.455,0.415,0.69,0.53,0.585,0.5375,0.6825,0.57,0.43,0.2925,0.405
53-4022.00,0.8225,0.775,0.805,0.78,0.5625,0.495,0.5575,0.745,0.4375,0.655,0.3675,0.6925,0.3925,0.3825,0.525,0.6225,0.65,0.6775,0.6875,0.23,0.13,0.365,0.23,0.5625,0.525,0.6875,0.325,0.525,0.31,0.125,0.3125,0.3275,0.495,0.3875,0.5,0.3975,0.4775,0.3025,0.2525,0.0825,0.1925
53-4031.00,0.8425,0.6475,0.7425,0.795,0.41,0.39,0.4925,0.68,0.4425,0.555,0.29,0.6275,0.355,0.3775,0.6325,0.725,0.66,0.585,0.435,0.55,0.2175,0.19,0.13,0.7125,0.3975,0.745,0.3725,0.515,0.405,0.1275,0.3275,0.37,0.53,0.31,0.4575,0.3475,0.4,0.2875,0.3925,0.1875,0.2425
53-4041.00,0.8575,0.7075,0.88,0.7875,0.385,0.5125,0.5775,0.69,0.425,0.7325,0.2675,0.68,0.3025,0.345,0.4225,0.605,0.395,0.6725,0.9075,0.29,0.185,0.525,0.5425,0.5075,0.31,0.755,0.565,0.5,0.5225,0.12,0.4725,0.845,0.2675,0.1825,0.505,0.2925,0.455,0.2325,0.1975,0.2175,0.155
53-5011.00,0.8725,0.8975,0.8925,0.9375,0.7625,0.6075,0.7125,0.6325,0.68,0.81,0.6275,0.6225,0.445,0.515,0.525,0.7375,0.8075,0.865,0.7175,0.32,0.225,0.81,0.4075,0.5625,0.3675,0.73,0.435,0.4475,0.6175,0.16,0.5075,0.3375,0.4375,0.44,0.69,0.6525,0.5175,0.375,0.43,0.1175,0.3825
53-5021.00,0.7775,0.75,0.81,0.85,0.5875,0.64,0.63,0.6775,0.5525,0.8,0.5625,0.7125,0.5,0.565,0.615,0.675,0.6625,0.7775,0.8875,0.4625,0.2975,0.6575,0.4975,0.625,0.5025,0.7075,0.59,0.6375,0.5075,0.3675,0.5125,0.4525,0.6,0.545,0.6625,0.62,0.6025,0.47,0.46,0.23,0.415
53-5022.00,0.6225,0.75,0.83,0.7775,0.52,0.6425,0.5075,0.525,0.4025,0.705,0.42,0.34,0.3975,0.3175,0.3775,0.54,0.4425,0.75,0.895,0.345,0.33,0.675,0.5225,0.6675,0.455,0.73,0.635,0.5525,0.3425,0.1525,0.54,0.6,0.525,0.4475,0.5575,0.4575,0.365,0.26,0.2975,0.19,0.255
53-5031.00,0.815,0.82,0.8975,0.815,0.5625,0.6625,0.7175,0.7575,0.71,0.8675,0.555,0.655,0.5475,0.695,0.735,0.69,0.715,0.835,0.7925,0.4475,0.5,0.915,0.7075,0.6125,0.59,0.7425,0.5525,0.6725,0.5525,0.29,0.515,0.4225,0.56,0.455,0.65,0.5325,0.495,0.5175,0.4225,0.3075,0.485
53-6011.00,0.685,0.605,0.4725,0.6325,0.2375,0.265,0.5,0.565,0.33,0.5525,0.21,0.5,0.25,0.3675,0.395,0.46,0.3825,0.7775,0.4875,0.4075,0.17,0.3425,0.33,0.7225,0.2625,0.75,0.46,0.5125,0.3825,0.1325,0.4075,0.5925,0.4475,0.355,0.6575,0.3425,0.54,0.3825,0.54,0.2225,0.2775
53-6021.00,0.585,0.4125,0.5425,0.5325,0.46,0.41,0.385,0.4325,0.27,0.515,0.305,0.36,0.2375,0.245,0.49,0.44,0.5325,0.4625,0.57,0.29,0.105,0.1775,0.1775,0.5475,0.445,0.6375,0.535,0.62,0.495,0.2225,0.35,0.7025,0.4225,0.285,0.395,0.29,0.2875,0.23,0.345,0.1775,0.1925
53-6031.00,0.805,0.58,0.66,0.64,0.55,0.5075,0.625,0.5675,0.5625,0.7175,0.5075,0.65,0.5125,0.5175,0.52,0.6475,0.685,0.765,0.715,0.3525,0.33,0.56,0.4575,0.5325,0.4125,0.61,0.71,0.525,0.4225,0.46,0.3825,0.705,0.4025,0.2925,0.47,0.3825,0.435,0.3875,0.3475,0.345,0.3325
53-6041.00,0.8275,0.67,0.685,0.5875,0.465,0.425,0.72,0.6325,0.665,0.725,0.515,0.65,0.4825,0.525,0.635,0.5825,0.555,0.5275,0.6175,0.745,0.44,0.3425,0.47,0.6875,0.5275,0.705,0.6275,0.5725,0.2225,0.2,0.4725,0.5675,0.5225,0.3825,0.39,0.3925,0.27,0.465,0.445,0.1925,0.2825
53-6051.00,0.935,0.755,0.825,0.79,0.735,0.6825,0.6725,0.7975,0.6525,0.775,0.4875,0.7025,0.3375,0.66,0.7225,0.68,0.3675,0.24,0.48,0.5175,0.2225,0.1725,0.26,0.7625,0.68,0.78,0.685,0.59,0.29,0.3475,0.5475,0.3525,0.36,0.2725,0.53,0.3025,0.3075,0.5225,0.3775,0.1,0.36
53-6051.01,0.87,0.7775,0.9,0.9775,0.595,0.6775,0.6975,0.9875,0.5775,0.815,0.745,0.875,0.5475,0.715,0.775,0.445,0.5225,0.41,0.6675,0.8825,0.3275,0.5625,0.5,0.92,0.7775,0.7575,0.68,0.7625,0.41,0.395,0.6375,0.56,0.525,0.4975,0.715,0.385,0.585,0.5875,0.695,0.36,0.3775
53-6051.07,0.7275,0.3475,0.59,0.755,0.265,0.405,0.38,0.6675,0.3625,0.6075,0.2675,0.475,0.17,0.1775,0.345,0.6525,0.525,0.5075,0.6575,0.2975,0.3225,0.5825,0.2525,0.535,0.3775,0.605,0.22,0.4825,0.1,0.085,0.2075,0.13,0.245,0.3175,0.2025,0.1625,0.2225,0.295,0.1575,0.04,0.1725
53-6061.00,0.705,0.4175,0.5575,0.4,0.2025,0.2475,0.3275,0.2275,0.2675,0.525,0.2875,0.3625,0.2175,0.2075,0.445,0.4,0.335,0.1725,0.3125,0.0975,0.0925,0.2075,0.2025,0.1975,0.1575,0.59,0.2975,0.7025,0.695,0.19,0.6825,0.4375,0.27,0.4525,0.335,0.37,0.33,0.21,0.2175,0.1175,0.2175
53-7011.00,0.8025,0.7925,0.8025,0.795,0.6025,0.5975,0.5425,0.6225,0.48,0.6425,0.5075,0.4925,0.44,0.47,0.6525,0.71,0.7225,0.7875,0.69,0.41,0.32,0.5075,0.355,0.4975,0.4325,0.7275,0.4375,0.6025,0.5275,0.29,0.4225,0.2925,0.5525,0.47,0.5175,0.405,0.445,0.445,0.3875,0.275,0.33
53-7021.00,0.7425,0.7025,0.735,0.81,0.595,0.5675,0.55,0.6675,0.4975,0.7375,0.51,0.64,0.455,0.4725,0.54,0.63,0.75,0.8175,0.8125,0.3725,0.3875,0.725,0.3625,0.4575,0.5075,0.7175,0.41,0.5375,0.3125,0.2975,0.355,0.34,0.63,0.5475,0.4375,0.41,0.4575,0.365,0.285,0.1325,0.33
53-7031.00,0.68,0.6875,0.565,0.7425,0.4025,0.4125,0.405,0.6175,0.3875,0.6525,0.425,0.5425,0.405,0.2,0.4425,0.635,0.735,0.8075,0.5525,0.1425,0.1575,0.69,0.19,0.4975,0.5125,0.66,0.355,0.5975,0.3125,0.24,0.2525,0.295,0.49,0.435,0.455,0.4175,0.425,0.2875,0.24,0.1925,0.32
53-7041.00,0.7825,0.7725,0.705,0.735,0.5,0.6475,0.625,0.4425,0.4375,0.6625,0.3725,0.4775,0.5475,0.33,0.73,0.49,0.785,0.775,0.78,0.33,0.3725,0.81,0.4075,0.555,0.63,0.7675,0.1325,0.45,0.4775,0.2025,0.3675,0.165,0.4375,0.4975,0.655,0.6625,0.44,0.275,0.12,0.095,0.47
53-7051.00,0.7075,0.6925,0.7975,0.86,0.5225,0.6,0.5625,0.6775,0.53,0.7625,0.5325,0.57,0.3925,0.675,0.7475,0.785,0.85,0.6325,0.8825,0.57,0.3475,0.57,0.435,0.66,0.51,0.6875,0.4175,0.5675,0.4725,0.5225,0.475,0.37,0.56,0.47,0.5925,0.485,0.615,0.48,0.445,0.445,0.485
53-7061.00,0.6325,0.5575,0.565,0.65,0.4125,0.4275,0.575,0.46,0.445,0.645,0.4725,0.4925,0.46,0.5425,0.545,0.7175,0.7025,0.51,0.63,0.38,0.3075,0.4525,0.4325,0.5175,0.43,0.655,0.4875,0.6075,0.5225,0.37,0.46,0.545,0.44,0.5625,0.6025,0.5225,0.54,0.4625,0.445,0.42,0.4625
53-7062.00,0.7725,0.465,0.71,0.7875,0.5625,0.4175,0.4675,0.6,0.34,0.45,0.4075,0.4525,0.4525,0.405,0.7075,0.725,0.735,0.345,0.52,0.2075,0.0825,0.1625,0.105,0.365,0.485,0.7,0.2375,0.31,0.535,0.4075,0.4525,0.28,0.46,0.585,0.665,0.43,0.665,0.235,0.1625,0.1925,0.2725
53-7063.00,0.62,0.555,0.575,0.585,0.475,0.4275,0.4325,0.49,0.2775,0.4775,0.2575,0.3475,0.205,0.2625,0.365,0.6075,0.7575,0.7175,0.34,0.325,0.15,0.3925,0.19,0.4975,0.275,0.565,0.1175,0.475,0.36,0.0975,0.2475,0.085,0.3275,0.3575,0.4025,0.21,0.3275,0.2775,0.23,0.1075,0.19
53-7064.00,0.91,0.8,0.8,0.815,0.625,0.57,0.4925,0.5425,0.5925,0.6725,0.4325,0.605,0.475,0.4325,0.5625,0.6125,0.8325,0.555,0.3775,0.4375,0.4425,0.53,0.425,0.46,0.4925,0.6575,0.375,0.6325,0.5875,0.3525,0.4725,0.3275,0.545,0.5525,0.645,0.4725,0.61,0.4075,0.3975,0.3225,0.39
53-7065.00,0.6975,0.5075,0.61,0.425,0.3875,0.4825,0.49,0.375,0.4125,0.53,0.4,0.48,0.295,0.3075,0.5775,0.6825,0.7075,0.4275,0.3875,0.5125,0.1175,0.2,0.19,0.5,0.3325,0.7025,0.4825,0.5975,0.445,0.41,0.3975,0.58,0.46,0.4875,0.4875,0.375,0.4325,0.275,0.3575,0.1725,0.36
53-7071.00,0.845,0.8075,0.835,0.795,0.59,0.66,0.725,0.8025,0.67,0.82,0.53,0.7625,0.51,0.3775,0.665,0.7475,0.69,0.85,0.81,0.7125,0.345,0.8675,0.705,0.87,0.4425,0.775,0.51,0.37,0.385,0.225,0.4,0.335,0.51,0.5025,0.6825,0.57,0.495,0.355,0.4375,0.21,0.4975
53-7072.00,0.8075,0.8675,0.9025,0.975,0.7275,0.655,0.7275,0.695,0.74,0.775,0.6025,0.7475,0.645,0.61,0.7625,0.71,0.6525,0.715,0.825,0.4225,0.5375,0.805,0.5425,0.735,0.655,0.85,0.435,0.5,0.5225,0.2875,0.5475,0.2,0.4125,0.455,0.5375,0.42,0.465,0.445,0.38,0.295,0.505
53-7073.00,0.635,0.7775,0.765,0.835,0.6725,0.5,0.6975,0.6675,0.675,0.7425,0.585,0.5775,0.4675,0.5775,0.7075,0.7075,0.5625,0.775,0.78,0.6325,0.3375,0.725,0.435,0.82,0.51,0.7725,0.43,0.595,0.51,0.3025,0.445,0.3675,0.46,0.56,0.62,0.47,0.54,0.4525,0.3825,0.235,0.5475
53-7081.00,0.5425,0.5325,0.38,0.595,0.23,0.32,0.2,0.5025,0.1525,0.3625,0.1425,0.2925,0.145,0.1775,0.3125,0.675,0.665,0.5375,0.8325,0.1375,0.1125,0.4875,0.0525,0.305,0.09,0.565,0.3475,0.39,0.1725,0.005,0.1225,0.3325,0.2875,0.345,0.1725,0.23,0.275,0.18,0.18,0,0.0975
53-7121.00,0.85,0.905,0.7475,0.89,0.6975,0.745,0.82,0.79,0.7125,0.81,0.61,0.71,0.55,0.6375,0.7075,0.78,0.7825,0.7125,0.7875,0.455,0.275,0.635,0.3725,0.81,0.5725,0.815,0.4025,0.5175,0.4675,0.2475,0.4775,0.23,0.5725,0.4825,0.6125,0.4775,0.5175,0.43,0.385,0.2325,0.39
